[2026-05-25T09:53:55.878Z] [INFO] Opening database at: C:\Users\surya\AppData\Roaming\pharma-vault\medileader.db
[2026-05-25T09:53:55.894Z] [DEBUG] PRAGMA journal_mode = WAL
[2026-05-25T09:53:55.902Z] [DEBUG] PRAGMA foreign_keys = ON
[2026-05-25T09:53:55.904Z] [DEBUG] PRAGMA synchronous = NORMAL
[2026-05-25T09:53:55.905Z] [DEBUG] PRAGMA temp_store = MEMORY
[2026-05-25T09:53:55.906Z] [DEBUG] PRAGMA mmap_size = 268435456
[2026-05-25T09:53:55.907Z] [DEBUG] PRAGMA cache_size = -32000
[2026-05-25T09:53:55.909Z] [DEBUG] PRAGMA journal_mode = WAL;
[2026-05-25T09:53:55.910Z] [DEBUG] PRAGMA foreign_keys = ON;
[2026-05-25T09:53:55.912Z] [DEBUG] PRAGMA synchronous = NORMAL;
[2026-05-25T09:53:55.914Z] [DEBUG] PRAGMA temp_store = MEMORY;
[2026-05-25T09:53:55.915Z] [DEBUG] CREATE TABLE IF NOT EXISTS schema_migrations (
      id INTEGER PRIMARY KEY AUTOINCREMENT,
      version TEXT NOT NULL UNIQUE,
      applied_at TEXT NOT NULL DEFAULT (datetime('now','localtime'))
    );
[2026-05-25T09:53:55.923Z] [DEBUG] CREATE TABLE IF NOT EXISTS users (
      id INTEGER PRIMARY KEY AUTOINCREMENT,
      email TEXT NOT NULL UNIQUE COLLATE NOCASE,
      name TEXT NOT NULL DEFAULT '',
      password_hash TEXT NOT NULL,
      role TEXT NOT NULL DEFAULT 'cashier' CHECK(role IN ('admin','manager','cashier')),
      phone TEXT,
      is_active INTEGER NOT NULL DEFAULT 1 CHECK(is_active IN (0,1)),
      created_at TEXT NOT NULL DEFAULT (datetime('now','localtime')),
      updated_at TEXT NOT NULL DEFAULT (datetime('now','localtime'))
    );
[2026-05-25T09:53:55.925Z] [DEBUG] CREATE TABLE IF NOT EXISTS medicines (
      id INTEGER PRIMARY KEY AUTOINCREMENT,
      name TEXT NOT NULL,
      generic_name TEXT,
      hsn_code TEXT NOT NULL DEFAULT '',
      gst_rate REAL NOT NULL DEFAULT 12 CHECK(gst_rate IN (0,5,12,18)),
      unit TEXT NOT NULL DEFAULT 'strip',
      mrp REAL NOT NULL DEFAULT 0,
      cost REAL NOT NULL DEFAULT 0,
      barcode TEXT,
      manufacturer TEXT,
      schedule TEXT NOT NULL DEFAULT 'OTC' CHECK(schedule IN ('OTC','H','H1','X','G')),
      category TEXT,
      is_active INTEGER NOT NULL DEFAULT 1 CHECK(is_active IN (0,1)),
      sync_id TEXT UNIQUE,
      created_at TEXT NOT NULL DEFAULT (datetime('now','localtime')),
      updated_at TEXT NOT NULL DEFAULT (datetime('now','localtime'))
    );
[2026-05-25T09:53:55.927Z] [DEBUG] CREATE TABLE IF NOT EXISTS batches (
      id INTEGER PRIMARY KEY AUTOINCREMENT,
      medicine_id INTEGER NOT NULL REFERENCES medicines(id) ON DELETE RESTRICT,
      batch_number TEXT NOT NULL,
      expiry_date TEXT NOT NULL,
      purchase_price REAL NOT NULL DEFAULT 0,
      mrp REAL NOT NULL DEFAULT 0,
      quantity INTEGER NOT NULL DEFAULT 0 CHECK(quantity >= 0),
      reorder_level INTEGER NOT NULL DEFAULT 10,
      sync_id TEXT UNIQUE,
      created_at TEXT NOT NULL DEFAULT (datetime('now','localtime')),
      updated_at TEXT NOT NULL DEFAULT (datetime('now','localtime')),
      UNIQUE(medicine_id, batch_number)
    );
[2026-05-25T09:53:55.929Z] [DEBUG] CREATE TABLE IF NOT EXISTS stock_movements (
      id INTEGER PRIMARY KEY AUTOINCREMENT,
      batch_id INTEGER NOT NULL REFERENCES batches(id) ON DELETE RESTRICT,
      medicine_id INTEGER NOT NULL REFERENCES medicines(id) ON DELETE RESTRICT,
      movement_type TEXT NOT NULL,
      quantity INTEGER NOT NULL,
      balance_after INTEGER NOT NULL,
      reference_type TEXT,
      reference_id INTEGER,
      reference_number TEXT,
      remarks TEXT,
      created_by INTEGER NOT NULL REFERENCES users(id),
      created_at TEXT NOT NULL DEFAULT (datetime('now','localtime'))
    );
[2026-05-25T09:53:55.931Z] [DEBUG] CREATE TABLE IF NOT EXISTS customers (
      id INTEGER PRIMARY KEY AUTOINCREMENT,
      name TEXT NOT NULL,
      phone TEXT,
      email TEXT,
      address TEXT,
      city TEXT,
      state TEXT DEFAULT 'Tamil Nadu',
      state_code TEXT DEFAULT '33',
      gst_number TEXT,
      credit_limit REAL NOT NULL DEFAULT 0,
      credit_used REAL NOT NULL DEFAULT 0,
      is_active INTEGER NOT NULL DEFAULT 1 CHECK(is_active IN (0,1)),
      sync_id TEXT UNIQUE,
      created_at TEXT NOT NULL DEFAULT (datetime('now','localtime')),
      updated_at TEXT NOT NULL DEFAULT (datetime('now','localtime'))
    );
[2026-05-25T09:53:55.935Z] [DEBUG] CREATE TABLE IF NOT EXISTS suppliers (
      id INTEGER PRIMARY KEY AUTOINCREMENT,
      name TEXT NOT NULL,
      phone TEXT,
      email TEXT,
      address TEXT,
      city TEXT,
      state TEXT DEFAULT 'Tamil Nadu',
      state_code TEXT DEFAULT '33',
      gstin TEXT,
      dl_number TEXT,
      dl_expiry TEXT,
      credit_days INTEGER NOT NULL DEFAULT 30,
      outstanding REAL NOT NULL DEFAULT 0,
      is_active INTEGER NOT NULL DEFAULT 1 CHECK(is_active IN (0,1)),
      sync_id TEXT UNIQUE,
      created_at TEXT NOT NULL DEFAULT (datetime('now','localtime')),
      updated_at TEXT NOT NULL DEFAULT (datetime('now','localtime'))
    );
[2026-05-25T09:53:55.937Z] [DEBUG] CREATE TABLE IF NOT EXISTS invoices (
      id INTEGER PRIMARY KEY AUTOINCREMENT,
      invoice_number TEXT NOT NULL UNIQUE,
      customer_id INTEGER REFERENCES customers(id) ON DELETE SET NULL,
      customer_name TEXT NOT NULL DEFAULT 'Walk-in',
      customer_gstin TEXT,
      customer_state_code TEXT DEFAULT '33',
      supply_type TEXT NOT NULL DEFAULT 'intrastate',
      invoice_date TEXT NOT NULL,
      due_date TEXT,
      subtotal REAL NOT NULL DEFAULT 0,
      discount_amount REAL NOT NULL DEFAULT 0,
      taxable_amount REAL NOT NULL DEFAULT 0,
      cgst_amount REAL NOT NULL DEFAULT 0,
      sgst_amount REAL NOT NULL DEFAULT 0,
      igst_amount REAL NOT NULL DEFAULT 0,
      total_gst REAL NOT NULL DEFAULT 0,
      round_off REAL NOT NULL DEFAULT 0,
      total_amount REAL NOT NULL DEFAULT 0,
      paid_amount REAL NOT NULL DEFAULT 0,
      payment_method TEXT NOT NULL DEFAULT 'cash',
      status TEXT NOT NULL DEFAULT 'paid',
      notes TEXT,
      created_by INTEGER NOT NULL REFERENCES users(id),
      sync_id TEXT UNIQUE,
      created_at TEXT NOT NULL DEFAULT (datetime('now','localtime')),
      updated_at TEXT NOT NULL DEFAULT (datetime('now','localtime'))
    );
[2026-05-25T09:53:55.938Z] [DEBUG] CREATE TABLE IF NOT EXISTS invoice_items (
      id INTEGER PRIMARY KEY AUTOINCREMENT,
      invoice_id INTEGER NOT NULL REFERENCES invoices(id) ON DELETE CASCADE,
      medicine_id INTEGER NOT NULL REFERENCES medicines(id) ON DELETE RESTRICT,
      medicine_name TEXT NOT NULL,
      batch_id INTEGER NOT NULL REFERENCES batches(id) ON DELETE RESTRICT,
      batch_number TEXT NOT NULL,
      hsn_code TEXT NOT NULL DEFAULT '',
      quantity INTEGER NOT NULL,
      unit TEXT NOT NULL DEFAULT 'strip',
      mrp REAL NOT NULL DEFAULT 0,
      unit_price REAL NOT NULL,
      discount_pct REAL NOT NULL DEFAULT 0,
      taxable_amount REAL NOT NULL DEFAULT 0,
      gst_rate REAL NOT NULL DEFAULT 12,
      cgst_rate REAL NOT NULL DEFAULT 6,
      sgst_rate REAL NOT NULL DEFAULT 6,
      igst_rate REAL NOT NULL DEFAULT 0,
      cgst_amount REAL NOT NULL DEFAULT 0,
      sgst_amount REAL NOT NULL DEFAULT 0,
      igst_amount REAL NOT NULL DEFAULT 0,
      total_amount REAL NOT NULL DEFAULT 0
    );
[2026-05-25T09:53:55.941Z] [DEBUG] CREATE TABLE IF NOT EXISTS returns (
      id INTEGER PRIMARY KEY AUTOINCREMENT,
      return_number TEXT NOT NULL UNIQUE,
      invoice_id INTEGER REFERENCES invoices(id) ON DELETE SET NULL,
      invoice_number TEXT,
      customer_id INTEGER REFERENCES customers(id) ON DELETE SET NULL,
      customer_name TEXT NOT NULL DEFAULT 'Walk-in',
      return_type TEXT NOT NULL DEFAULT 'customer_return',
      return_date TEXT NOT NULL,
      taxable_amount REAL NOT NULL DEFAULT 0,
      cgst_amount REAL NOT NULL DEFAULT 0,
      sgst_amount REAL NOT NULL DEFAULT 0,
      igst_amount REAL NOT NULL DEFAULT 0,
      total_gst REAL NOT NULL DEFAULT 0,
      total_amount REAL NOT NULL DEFAULT 0,
      credit_note_issued INTEGER NOT NULL DEFAULT 0,
      notes TEXT,
      created_by INTEGER NOT NULL REFERENCES users(id),
      created_at TEXT NOT NULL DEFAULT (datetime('now','localtime')),
      updated_at TEXT NOT NULL DEFAULT (datetime('now','localtime'))
    );
[2026-05-25T09:53:55.944Z] [DEBUG] CREATE TABLE IF NOT EXISTS return_items (
      id INTEGER PRIMARY KEY AUTOINCREMENT,
      return_id INTEGER NOT NULL REFERENCES returns(id) ON DELETE CASCADE,
      invoice_item_id INTEGER REFERENCES invoice_items(id) ON DELETE SET NULL,
      medicine_id INTEGER NOT NULL REFERENCES medicines(id) ON DELETE RESTRICT,
      medicine_name TEXT NOT NULL,
      batch_id INTEGER NOT NULL REFERENCES batches(id) ON DELETE RESTRICT,
      batch_number TEXT NOT NULL,
      hsn_code TEXT NOT NULL DEFAULT '',
      quantity INTEGER NOT NULL,
      unit_price REAL NOT NULL,
      discount_pct REAL NOT NULL DEFAULT 0,
      taxable_amount REAL NOT NULL DEFAULT 0,
      gst_rate REAL NOT NULL DEFAULT 12,
      cgst_rate REAL NOT NULL DEFAULT 6,
      sgst_rate REAL NOT NULL DEFAULT 6,
      igst_rate REAL NOT NULL DEFAULT 0,
      cgst_amount REAL NOT NULL DEFAULT 0,
      sgst_amount REAL NOT NULL DEFAULT 0,
      igst_amount REAL NOT NULL DEFAULT 0,
      total_amount REAL NOT NULL DEFAULT 0,
      reason TEXT
    );
[2026-05-25T09:53:55.945Z] [DEBUG] CREATE TABLE IF NOT EXISTS purchase_orders (
      id INTEGER PRIMARY KEY AUTOINCREMENT,
      po_number TEXT NOT NULL UNIQUE,
      supplier_id INTEGER NOT NULL REFERENCES suppliers(id) ON DELETE RESTRICT,
      supplier_name TEXT NOT NULL,
      supply_type TEXT NOT NULL DEFAULT 'intrastate',
      order_date TEXT NOT NULL,
      expected_delivery TEXT,
      taxable_amount REAL NOT NULL DEFAULT 0,
      cgst_amount REAL NOT NULL DEFAULT 0,
      sgst_amount REAL NOT NULL DEFAULT 0,
      igst_amount REAL NOT NULL DEFAULT 0,
      total_amount REAL NOT NULL DEFAULT 0,
      status TEXT NOT NULL DEFAULT 'draft',
      notes TEXT,
      created_by INTEGER NOT NULL REFERENCES users(id),
      sync_id TEXT UNIQUE,
      created_at TEXT NOT NULL DEFAULT (datetime('now','localtime')),
      updated_at TEXT NOT NULL DEFAULT (datetime('now','localtime'))
    );
[2026-05-25T09:53:55.948Z] [DEBUG] CREATE TABLE IF NOT EXISTS po_items (
      id INTEGER PRIMARY KEY AUTOINCREMENT,
      po_id INTEGER NOT NULL REFERENCES purchase_orders(id) ON DELETE CASCADE,
      medicine_id INTEGER NOT NULL REFERENCES medicines(id) ON DELETE RESTRICT,
      medicine_name TEXT NOT NULL,
      hsn_code TEXT NOT NULL DEFAULT '',
      ordered_qty INTEGER NOT NULL DEFAULT 0,
      received_qty INTEGER NOT NULL DEFAULT 0,
      free_qty INTEGER NOT NULL DEFAULT 0,
      unit_price REAL NOT NULL DEFAULT 0,
      gst_rate REAL NOT NULL DEFAULT 12,
      taxable_amount REAL NOT NULL DEFAULT 0,
      cgst_amount REAL NOT NULL DEFAULT 0,
      sgst_amount REAL NOT NULL DEFAULT 0,
      igst_amount REAL NOT NULL DEFAULT 0,
      total_amount REAL NOT NULL DEFAULT 0
    );
[2026-05-25T09:53:55.950Z] [DEBUG] CREATE TABLE IF NOT EXISTS purchase_receipts (
      id INTEGER PRIMARY KEY AUTOINCREMENT,
      receipt_number TEXT NOT NULL UNIQUE,
      po_id INTEGER NOT NULL REFERENCES purchase_orders(id) ON DELETE RESTRICT,
      po_number TEXT NOT NULL,
      supplier_id INTEGER NOT NULL REFERENCES suppliers(id) ON DELETE RESTRICT,
      supplier_name TEXT NOT NULL,
      supplier_invoice_number TEXT,
      receipt_date TEXT NOT NULL,
      taxable_amount REAL NOT NULL DEFAULT 0,
      cgst_amount REAL NOT NULL DEFAULT 0,
      sgst_amount REAL NOT NULL DEFAULT 0,
      igst_amount REAL NOT NULL DEFAULT 0,
      total_amount REAL NOT NULL DEFAULT 0,
      notes TEXT,
      created_by INTEGER NOT NULL REFERENCES users(id),
      created_at TEXT NOT NULL DEFAULT (datetime('now','localtime'))
    );
[2026-05-25T09:53:55.953Z] [DEBUG] CREATE TABLE IF NOT EXISTS receipt_items (
      id INTEGER PRIMARY KEY AUTOINCREMENT,
      receipt_id INTEGER NOT NULL REFERENCES purchase_receipts(id) ON DELETE CASCADE,
      po_item_id INTEGER NOT NULL REFERENCES po_items(id) ON DELETE RESTRICT,
      medicine_id INTEGER NOT NULL REFERENCES medicines(id) ON DELETE RESTRICT,
      medicine_name TEXT NOT NULL,
      batch_number TEXT NOT NULL,
      expiry_date TEXT NOT NULL,
      ordered_qty INTEGER NOT NULL DEFAULT 0,
      received_qty INTEGER NOT NULL DEFAULT 0,
      free_qty INTEGER NOT NULL DEFAULT 0,
      unit_price REAL NOT NULL DEFAULT 0,
      gst_rate REAL NOT NULL DEFAULT 12,
      taxable_amount REAL NOT NULL DEFAULT 0,
      cgst_amount REAL NOT NULL DEFAULT 0,
      sgst_amount REAL NOT NULL DEFAULT 0,
      igst_amount REAL NOT NULL DEFAULT 0,
      total_amount REAL NOT NULL DEFAULT 0,
      reorder_level INTEGER NOT NULL DEFAULT 10
    );
[2026-05-25T09:53:55.955Z] [DEBUG] CREATE TABLE IF NOT EXISTS supplier_payments (
      id INTEGER PRIMARY KEY AUTOINCREMENT,
      supplier_id INTEGER NOT NULL REFERENCES suppliers(id) ON DELETE RESTRICT,
      supplier_name TEXT NOT NULL,
      payment_date TEXT NOT NULL,
      amount REAL NOT NULL,
      method TEXT NOT NULL DEFAULT 'cash',
      reference TEXT,
      notes TEXT,
      created_by INTEGER NOT NULL REFERENCES users(id),
      created_at TEXT NOT NULL DEFAULT (datetime('now','localtime'))
    );
[2026-05-25T09:53:55.957Z] [DEBUG] CREATE TABLE IF NOT EXISTS customer_payments (
      id INTEGER PRIMARY KEY AUTOINCREMENT,
      customer_id INTEGER NOT NULL REFERENCES customers(id) ON DELETE RESTRICT,
      customer_name TEXT NOT NULL,
      invoice_id INTEGER REFERENCES invoices(id) ON DELETE SET NULL,
      payment_date TEXT NOT NULL,
      amount REAL NOT NULL,
      method TEXT NOT NULL DEFAULT 'cash',
      reference TEXT,
      notes TEXT,
      created_by INTEGER NOT NULL REFERENCES users(id),
      created_at TEXT NOT NULL DEFAULT (datetime('now','localtime'))
    );
[2026-05-25T09:53:55.959Z] [DEBUG] CREATE TABLE IF NOT EXISTS ledger_entries (
      id INTEGER PRIMARY KEY AUTOINCREMENT,
      entity_type TEXT NOT NULL CHECK(entity_type IN ('customer','supplier')),
      entity_id INTEGER NOT NULL,
      entry_date TEXT NOT NULL,
      reference_type TEXT NOT NULL,
      reference_id INTEGER NOT NULL,
      reference_number TEXT NOT NULL,
      debit REAL NOT NULL DEFAULT 0,
      credit REAL NOT NULL DEFAULT 0,
      balance REAL NOT NULL DEFAULT 0,
      narration TEXT NOT NULL DEFAULT '',
      created_at TEXT NOT NULL DEFAULT (datetime('now','localtime'))
    );
[2026-05-25T09:53:55.961Z] [DEBUG] CREATE TABLE IF NOT EXISTS gst_returns (
      id INTEGER PRIMARY KEY AUTOINCREMENT,
      return_type TEXT NOT NULL CHECK(return_type IN ('GSTR1','GSTR3B')),
      period TEXT NOT NULL,
      filed_at TEXT,
      data_json TEXT NOT NULL,
      status TEXT NOT NULL DEFAULT 'draft',
      created_by INTEGER NOT NULL REFERENCES users(id),
      created_at TEXT NOT NULL DEFAULT (datetime('now','localtime'))
    );
[2026-05-25T09:53:55.963Z] [DEBUG] CREATE TABLE IF NOT EXISTS settings (
      key TEXT NOT NULL PRIMARY KEY,
      value TEXT NOT NULL DEFAULT '',
      updated_at TEXT NOT NULL DEFAULT (datetime('now','localtime'))
    );
[2026-05-25T09:53:55.965Z] [DEBUG] CREATE TABLE IF NOT EXISTS sync_conflicts (
      id INTEGER PRIMARY KEY AUTOINCREMENT,
      entity_type TEXT NOT NULL,
      sync_id TEXT NOT NULL,
      local_data TEXT,
      remote_data TEXT,
      resolved INTEGER NOT NULL DEFAULT 0,
      created_at TEXT NOT NULL DEFAULT (datetime('now','localtime'))
    );
[2026-05-25T09:53:55.967Z] [DEBUG] CREATE TABLE IF NOT EXISTS audit_logs (
      id INTEGER PRIMARY KEY AUTOINCREMENT,
      table_name TEXT NOT NULL,
      record_id INTEGER NOT NULL,
      action TEXT NOT NULL CHECK(action IN ('INSERT','UPDATE','DELETE')),
      old_values TEXT,
      new_values TEXT,
      user_id INTEGER NOT NULL REFERENCES users(id),
      user_email TEXT NOT NULL,
      created_at TEXT NOT NULL DEFAULT (datetime('now','localtime'))
    );
[2026-05-25T09:53:55.969Z] [DEBUG] CREATE INDEX IF NOT EXISTS idx_medicines_name      ON medicines(name);
[2026-05-25T09:53:55.970Z] [DEBUG] CREATE INDEX IF NOT EXISTS idx_medicines_barcode   ON medicines(barcode);
[2026-05-25T09:53:55.973Z] [DEBUG] CREATE INDEX IF NOT EXISTS idx_batches_medicine    ON batches(medicine_id);
[2026-05-25T09:53:55.974Z] [DEBUG] CREATE INDEX IF NOT EXISTS idx_batches_expiry      ON batches(expiry_date);
[2026-05-25T09:53:55.976Z] [DEBUG] CREATE INDEX IF NOT EXISTS idx_invoices_date       ON invoices(invoice_date);
[2026-05-25T09:53:55.978Z] [DEBUG] CREATE INDEX IF NOT EXISTS idx_invoices_customer   ON invoices(customer_id);
[2026-05-25T09:53:55.979Z] [DEBUG] CREATE INDEX IF NOT EXISTS idx_inv_items_invoice   ON invoice_items(invoice_id);
[2026-05-25T09:53:55.981Z] [DEBUG] CREATE INDEX IF NOT EXISTS idx_returns_invoice     ON returns(invoice_id);
[2026-05-25T09:53:55.982Z] [DEBUG] CREATE INDEX IF NOT EXISTS idx_ledger_entity       ON ledger_entries(entity_type, entity_id);
[2026-05-25T09:53:55.984Z] [DEBUG] CREATE INDEX IF NOT EXISTS idx_stock_movements_batch ON stock_movements(batch_id);
[2026-05-25T09:53:55.985Z] [DEBUG] CREATE INDEX IF NOT EXISTS idx_audit_table         ON audit_logs(table_name, record_id);
[2026-05-25T09:53:55.987Z] [INFO] Embedded schema applied
[2026-05-25T09:53:55.988Z] [DEBUG] SELECT id FROM schema_migrations WHERE version = '001_initial_settings'
[2026-05-25T09:53:55.990Z] [DEBUG] BEGIN
[2026-05-25T09:53:55.993Z] [DEBUG] INSERT OR IGNORE INTO settings (key, value) VALUES
        ('pharmacy_name',       'My Pharmacy'),
        ('pharmacy_address',    ''),
        ('pharmacy_phone',      ''),
        ('pharmacy_email',      ''),
        ('pharmacy_gstin',      ''),
        ('pharmacy_state_code', '33'),
        ('pharmacy_dl_number',  ''),
        ('invoice_prefix',      'INV'),
        ('po_prefix',           'PO'),
        ('return_prefix',       'RET'),
        ('currency_symbol',     '₹'),
        ('language',            'en'),
        ('backend_url',         ''),
        ('auto_sync',           '0'),
        ('sync_interval',       '15'),
        ('last_sync_time',      ''),
        ('thermal_print_width', '80mm'),
        ('show_mrp_on_invoice', '1'),
        ('show_batch_on_invoice','1'),
        ('round_off_tax',       '1');
[2026-05-25T09:53:55.995Z] [DEBUG] INSERT INTO schema_migrations (version) VALUES ('001_initial_settings')
[2026-05-25T09:53:55.997Z] [DEBUG] COMMIT
[2026-05-25T09:53:55.998Z] [INFO] Migration applied: 001_initial_settings
[2026-05-25T09:53:55.999Z] [DEBUG] SELECT id FROM schema_migrations WHERE version = '002_soft_delete_medicines'
[2026-05-25T09:53:56.000Z] [DEBUG] BEGIN
[2026-05-25T09:53:56.001Z] [DEBUG] -- Ensure schedule column exists (handles upgrade from v1 schema)
      -- SQLite does not support IF NOT EXISTS for columns; we check via pragma
      SELECT 1;
[2026-05-25T09:53:56.003Z] [DEBUG] INSERT INTO schema_migrations (version) VALUES ('002_soft_delete_medicines')
[2026-05-25T09:53:56.004Z] [DEBUG] COMMIT
[2026-05-25T09:53:56.005Z] [INFO] Migration applied: 002_soft_delete_medicines
[2026-05-25T09:53:56.007Z] [DEBUG] SELECT id FROM schema_migrations WHERE version = '003_supplier_outstanding_index'
[2026-05-25T09:53:56.007Z] [DEBUG] BEGIN
[2026-05-25T09:53:56.008Z] [DEBUG] CREATE INDEX IF NOT EXISTS idx_suppliers_outstanding ON suppliers(outstanding);
[2026-05-25T09:53:56.010Z] [DEBUG] CREATE INDEX IF NOT EXISTS idx_batches_reorder      ON batches(quantity, reorder_level);
[2026-05-25T09:53:56.011Z] [DEBUG] INSERT INTO schema_migrations (version) VALUES ('003_supplier_outstanding_index')
[2026-05-25T09:53:56.012Z] [DEBUG] COMMIT
[2026-05-25T09:53:56.013Z] [INFO] Migration applied: 003_supplier_outstanding_index
[2026-05-25T09:53:56.014Z] [INFO] Database ready
[2026-05-25T09:53:56.016Z] [INFO] All IPC handlers registered
[2026-05-25T09:53:56.109Z] [DEBUG] SELECT value FROM settings WHERE key = 'sync_interval'
[2026-05-25T09:53:56.110Z] [INFO] MediLeader started
[2026-05-25T09:53:57.938Z] [ERROR] IPC auth:decrypt: require is not defined
[2026-05-25T10:08:56.125Z] [DEBUG] SELECT value FROM settings WHERE key = 'auto_sync'
[2026-05-25T10:23:56.134Z] [DEBUG] SELECT value FROM settings WHERE key = 'auto_sync'
[2026-05-25T10:38:56.146Z] [DEBUG] SELECT value FROM settings WHERE key = 'auto_sync'
[2026-05-25T10:53:56.151Z] [DEBUG] SELECT value FROM settings WHERE key = 'auto_sync'
[2026-05-25T11:08:56.155Z] [DEBUG] SELECT value FROM settings WHERE key = 'auto_sync'
[2026-05-25T11:23:56.173Z] [DEBUG] SELECT value FROM settings WHERE key = 'auto_sync'
[2026-05-25T11:26:57.354Z] [ERROR] IPC auth:decrypt: require is not defined
[2026-05-25T11:37:57.817Z] [INFO] Opening database at: C:\Users\surya\AppData\Roaming\pharma-vault\medileader.db
[2026-05-25T11:37:57.870Z] [DEBUG] PRAGMA journal_mode = WAL
[2026-05-25T11:37:57.872Z] [DEBUG] PRAGMA foreign_keys = ON
[2026-05-25T11:37:57.873Z] [DEBUG] PRAGMA synchronous = NORMAL
[2026-05-25T11:37:57.879Z] [DEBUG] PRAGMA temp_store = MEMORY
[2026-05-25T11:37:57.890Z] [DEBUG] PRAGMA mmap_size = 268435456
[2026-05-25T11:37:57.894Z] [DEBUG] PRAGMA cache_size = -32000
[2026-05-25T11:37:57.898Z] [DEBUG] PRAGMA journal_mode = WAL;
[2026-05-25T11:37:57.900Z] [DEBUG] PRAGMA foreign_keys = ON;
[2026-05-25T11:37:57.902Z] [DEBUG] PRAGMA synchronous = NORMAL;
[2026-05-25T11:37:57.910Z] [DEBUG] PRAGMA temp_store = MEMORY;
[2026-05-25T11:37:57.913Z] [DEBUG] CREATE TABLE IF NOT EXISTS schema_migrations (
      id INTEGER PRIMARY KEY AUTOINCREMENT,
      version TEXT NOT NULL UNIQUE,
      applied_at TEXT NOT NULL DEFAULT (datetime('now','localtime'))
    );
[2026-05-25T11:37:57.918Z] [DEBUG] CREATE TABLE IF NOT EXISTS users (
      id INTEGER PRIMARY KEY AUTOINCREMENT,
      email TEXT NOT NULL UNIQUE COLLATE NOCASE,
      name TEXT NOT NULL DEFAULT '',
      password_hash TEXT NOT NULL,
      role TEXT NOT NULL DEFAULT 'cashier' CHECK(role IN ('admin','manager','cashier')),
      phone TEXT,
      is_active INTEGER NOT NULL DEFAULT 1 CHECK(is_active IN (0,1)),
      created_at TEXT NOT NULL DEFAULT (datetime('now','localtime')),
      updated_at TEXT NOT NULL DEFAULT (datetime('now','localtime'))
    );
[2026-05-25T11:37:57.921Z] [DEBUG] CREATE TABLE IF NOT EXISTS medicines (
      id INTEGER PRIMARY KEY AUTOINCREMENT,
      name TEXT NOT NULL,
      generic_name TEXT,
      hsn_code TEXT NOT NULL DEFAULT '',
      gst_rate REAL NOT NULL DEFAULT 12 CHECK(gst_rate IN (0,5,12,18)),
      unit TEXT NOT NULL DEFAULT 'strip',
      mrp REAL NOT NULL DEFAULT 0,
      cost REAL NOT NULL DEFAULT 0,
      barcode TEXT,
      manufacturer TEXT,
      schedule TEXT NOT NULL DEFAULT 'OTC' CHECK(schedule IN ('OTC','H','H1','X','G')),
      category TEXT,
      is_active INTEGER NOT NULL DEFAULT 1 CHECK(is_active IN (0,1)),
      sync_id TEXT UNIQUE,
      created_at TEXT NOT NULL DEFAULT (datetime('now','localtime')),
      updated_at TEXT NOT NULL DEFAULT (datetime('now','localtime'))
    );
[2026-05-25T11:37:57.923Z] [DEBUG] CREATE TABLE IF NOT EXISTS batches (
      id INTEGER PRIMARY KEY AUTOINCREMENT,
      medicine_id INTEGER NOT NULL REFERENCES medicines(id) ON DELETE RESTRICT,
      batch_number TEXT NOT NULL,
      expiry_date TEXT NOT NULL,
      purchase_price REAL NOT NULL DEFAULT 0,
      mrp REAL NOT NULL DEFAULT 0,
      quantity INTEGER NOT NULL DEFAULT 0 CHECK(quantity >= 0),
      reorder_level INTEGER NOT NULL DEFAULT 10,
      sync_id TEXT UNIQUE,
      created_at TEXT NOT NULL DEFAULT (datetime('now','localtime')),
      updated_at TEXT NOT NULL DEFAULT (datetime('now','localtime')),
      UNIQUE(medicine_id, batch_number)
    );
[2026-05-25T11:37:57.929Z] [DEBUG] CREATE TABLE IF NOT EXISTS stock_movements (
      id INTEGER PRIMARY KEY AUTOINCREMENT,
      batch_id INTEGER NOT NULL REFERENCES batches(id) ON DELETE RESTRICT,
      medicine_id INTEGER NOT NULL REFERENCES medicines(id) ON DELETE RESTRICT,
      movement_type TEXT NOT NULL,
      quantity INTEGER NOT NULL,
      balance_after INTEGER NOT NULL,
      reference_type TEXT,
      reference_id INTEGER,
      reference_number TEXT,
      remarks TEXT,
      created_by INTEGER NOT NULL REFERENCES users(id),
      created_at TEXT NOT NULL DEFAULT (datetime('now','localtime'))
    );
[2026-05-25T11:37:57.933Z] [DEBUG] CREATE TABLE IF NOT EXISTS customers (
      id INTEGER PRIMARY KEY AUTOINCREMENT,
      name TEXT NOT NULL,
      phone TEXT,
      email TEXT,
      address TEXT,
      city TEXT,
      state TEXT DEFAULT 'Tamil Nadu',
      state_code TEXT DEFAULT '33',
      gst_number TEXT,
      credit_limit REAL NOT NULL DEFAULT 0,
      credit_used REAL NOT NULL DEFAULT 0,
      is_active INTEGER NOT NULL DEFAULT 1 CHECK(is_active IN (0,1)),
      sync_id TEXT UNIQUE,
      created_at TEXT NOT NULL DEFAULT (datetime('now','localtime')),
      updated_at TEXT NOT NULL DEFAULT (datetime('now','localtime'))
    );
[2026-05-25T11:37:57.941Z] [DEBUG] CREATE TABLE IF NOT EXISTS suppliers (
      id INTEGER PRIMARY KEY AUTOINCREMENT,
      name TEXT NOT NULL,
      phone TEXT,
      email TEXT,
      address TEXT,
      city TEXT,
      state TEXT DEFAULT 'Tamil Nadu',
      state_code TEXT DEFAULT '33',
      gstin TEXT,
      dl_number TEXT,
      dl_expiry TEXT,
      credit_days INTEGER NOT NULL DEFAULT 30,
      outstanding REAL NOT NULL DEFAULT 0,
      is_active INTEGER NOT NULL DEFAULT 1 CHECK(is_active IN (0,1)),
      sync_id TEXT UNIQUE,
      created_at TEXT NOT NULL DEFAULT (datetime('now','localtime')),
      updated_at TEXT NOT NULL DEFAULT (datetime('now','localtime'))
    );
[2026-05-25T11:37:57.943Z] [DEBUG] CREATE TABLE IF NOT EXISTS invoices (
      id INTEGER PRIMARY KEY AUTOINCREMENT,
      invoice_number TEXT NOT NULL UNIQUE,
      customer_id INTEGER REFERENCES customers(id) ON DELETE SET NULL,
      customer_name TEXT NOT NULL DEFAULT 'Walk-in',
      customer_gstin TEXT,
      customer_state_code TEXT DEFAULT '33',
      supply_type TEXT NOT NULL DEFAULT 'intrastate',
      invoice_date TEXT NOT NULL,
      due_date TEXT,
      subtotal REAL NOT NULL DEFAULT 0,
      discount_amount REAL NOT NULL DEFAULT 0,
      taxable_amount REAL NOT NULL DEFAULT 0,
      cgst_amount REAL NOT NULL DEFAULT 0,
      sgst_amount REAL NOT NULL DEFAULT 0,
      igst_amount REAL NOT NULL DEFAULT 0,
      total_gst REAL NOT NULL DEFAULT 0,
      round_off REAL NOT NULL DEFAULT 0,
      total_amount REAL NOT NULL DEFAULT 0,
      paid_amount REAL NOT NULL DEFAULT 0,
      payment_method TEXT NOT NULL DEFAULT 'cash',
      status TEXT NOT NULL DEFAULT 'paid',
      notes TEXT,
      created_by INTEGER NOT NULL REFERENCES users(id),
      sync_id TEXT UNIQUE,
      created_at TEXT NOT NULL DEFAULT (datetime('now','localtime')),
      updated_at TEXT NOT NULL DEFAULT (datetime('now','localtime'))
    );
[2026-05-25T11:37:57.947Z] [DEBUG] CREATE TABLE IF NOT EXISTS invoice_items (
      id INTEGER PRIMARY KEY AUTOINCREMENT,
      invoice_id INTEGER NOT NULL REFERENCES invoices(id) ON DELETE CASCADE,
      medicine_id INTEGER NOT NULL REFERENCES medicines(id) ON DELETE RESTRICT,
      medicine_name TEXT NOT NULL,
      batch_id INTEGER NOT NULL REFERENCES batches(id) ON DELETE RESTRICT,
      batch_number TEXT NOT NULL,
      hsn_code TEXT NOT NULL DEFAULT '',
      quantity INTEGER NOT NULL,
      unit TEXT NOT NULL DEFAULT 'strip',
      mrp REAL NOT NULL DEFAULT 0,
      unit_price REAL NOT NULL,
      discount_pct REAL NOT NULL DEFAULT 0,
      taxable_amount REAL NOT NULL DEFAULT 0,
      gst_rate REAL NOT NULL DEFAULT 12,
      cgst_rate REAL NOT NULL DEFAULT 6,
      sgst_rate REAL NOT NULL DEFAULT 6,
      igst_rate REAL NOT NULL DEFAULT 0,
      cgst_amount REAL NOT NULL DEFAULT 0,
      sgst_amount REAL NOT NULL DEFAULT 0,
      igst_amount REAL NOT NULL DEFAULT 0,
      total_amount REAL NOT NULL DEFAULT 0
    );
[2026-05-25T11:37:57.948Z] [DEBUG] CREATE TABLE IF NOT EXISTS returns (
      id INTEGER PRIMARY KEY AUTOINCREMENT,
      return_number TEXT NOT NULL UNIQUE,
      invoice_id INTEGER REFERENCES invoices(id) ON DELETE SET NULL,
      invoice_number TEXT,
      customer_id INTEGER REFERENCES customers(id) ON DELETE SET NULL,
      customer_name TEXT NOT NULL DEFAULT 'Walk-in',
      return_type TEXT NOT NULL DEFAULT 'customer_return',
      return_date TEXT NOT NULL,
      taxable_amount REAL NOT NULL DEFAULT 0,
      cgst_amount REAL NOT NULL DEFAULT 0,
      sgst_amount REAL NOT NULL DEFAULT 0,
      igst_amount REAL NOT NULL DEFAULT 0,
      total_gst REAL NOT NULL DEFAULT 0,
      total_amount REAL NOT NULL DEFAULT 0,
      credit_note_issued INTEGER NOT NULL DEFAULT 0,
      notes TEXT,
      created_by INTEGER NOT NULL REFERENCES users(id),
      created_at TEXT NOT NULL DEFAULT (datetime('now','localtime')),
      updated_at TEXT NOT NULL DEFAULT (datetime('now','localtime'))
    );
[2026-05-25T11:37:57.953Z] [DEBUG] CREATE TABLE IF NOT EXISTS return_items (
      id INTEGER PRIMARY KEY AUTOINCREMENT,
      return_id INTEGER NOT NULL REFERENCES returns(id) ON DELETE CASCADE,
      invoice_item_id INTEGER REFERENCES invoice_items(id) ON DELETE SET NULL,
      medicine_id INTEGER NOT NULL REFERENCES medicines(id) ON DELETE RESTRICT,
      medicine_name TEXT NOT NULL,
      batch_id INTEGER NOT NULL REFERENCES batches(id) ON DELETE RESTRICT,
      batch_number TEXT NOT NULL,
      hsn_code TEXT NOT NULL DEFAULT '',
      quantity INTEGER NOT NULL,
      unit_price REAL NOT NULL,
      discount_pct REAL NOT NULL DEFAULT 0,
      taxable_amount REAL NOT NULL DEFAULT 0,
      gst_rate REAL NOT NULL DEFAULT 12,
      cgst_rate REAL NOT NULL DEFAULT 6,
      sgst_rate REAL NOT NULL DEFAULT 6,
      igst_rate REAL NOT NULL DEFAULT 0,
      cgst_amount REAL NOT NULL DEFAULT 0,
      sgst_amount REAL NOT NULL DEFAULT 0,
      igst_amount REAL NOT NULL DEFAULT 0,
      total_amount REAL NOT NULL DEFAULT 0,
      reason TEXT
    );
[2026-05-25T11:37:57.955Z] [DEBUG] CREATE TABLE IF NOT EXISTS purchase_orders (
      id INTEGER PRIMARY KEY AUTOINCREMENT,
      po_number TEXT NOT NULL UNIQUE,
      supplier_id INTEGER NOT NULL REFERENCES suppliers(id) ON DELETE RESTRICT,
      supplier_name TEXT NOT NULL,
      supply_type TEXT NOT NULL DEFAULT 'intrastate',
      order_date TEXT NOT NULL,
      expected_delivery TEXT,
      taxable_amount REAL NOT NULL DEFAULT 0,
      cgst_amount REAL NOT NULL DEFAULT 0,
      sgst_amount REAL NOT NULL DEFAULT 0,
      igst_amount REAL NOT NULL DEFAULT 0,
      total_amount REAL NOT NULL DEFAULT 0,
      status TEXT NOT NULL DEFAULT 'draft',
      notes TEXT,
      created_by INTEGER NOT NULL REFERENCES users(id),
      sync_id TEXT UNIQUE,
      created_at TEXT NOT NULL DEFAULT (datetime('now','localtime')),
      updated_at TEXT NOT NULL DEFAULT (datetime('now','localtime'))
    );
[2026-05-25T11:37:57.956Z] [DEBUG] CREATE TABLE IF NOT EXISTS po_items (
      id INTEGER PRIMARY KEY AUTOINCREMENT,
      po_id INTEGER NOT NULL REFERENCES purchase_orders(id) ON DELETE CASCADE,
      medicine_id INTEGER NOT NULL REFERENCES medicines(id) ON DELETE RESTRICT,
      medicine_name TEXT NOT NULL,
      hsn_code TEXT NOT NULL DEFAULT '',
      ordered_qty INTEGER NOT NULL DEFAULT 0,
      received_qty INTEGER NOT NULL DEFAULT 0,
      free_qty INTEGER NOT NULL DEFAULT 0,
      unit_price REAL NOT NULL DEFAULT 0,
      gst_rate REAL NOT NULL DEFAULT 12,
      taxable_amount REAL NOT NULL DEFAULT 0,
      cgst_amount REAL NOT NULL DEFAULT 0,
      sgst_amount REAL NOT NULL DEFAULT 0,
      igst_amount REAL NOT NULL DEFAULT 0,
      total_amount REAL NOT NULL DEFAULT 0
    );
[2026-05-25T11:37:57.960Z] [DEBUG] CREATE TABLE IF NOT EXISTS purchase_receipts (
      id INTEGER PRIMARY KEY AUTOINCREMENT,
      receipt_number TEXT NOT NULL UNIQUE,
      po_id INTEGER NOT NULL REFERENCES purchase_orders(id) ON DELETE RESTRICT,
      po_number TEXT NOT NULL,
      supplier_id INTEGER NOT NULL REFERENCES suppliers(id) ON DELETE RESTRICT,
      supplier_name TEXT NOT NULL,
      supplier_invoice_number TEXT,
      receipt_date TEXT NOT NULL,
      taxable_amount REAL NOT NULL DEFAULT 0,
      cgst_amount REAL NOT NULL DEFAULT 0,
      sgst_amount REAL NOT NULL DEFAULT 0,
      igst_amount REAL NOT NULL DEFAULT 0,
      total_amount REAL NOT NULL DEFAULT 0,
      notes TEXT,
      created_by INTEGER NOT NULL REFERENCES users(id),
      created_at TEXT NOT NULL DEFAULT (datetime('now','localtime'))
    );
[2026-05-25T11:37:57.962Z] [DEBUG] CREATE TABLE IF NOT EXISTS receipt_items (
      id INTEGER PRIMARY KEY AUTOINCREMENT,
      receipt_id INTEGER NOT NULL REFERENCES purchase_receipts(id) ON DELETE CASCADE,
      po_item_id INTEGER NOT NULL REFERENCES po_items(id) ON DELETE RESTRICT,
      medicine_id INTEGER NOT NULL REFERENCES medicines(id) ON DELETE RESTRICT,
      medicine_name TEXT NOT NULL,
      batch_number TEXT NOT NULL,
      expiry_date TEXT NOT NULL,
      ordered_qty INTEGER NOT NULL DEFAULT 0,
      received_qty INTEGER NOT NULL DEFAULT 0,
      free_qty INTEGER NOT NULL DEFAULT 0,
      unit_price REAL NOT NULL DEFAULT 0,
      gst_rate REAL NOT NULL DEFAULT 12,
      taxable_amount REAL NOT NULL DEFAULT 0,
      cgst_amount REAL NOT NULL DEFAULT 0,
      sgst_amount REAL NOT NULL DEFAULT 0,
      igst_amount REAL NOT NULL DEFAULT 0,
      total_amount REAL NOT NULL DEFAULT 0,
      reorder_level INTEGER NOT NULL DEFAULT 10
    );
[2026-05-25T11:37:57.963Z] [DEBUG] CREATE TABLE IF NOT EXISTS supplier_payments (
      id INTEGER PRIMARY KEY AUTOINCREMENT,
      supplier_id INTEGER NOT NULL REFERENCES suppliers(id) ON DELETE RESTRICT,
      supplier_name TEXT NOT NULL,
      payment_date TEXT NOT NULL,
      amount REAL NOT NULL,
      method TEXT NOT NULL DEFAULT 'cash',
      reference TEXT,
      notes TEXT,
      created_by INTEGER NOT NULL REFERENCES users(id),
      created_at TEXT NOT NULL DEFAULT (datetime('now','localtime'))
    );
[2026-05-25T11:37:57.966Z] [DEBUG] CREATE TABLE IF NOT EXISTS customer_payments (
      id INTEGER PRIMARY KEY AUTOINCREMENT,
      customer_id INTEGER NOT NULL REFERENCES customers(id) ON DELETE RESTRICT,
      customer_name TEXT NOT NULL,
      invoice_id INTEGER REFERENCES invoices(id) ON DELETE SET NULL,
      payment_date TEXT NOT NULL,
      amount REAL NOT NULL,
      method TEXT NOT NULL DEFAULT 'cash',
      reference TEXT,
      notes TEXT,
      created_by INTEGER NOT NULL REFERENCES users(id),
      created_at TEXT NOT NULL DEFAULT (datetime('now','localtime'))
    );
[2026-05-25T11:37:57.968Z] [DEBUG] CREATE TABLE IF NOT EXISTS ledger_entries (
      id INTEGER PRIMARY KEY AUTOINCREMENT,
      entity_type TEXT NOT NULL CHECK(entity_type IN ('customer','supplier')),
      entity_id INTEGER NOT NULL,
      entry_date TEXT NOT NULL,
      reference_type TEXT NOT NULL,
      reference_id INTEGER NOT NULL,
      reference_number TEXT NOT NULL,
      debit REAL NOT NULL DEFAULT 0,
      credit REAL NOT NULL DEFAULT 0,
      balance REAL NOT NULL DEFAULT 0,
      narration TEXT NOT NULL DEFAULT '',
      created_at TEXT NOT NULL DEFAULT (datetime('now','localtime'))
    );
[2026-05-25T11:37:57.971Z] [DEBUG] CREATE TABLE IF NOT EXISTS gst_returns (
      id INTEGER PRIMARY KEY AUTOINCREMENT,
      return_type TEXT NOT NULL CHECK(return_type IN ('GSTR1','GSTR3B')),
      period TEXT NOT NULL,
      filed_at TEXT,
      data_json TEXT NOT NULL,
      status TEXT NOT NULL DEFAULT 'draft',
      created_by INTEGER NOT NULL REFERENCES users(id),
      created_at TEXT NOT NULL DEFAULT (datetime('now','localtime'))
    );
[2026-05-25T11:37:57.975Z] [DEBUG] CREATE TABLE IF NOT EXISTS settings (
      key TEXT NOT NULL PRIMARY KEY,
      value TEXT NOT NULL DEFAULT '',
      updated_at TEXT NOT NULL DEFAULT (datetime('now','localtime'))
    );
[2026-05-25T11:37:57.981Z] [DEBUG] CREATE TABLE IF NOT EXISTS sync_conflicts (
      id INTEGER PRIMARY KEY AUTOINCREMENT,
      entity_type TEXT NOT NULL,
      sync_id TEXT NOT NULL,
      local_data TEXT,
      remote_data TEXT,
      resolved INTEGER NOT NULL DEFAULT 0,
      created_at TEXT NOT NULL DEFAULT (datetime('now','localtime'))
    );
[2026-05-25T11:37:57.985Z] [DEBUG] CREATE TABLE IF NOT EXISTS audit_logs (
      id INTEGER PRIMARY KEY AUTOINCREMENT,
      table_name TEXT NOT NULL,
      record_id INTEGER NOT NULL,
      action TEXT NOT NULL CHECK(action IN ('INSERT','UPDATE','DELETE')),
      old_values TEXT,
      new_values TEXT,
      user_id INTEGER NOT NULL REFERENCES users(id),
      user_email TEXT NOT NULL,
      created_at TEXT NOT NULL DEFAULT (datetime('now','localtime'))
    );
[2026-05-25T11:37:57.989Z] [DEBUG] CREATE INDEX IF NOT EXISTS idx_medicines_name      ON medicines(name);
[2026-05-25T11:37:57.993Z] [DEBUG] CREATE INDEX IF NOT EXISTS idx_medicines_barcode   ON medicines(barcode);
[2026-05-25T11:37:57.998Z] [DEBUG] CREATE INDEX IF NOT EXISTS idx_batches_medicine    ON batches(medicine_id);
[2026-05-25T11:37:58.000Z] [DEBUG] CREATE INDEX IF NOT EXISTS idx_batches_expiry      ON batches(expiry_date);
[2026-05-25T11:37:58.003Z] [DEBUG] CREATE INDEX IF NOT EXISTS idx_invoices_date       ON invoices(invoice_date);
[2026-05-25T11:37:58.004Z] [DEBUG] CREATE INDEX IF NOT EXISTS idx_invoices_customer   ON invoices(customer_id);
[2026-05-25T11:37:58.008Z] [DEBUG] CREATE INDEX IF NOT EXISTS idx_inv_items_invoice   ON invoice_items(invoice_id);
[2026-05-25T11:37:58.009Z] [DEBUG] CREATE INDEX IF NOT EXISTS idx_returns_invoice     ON returns(invoice_id);
[2026-05-25T11:37:58.010Z] [DEBUG] CREATE INDEX IF NOT EXISTS idx_ledger_entity       ON ledger_entries(entity_type, entity_id);
[2026-05-25T11:37:58.011Z] [DEBUG] CREATE INDEX IF NOT EXISTS idx_stock_movements_batch ON stock_movements(batch_id);
[2026-05-25T11:37:58.012Z] [DEBUG] CREATE INDEX IF NOT EXISTS idx_audit_table         ON audit_logs(table_name, record_id);
[2026-05-25T11:37:58.016Z] [INFO] Embedded schema applied
[2026-05-25T11:37:58.017Z] [DEBUG] SELECT id FROM schema_migrations WHERE version = '001_initial_settings'
[2026-05-25T11:37:58.018Z] [DEBUG] SELECT id FROM schema_migrations WHERE version = '002_soft_delete_medicines'
[2026-05-25T11:37:58.020Z] [DEBUG] SELECT id FROM schema_migrations WHERE version = '003_supplier_outstanding_index'
[2026-05-25T11:37:58.022Z] [INFO] Database ready
[2026-05-25T11:37:58.024Z] [INFO] All IPC handlers registered
[2026-05-25T11:37:58.142Z] [DEBUG] SELECT value FROM settings WHERE key = 'sync_interval'
[2026-05-25T11:37:58.145Z] [INFO] MediLeader started
[2026-05-25T11:37:59.965Z] [ERROR] IPC auth:decrypt: require is not defined
[2026-05-25T11:38:13.483Z] [DEBUG] SELECT id FROM users WHERE role='admin'
[2026-05-25T11:38:13.579Z] [DEBUG] INSERT INTO users (email, name, password_hash, role) VALUES ('admin@test.com','Admin','$2a$10$vfs5lnpNP00LCvLIVD.ekeQrc'/*+28 bytes*/,'admin')
[2026-05-25T11:38:22.640Z] [ERROR] IPC auth:decrypt: require is not defined
[2026-05-25T11:38:28.710Z] [DEBUG] SELECT id FROM users WHERE role='admin' LIMIT 1
[2026-05-25T11:38:32.281Z] [DEBUG] SELECT id FROM users WHERE role='admin'
[2026-05-25T11:38:33.200Z] [DEBUG] SELECT id FROM users WHERE role='admin' LIMIT 1
[2026-05-25T11:38:44.471Z] [DEBUG] SELECT id FROM users WHERE role='admin' LIMIT 1
[2026-05-25T11:38:56.123Z] [DEBUG] SELECT id FROM users WHERE role='admin' LIMIT 1
[2026-05-25T11:39:01.317Z] [DEBUG] SELECT id FROM users WHERE role='admin' LIMIT 1
[2026-05-25T11:40:46.762Z] [DEBUG] SELECT id FROM users WHERE role='admin' LIMIT 1
[2026-05-25T11:51:25.071Z] [ERROR] IPC auth:decrypt: require is not defined
[2026-05-25T11:51:25.270Z] [DEBUG] SELECT id FROM users WHERE role='admin' LIMIT 1
[2026-05-25T11:51:25.278Z] [DEBUG] SELECT id FROM users WHERE role='admin' LIMIT 1
[2026-05-25T11:51:46.838Z] [INFO] Database closed
[2026-05-25T11:51:52.908Z] [INFO] Opening database at: C:\Users\surya\AppData\Roaming\pharma-vault\medileader.db
[2026-05-25T11:51:52.918Z] [DEBUG] PRAGMA journal_mode = WAL
[2026-05-25T11:51:52.919Z] [DEBUG] PRAGMA foreign_keys = ON
[2026-05-25T11:51:52.920Z] [DEBUG] PRAGMA synchronous = NORMAL
[2026-05-25T11:51:52.921Z] [DEBUG] PRAGMA temp_store = MEMORY
[2026-05-25T11:51:52.922Z] [DEBUG] PRAGMA mmap_size = 268435456
[2026-05-25T11:51:52.923Z] [DEBUG] PRAGMA cache_size = -32000
[2026-05-25T11:51:52.924Z] [DEBUG] PRAGMA journal_mode = WAL;
[2026-05-25T11:51:52.925Z] [DEBUG] PRAGMA foreign_keys = ON;
[2026-05-25T11:51:52.926Z] [DEBUG] PRAGMA synchronous = NORMAL;
[2026-05-25T11:51:52.928Z] [DEBUG] PRAGMA temp_store = MEMORY;
[2026-05-25T11:51:52.930Z] [DEBUG] CREATE TABLE IF NOT EXISTS schema_migrations (
      id INTEGER PRIMARY KEY AUTOINCREMENT,
      version TEXT NOT NULL UNIQUE,
      applied_at TEXT NOT NULL DEFAULT (datetime('now','localtime'))
    );
[2026-05-25T11:51:52.931Z] [DEBUG] CREATE TABLE IF NOT EXISTS users (
      id INTEGER PRIMARY KEY AUTOINCREMENT,
      email TEXT NOT NULL UNIQUE COLLATE NOCASE,
      name TEXT NOT NULL DEFAULT '',
      password_hash TEXT NOT NULL,
      role TEXT NOT NULL DEFAULT 'cashier' CHECK(role IN ('admin','manager','cashier')),
      phone TEXT,
      is_active INTEGER NOT NULL DEFAULT 1 CHECK(is_active IN (0,1)),
      created_at TEXT NOT NULL DEFAULT (datetime('now','localtime')),
      updated_at TEXT NOT NULL DEFAULT (datetime('now','localtime'))
    );
[2026-05-25T11:51:52.932Z] [DEBUG] CREATE TABLE IF NOT EXISTS medicines (
      id INTEGER PRIMARY KEY AUTOINCREMENT,
      name TEXT NOT NULL,
      generic_name TEXT,
      hsn_code TEXT NOT NULL DEFAULT '',
      gst_rate REAL NOT NULL DEFAULT 12 CHECK(gst_rate IN (0,5,12,18)),
      unit TEXT NOT NULL DEFAULT 'strip',
      mrp REAL NOT NULL DEFAULT 0,
      cost REAL NOT NULL DEFAULT 0,
      barcode TEXT,
      manufacturer TEXT,
      schedule TEXT NOT NULL DEFAULT 'OTC' CHECK(schedule IN ('OTC','H','H1','X','G')),
      category TEXT,
      is_active INTEGER NOT NULL DEFAULT 1 CHECK(is_active IN (0,1)),
      sync_id TEXT UNIQUE,
      created_at TEXT NOT NULL DEFAULT (datetime('now','localtime')),
      updated_at TEXT NOT NULL DEFAULT (datetime('now','localtime'))
    );
[2026-05-25T11:51:52.933Z] [DEBUG] CREATE TABLE IF NOT EXISTS batches (
      id INTEGER PRIMARY KEY AUTOINCREMENT,
      medicine_id INTEGER NOT NULL REFERENCES medicines(id) ON DELETE RESTRICT,
      batch_number TEXT NOT NULL,
      expiry_date TEXT NOT NULL,
      purchase_price REAL NOT NULL DEFAULT 0,
      mrp REAL NOT NULL DEFAULT 0,
      quantity INTEGER NOT NULL DEFAULT 0 CHECK(quantity >= 0),
      reorder_level INTEGER NOT NULL DEFAULT 10,
      sync_id TEXT UNIQUE,
      created_at TEXT NOT NULL DEFAULT (datetime('now','localtime')),
      updated_at TEXT NOT NULL DEFAULT (datetime('now','localtime')),
      UNIQUE(medicine_id, batch_number)
    );
[2026-05-25T11:51:52.934Z] [DEBUG] CREATE TABLE IF NOT EXISTS stock_movements (
      id INTEGER PRIMARY KEY AUTOINCREMENT,
      batch_id INTEGER NOT NULL REFERENCES batches(id) ON DELETE RESTRICT,
      medicine_id INTEGER NOT NULL REFERENCES medicines(id) ON DELETE RESTRICT,
      movement_type TEXT NOT NULL,
      quantity INTEGER NOT NULL,
      balance_after INTEGER NOT NULL,
      reference_type TEXT,
      reference_id INTEGER,
      reference_number TEXT,
      remarks TEXT,
      created_by INTEGER NOT NULL REFERENCES users(id),
      created_at TEXT NOT NULL DEFAULT (datetime('now','localtime'))
    );
[2026-05-25T11:51:52.935Z] [DEBUG] CREATE TABLE IF NOT EXISTS customers (
      id INTEGER PRIMARY KEY AUTOINCREMENT,
      name TEXT NOT NULL,
      phone TEXT,
      email TEXT,
      address TEXT,
      city TEXT,
      state TEXT DEFAULT 'Tamil Nadu',
      state_code TEXT DEFAULT '33',
      gst_number TEXT,
      credit_limit REAL NOT NULL DEFAULT 0,
      credit_used REAL NOT NULL DEFAULT 0,
      is_active INTEGER NOT NULL DEFAULT 1 CHECK(is_active IN (0,1)),
      sync_id TEXT UNIQUE,
      created_at TEXT NOT NULL DEFAULT (datetime('now','localtime')),
      updated_at TEXT NOT NULL DEFAULT (datetime('now','localtime'))
    );
[2026-05-25T11:51:52.936Z] [DEBUG] CREATE TABLE IF NOT EXISTS suppliers (
      id INTEGER PRIMARY KEY AUTOINCREMENT,
      name TEXT NOT NULL,
      phone TEXT,
      email TEXT,
      address TEXT,
      city TEXT,
      state TEXT DEFAULT 'Tamil Nadu',
      state_code TEXT DEFAULT '33',
      gstin TEXT,
      dl_number TEXT,
      dl_expiry TEXT,
      credit_days INTEGER NOT NULL DEFAULT 30,
      outstanding REAL NOT NULL DEFAULT 0,
      is_active INTEGER NOT NULL DEFAULT 1 CHECK(is_active IN (0,1)),
      sync_id TEXT UNIQUE,
      created_at TEXT NOT NULL DEFAULT (datetime('now','localtime')),
      updated_at TEXT NOT NULL DEFAULT (datetime('now','localtime'))
    );
[2026-05-25T11:51:52.938Z] [DEBUG] CREATE TABLE IF NOT EXISTS invoices (
      id INTEGER PRIMARY KEY AUTOINCREMENT,
      invoice_number TEXT NOT NULL UNIQUE,
      customer_id INTEGER REFERENCES customers(id) ON DELETE SET NULL,
      customer_name TEXT NOT NULL DEFAULT 'Walk-in',
      customer_gstin TEXT,
      customer_state_code TEXT DEFAULT '33',
      supply_type TEXT NOT NULL DEFAULT 'intrastate',
      invoice_date TEXT NOT NULL,
      due_date TEXT,
      subtotal REAL NOT NULL DEFAULT 0,
      discount_amount REAL NOT NULL DEFAULT 0,
      taxable_amount REAL NOT NULL DEFAULT 0,
      cgst_amount REAL NOT NULL DEFAULT 0,
      sgst_amount REAL NOT NULL DEFAULT 0,
      igst_amount REAL NOT NULL DEFAULT 0,
      total_gst REAL NOT NULL DEFAULT 0,
      round_off REAL NOT NULL DEFAULT 0,
      total_amount REAL NOT NULL DEFAULT 0,
      paid_amount REAL NOT NULL DEFAULT 0,
      payment_method TEXT NOT NULL DEFAULT 'cash',
      status TEXT NOT NULL DEFAULT 'paid',
      notes TEXT,
      created_by INTEGER NOT NULL REFERENCES users(id),
      sync_id TEXT UNIQUE,
      created_at TEXT NOT NULL DEFAULT (datetime('now','localtime')),
      updated_at TEXT NOT NULL DEFAULT (datetime('now','localtime'))
    );
[2026-05-25T11:51:52.938Z] [DEBUG] CREATE TABLE IF NOT EXISTS invoice_items (
      id INTEGER PRIMARY KEY AUTOINCREMENT,
      invoice_id INTEGER NOT NULL REFERENCES invoices(id) ON DELETE CASCADE,
      medicine_id INTEGER NOT NULL REFERENCES medicines(id) ON DELETE RESTRICT,
      medicine_name TEXT NOT NULL,
      batch_id INTEGER NOT NULL REFERENCES batches(id) ON DELETE RESTRICT,
      batch_number TEXT NOT NULL,
      hsn_code TEXT NOT NULL DEFAULT '',
      quantity INTEGER NOT NULL,
      unit TEXT NOT NULL DEFAULT 'strip',
      mrp REAL NOT NULL DEFAULT 0,
      unit_price REAL NOT NULL,
      discount_pct REAL NOT NULL DEFAULT 0,
      taxable_amount REAL NOT NULL DEFAULT 0,
      gst_rate REAL NOT NULL DEFAULT 12,
      cgst_rate REAL NOT NULL DEFAULT 6,
      sgst_rate REAL NOT NULL DEFAULT 6,
      igst_rate REAL NOT NULL DEFAULT 0,
      cgst_amount REAL NOT NULL DEFAULT 0,
      sgst_amount REAL NOT NULL DEFAULT 0,
      igst_amount REAL NOT NULL DEFAULT 0,
      total_amount REAL NOT NULL DEFAULT 0
    );
[2026-05-25T11:51:52.939Z] [DEBUG] CREATE TABLE IF NOT EXISTS returns (
      id INTEGER PRIMARY KEY AUTOINCREMENT,
      return_number TEXT NOT NULL UNIQUE,
      invoice_id INTEGER REFERENCES invoices(id) ON DELETE SET NULL,
      invoice_number TEXT,
      customer_id INTEGER REFERENCES customers(id) ON DELETE SET NULL,
      customer_name TEXT NOT NULL DEFAULT 'Walk-in',
      return_type TEXT NOT NULL DEFAULT 'customer_return',
      return_date TEXT NOT NULL,
      taxable_amount REAL NOT NULL DEFAULT 0,
      cgst_amount REAL NOT NULL DEFAULT 0,
      sgst_amount REAL NOT NULL DEFAULT 0,
      igst_amount REAL NOT NULL DEFAULT 0,
      total_gst REAL NOT NULL DEFAULT 0,
      total_amount REAL NOT NULL DEFAULT 0,
      credit_note_issued INTEGER NOT NULL DEFAULT 0,
      notes TEXT,
      created_by INTEGER NOT NULL REFERENCES users(id),
      created_at TEXT NOT NULL DEFAULT (datetime('now','localtime')),
      updated_at TEXT NOT NULL DEFAULT (datetime('now','localtime'))
    );
[2026-05-25T11:51:52.941Z] [DEBUG] CREATE TABLE IF NOT EXISTS return_items (
      id INTEGER PRIMARY KEY AUTOINCREMENT,
      return_id INTEGER NOT NULL REFERENCES returns(id) ON DELETE CASCADE,
      invoice_item_id INTEGER REFERENCES invoice_items(id) ON DELETE SET NULL,
      medicine_id INTEGER NOT NULL REFERENCES medicines(id) ON DELETE RESTRICT,
      medicine_name TEXT NOT NULL,
      batch_id INTEGER NOT NULL REFERENCES batches(id) ON DELETE RESTRICT,
      batch_number TEXT NOT NULL,
      hsn_code TEXT NOT NULL DEFAULT '',
      quantity INTEGER NOT NULL,
      unit_price REAL NOT NULL,
      discount_pct REAL NOT NULL DEFAULT 0,
      taxable_amount REAL NOT NULL DEFAULT 0,
      gst_rate REAL NOT NULL DEFAULT 12,
      cgst_rate REAL NOT NULL DEFAULT 6,
      sgst_rate REAL NOT NULL DEFAULT 6,
      igst_rate REAL NOT NULL DEFAULT 0,
      cgst_amount REAL NOT NULL DEFAULT 0,
      sgst_amount REAL NOT NULL DEFAULT 0,
      igst_amount REAL NOT NULL DEFAULT 0,
      total_amount REAL NOT NULL DEFAULT 0,
      reason TEXT
    );
[2026-05-25T11:51:52.942Z] [DEBUG] CREATE TABLE IF NOT EXISTS purchase_orders (
      id INTEGER PRIMARY KEY AUTOINCREMENT,
      po_number TEXT NOT NULL UNIQUE,
      supplier_id INTEGER NOT NULL REFERENCES suppliers(id) ON DELETE RESTRICT,
      supplier_name TEXT NOT NULL,
      supply_type TEXT NOT NULL DEFAULT 'intrastate',
      order_date TEXT NOT NULL,
      expected_delivery TEXT,
      taxable_amount REAL NOT NULL DEFAULT 0,
      cgst_amount REAL NOT NULL DEFAULT 0,
      sgst_amount REAL NOT NULL DEFAULT 0,
      igst_amount REAL NOT NULL DEFAULT 0,
      total_amount REAL NOT NULL DEFAULT 0,
      status TEXT NOT NULL DEFAULT 'draft',
      notes TEXT,
      created_by INTEGER NOT NULL REFERENCES users(id),
      sync_id TEXT UNIQUE,
      created_at TEXT NOT NULL DEFAULT (datetime('now','localtime')),
      updated_at TEXT NOT NULL DEFAULT (datetime('now','localtime'))
    );
[2026-05-25T11:51:52.943Z] [DEBUG] CREATE TABLE IF NOT EXISTS po_items (
      id INTEGER PRIMARY KEY AUTOINCREMENT,
      po_id INTEGER NOT NULL REFERENCES purchase_orders(id) ON DELETE CASCADE,
      medicine_id INTEGER NOT NULL REFERENCES medicines(id) ON DELETE RESTRICT,
      medicine_name TEXT NOT NULL,
      hsn_code TEXT NOT NULL DEFAULT '',
      ordered_qty INTEGER NOT NULL DEFAULT 0,
      received_qty INTEGER NOT NULL DEFAULT 0,
      free_qty INTEGER NOT NULL DEFAULT 0,
      unit_price REAL NOT NULL DEFAULT 0,
      gst_rate REAL NOT NULL DEFAULT 12,
      taxable_amount REAL NOT NULL DEFAULT 0,
      cgst_amount REAL NOT NULL DEFAULT 0,
      sgst_amount REAL NOT NULL DEFAULT 0,
      igst_amount REAL NOT NULL DEFAULT 0,
      total_amount REAL NOT NULL DEFAULT 0
    );
[2026-05-25T11:51:52.944Z] [DEBUG] CREATE TABLE IF NOT EXISTS purchase_receipts (
      id INTEGER PRIMARY KEY AUTOINCREMENT,
      receipt_number TEXT NOT NULL UNIQUE,
      po_id INTEGER NOT NULL REFERENCES purchase_orders(id) ON DELETE RESTRICT,
      po_number TEXT NOT NULL,
      supplier_id INTEGER NOT NULL REFERENCES suppliers(id) ON DELETE RESTRICT,
      supplier_name TEXT NOT NULL,
      supplier_invoice_number TEXT,
      receipt_date TEXT NOT NULL,
      taxable_amount REAL NOT NULL DEFAULT 0,
      cgst_amount REAL NOT NULL DEFAULT 0,
      sgst_amount REAL NOT NULL DEFAULT 0,
      igst_amount REAL NOT NULL DEFAULT 0,
      total_amount REAL NOT NULL DEFAULT 0,
      notes TEXT,
      created_by INTEGER NOT NULL REFERENCES users(id),
      created_at TEXT NOT NULL DEFAULT (datetime('now','localtime'))
    );
[2026-05-25T11:51:52.945Z] [DEBUG] CREATE TABLE IF NOT EXISTS receipt_items (
      id INTEGER PRIMARY KEY AUTOINCREMENT,
      receipt_id INTEGER NOT NULL REFERENCES purchase_receipts(id) ON DELETE CASCADE,
      po_item_id INTEGER NOT NULL REFERENCES po_items(id) ON DELETE RESTRICT,
      medicine_id INTEGER NOT NULL REFERENCES medicines(id) ON DELETE RESTRICT,
      medicine_name TEXT NOT NULL,
      batch_number TEXT NOT NULL,
      expiry_date TEXT NOT NULL,
      ordered_qty INTEGER NOT NULL DEFAULT 0,
      received_qty INTEGER NOT NULL DEFAULT 0,
      free_qty INTEGER NOT NULL DEFAULT 0,
      unit_price REAL NOT NULL DEFAULT 0,
      gst_rate REAL NOT NULL DEFAULT 12,
      taxable_amount REAL NOT NULL DEFAULT 0,
      cgst_amount REAL NOT NULL DEFAULT 0,
      sgst_amount REAL NOT NULL DEFAULT 0,
      igst_amount REAL NOT NULL DEFAULT 0,
      total_amount REAL NOT NULL DEFAULT 0,
      reorder_level INTEGER NOT NULL DEFAULT 10
    );
[2026-05-25T11:51:52.947Z] [DEBUG] CREATE TABLE IF NOT EXISTS supplier_payments (
      id INTEGER PRIMARY KEY AUTOINCREMENT,
      supplier_id INTEGER NOT NULL REFERENCES suppliers(id) ON DELETE RESTRICT,
      supplier_name TEXT NOT NULL,
      payment_date TEXT NOT NULL,
      amount REAL NOT NULL,
      method TEXT NOT NULL DEFAULT 'cash',
      reference TEXT,
      notes TEXT,
      created_by INTEGER NOT NULL REFERENCES users(id),
      created_at TEXT NOT NULL DEFAULT (datetime('now','localtime'))
    );
[2026-05-25T11:51:52.948Z] [DEBUG] CREATE TABLE IF NOT EXISTS customer_payments (
      id INTEGER PRIMARY KEY AUTOINCREMENT,
      customer_id INTEGER NOT NULL REFERENCES customers(id) ON DELETE RESTRICT,
      customer_name TEXT NOT NULL,
      invoice_id INTEGER REFERENCES invoices(id) ON DELETE SET NULL,
      payment_date TEXT NOT NULL,
      amount REAL NOT NULL,
      method TEXT NOT NULL DEFAULT 'cash',
      reference TEXT,
      notes TEXT,
      created_by INTEGER NOT NULL REFERENCES users(id),
      created_at TEXT NOT NULL DEFAULT (datetime('now','localtime'))
    );
[2026-05-25T11:51:52.949Z] [DEBUG] CREATE TABLE IF NOT EXISTS ledger_entries (
      id INTEGER PRIMARY KEY AUTOINCREMENT,
      entity_type TEXT NOT NULL CHECK(entity_type IN ('customer','supplier')),
      entity_id INTEGER NOT NULL,
      entry_date TEXT NOT NULL,
      reference_type TEXT NOT NULL,
      reference_id INTEGER NOT NULL,
      reference_number TEXT NOT NULL,
      debit REAL NOT NULL DEFAULT 0,
      credit REAL NOT NULL DEFAULT 0,
      balance REAL NOT NULL DEFAULT 0,
      narration TEXT NOT NULL DEFAULT '',
      created_at TEXT NOT NULL DEFAULT (datetime('now','localtime'))
    );
[2026-05-25T11:51:52.951Z] [DEBUG] CREATE TABLE IF NOT EXISTS gst_returns (
      id INTEGER PRIMARY KEY AUTOINCREMENT,
      return_type TEXT NOT NULL CHECK(return_type IN ('GSTR1','GSTR3B')),
      period TEXT NOT NULL,
      filed_at TEXT,
      data_json TEXT NOT NULL,
      status TEXT NOT NULL DEFAULT 'draft',
      created_by INTEGER NOT NULL REFERENCES users(id),
      created_at TEXT NOT NULL DEFAULT (datetime('now','localtime'))
    );
[2026-05-25T11:51:52.953Z] [DEBUG] CREATE TABLE IF NOT EXISTS settings (
      key TEXT NOT NULL PRIMARY KEY,
      value TEXT NOT NULL DEFAULT '',
      updated_at TEXT NOT NULL DEFAULT (datetime('now','localtime'))
    );
[2026-05-25T11:51:52.955Z] [DEBUG] CREATE TABLE IF NOT EXISTS sync_conflicts (
      id INTEGER PRIMARY KEY AUTOINCREMENT,
      entity_type TEXT NOT NULL,
      sync_id TEXT NOT NULL,
      local_data TEXT,
      remote_data TEXT,
      resolved INTEGER NOT NULL DEFAULT 0,
      created_at TEXT NOT NULL DEFAULT (datetime('now','localtime'))
    );
[2026-05-25T11:51:52.956Z] [DEBUG] CREATE TABLE IF NOT EXISTS audit_logs (
      id INTEGER PRIMARY KEY AUTOINCREMENT,
      table_name TEXT NOT NULL,
      record_id INTEGER NOT NULL,
      action TEXT NOT NULL CHECK(action IN ('INSERT','UPDATE','DELETE')),
      old_values TEXT,
      new_values TEXT,
      user_id INTEGER NOT NULL REFERENCES users(id),
      user_email TEXT NOT NULL,
      created_at TEXT NOT NULL DEFAULT (datetime('now','localtime'))
    );
[2026-05-25T11:51:52.957Z] [DEBUG] CREATE INDEX IF NOT EXISTS idx_medicines_name      ON medicines(name);
[2026-05-25T11:51:52.958Z] [DEBUG] CREATE INDEX IF NOT EXISTS idx_medicines_barcode   ON medicines(barcode);
[2026-05-25T11:51:52.959Z] [DEBUG] CREATE INDEX IF NOT EXISTS idx_batches_medicine    ON batches(medicine_id);
[2026-05-25T11:51:52.961Z] [DEBUG] CREATE INDEX IF NOT EXISTS idx_batches_expiry      ON batches(expiry_date);
[2026-05-25T11:51:52.962Z] [DEBUG] CREATE INDEX IF NOT EXISTS idx_invoices_date       ON invoices(invoice_date);
[2026-05-25T11:51:52.963Z] [DEBUG] CREATE INDEX IF NOT EXISTS idx_invoices_customer   ON invoices(customer_id);
[2026-05-25T11:51:52.964Z] [DEBUG] CREATE INDEX IF NOT EXISTS idx_inv_items_invoice   ON invoice_items(invoice_id);
[2026-05-25T11:51:52.965Z] [DEBUG] CREATE INDEX IF NOT EXISTS idx_returns_invoice     ON returns(invoice_id);
[2026-05-25T11:51:52.966Z] [DEBUG] CREATE INDEX IF NOT EXISTS idx_ledger_entity       ON ledger_entries(entity_type, entity_id);
[2026-05-25T11:51:52.967Z] [DEBUG] CREATE INDEX IF NOT EXISTS idx_stock_movements_batch ON stock_movements(batch_id);
[2026-05-25T11:51:52.968Z] [DEBUG] CREATE INDEX IF NOT EXISTS idx_audit_table         ON audit_logs(table_name, record_id);
[2026-05-25T11:51:52.969Z] [INFO] Embedded schema applied
[2026-05-25T11:51:52.971Z] [DEBUG] SELECT id FROM schema_migrations WHERE version = '001_initial_settings'
[2026-05-25T11:51:52.973Z] [DEBUG] SELECT id FROM schema_migrations WHERE version = '002_soft_delete_medicines'
[2026-05-25T11:51:52.974Z] [DEBUG] SELECT id FROM schema_migrations WHERE version = '003_supplier_outstanding_index'
[2026-05-25T11:51:52.975Z] [INFO] Database ready
[2026-05-25T11:51:52.977Z] [INFO] All IPC handlers registered
[2026-05-25T11:51:53.052Z] [DEBUG] SELECT value FROM settings WHERE key = 'sync_interval'
[2026-05-25T11:51:53.054Z] [INFO] MediLeader started
[2026-05-25T11:51:55.085Z] [ERROR] IPC auth:decrypt: require is not defined
[2026-05-25T11:51:55.318Z] [DEBUG] SELECT id FROM users WHERE role='admin' LIMIT 1
[2026-05-25T11:51:55.320Z] [DEBUG] SELECT id FROM users WHERE role='admin' LIMIT 1
[2026-05-25T11:52:08.774Z] [DEBUG] SELECT * FROM users WHERE email = 'admin@test.com' AND is_active = 1
[2026-05-25T11:52:08.881Z] [ERROR] IPC auth:encrypt: require is not defined
[2026-05-25T11:52:08.943Z] [DEBUG] 
    SELECT COALESCE(SUM(total_amount),0) AS total, COUNT(*) AS count
    FROM invoices WHERE invoice_date = '2026-05-25' AND status IN ('paid','partial')
  
[2026-05-25T11:52:08.945Z] [DEBUG] 
    SELECT COALESCE(SUM(b.quantity * b.purchase_price), 0) AS value
    FROM batches b JOIN medicines m ON m.id = b.medicine_id WHERE m.is_active = 1
  
[2026-05-25T11:52:08.946Z] [DEBUG] 
    SELECT COUNT(*) AS count FROM batches b
    JOIN medicines m ON m.id = b.medicine_id AND m.is_active = 1
    WHERE b.quantity > 0
      AND b.expiry_date BETWEEN '2026-05-25' AND '2026-06-24'
  
[2026-05-25T11:52:08.947Z] [DEBUG] 
    SELECT COALESCE(SUM(credit_used),0) AS total FROM customers
  
[2026-05-25T11:52:08.948Z] [DEBUG] 
    SELECT COUNT(*) AS count FROM batches WHERE quantity <= reorder_level AND quantity > 0
  
[2026-05-25T11:52:08.949Z] [DEBUG] 
    SELECT * FROM invoices ORDER BY created_at DESC LIMIT 10
  
[2026-05-25T11:52:08.950Z] [DEBUG] 
    SELECT invoice_date AS date, SUM(total_amount) AS revenue
    FROM invoices
    WHERE invoice_date BETWEEN '2026-05-18' AND '2026-05-25' AND status IN ('paid','partial')
    GROUP BY invoice_date
    ORDER BY invoice_date ASC
  
[2026-05-25T11:52:08.953Z] [DEBUG] 
    SELECT COALESCE(SUM(total_amount),0) AS total, COUNT(*) AS count
    FROM invoices WHERE invoice_date = '2026-05-25' AND status IN ('paid','partial')
  
[2026-05-25T11:52:08.955Z] [DEBUG] 
    SELECT COALESCE(SUM(b.quantity * b.purchase_price), 0) AS value
    FROM batches b JOIN medicines m ON m.id = b.medicine_id WHERE m.is_active = 1
  
[2026-05-25T11:52:08.956Z] [DEBUG] 
    SELECT COUNT(*) AS count FROM batches b
    JOIN medicines m ON m.id = b.medicine_id AND m.is_active = 1
    WHERE b.quantity > 0
      AND b.expiry_date BETWEEN '2026-05-25' AND '2026-06-24'
  
[2026-05-25T11:52:08.958Z] [DEBUG] 
    SELECT COALESCE(SUM(credit_used),0) AS total FROM customers
  
[2026-05-25T11:52:08.960Z] [DEBUG] 
    SELECT COUNT(*) AS count FROM batches WHERE quantity <= reorder_level AND quantity > 0
  
[2026-05-25T11:52:08.969Z] [DEBUG] 
    SELECT * FROM invoices ORDER BY created_at DESC LIMIT 10
  
[2026-05-25T11:52:08.973Z] [DEBUG] 
    SELECT invoice_date AS date, SUM(total_amount) AS revenue
    FROM invoices
    WHERE invoice_date BETWEEN '2026-05-18' AND '2026-05-25' AND status IN ('paid','partial')
    GROUP BY invoice_date
    ORDER BY invoice_date ASC
  
[2026-05-25T11:52:14.045Z] [DEBUG] 
    SELECT
      m.id, m.name, m.generic_name, m.hsn_code, m.gst_rate, m.unit, m.mrp,
      m.barcode, m.schedule,
      COALESCE(SUM(CASE WHEN b.expiry_date > '2026-05-25' AND b.quantity > 0 THEN b.quantity ELSE 0 END), 0) AS total_qty
    FROM medicines m
    LEFT JOIN batches b ON b.medicine_id = m.id
    WHERE m.is_active = 1
      AND (m.name LIKE '%%' OR m.generic_name LIKE '%%' OR m.barcode = '' OR m.hsn_code LIKE '%%')
    GROUP BY m.id
    HAVING total_qty > 0
    ORDER BY m.name
    LIMIT 50
  
[2026-05-25T11:52:14.049Z] [DEBUG] SELECT * FROM customers WHERE is_active=1 ORDER BY name
[2026-05-25T11:52:14.052Z] [DEBUG] 
    SELECT
      m.id, m.name, m.generic_name, m.hsn_code, m.gst_rate, m.unit, m.mrp,
      m.barcode, m.schedule,
      COALESCE(SUM(CASE WHEN b.expiry_date > '2026-05-25' AND b.quantity > 0 THEN b.quantity ELSE 0 END), 0) AS total_qty
    FROM medicines m
    LEFT JOIN batches b ON b.medicine_id = m.id
    WHERE m.is_active = 1
      AND (m.name LIKE '%%' OR m.generic_name LIKE '%%' OR m.barcode = '' OR m.hsn_code LIKE '%%')
    GROUP BY m.id
    HAVING total_qty > 0
    ORDER BY m.name
    LIMIT 50
  
[2026-05-25T11:52:14.057Z] [DEBUG] SELECT * FROM customers WHERE is_active=1 ORDER BY name
[2026-05-25T11:52:15.661Z] [DEBUG] SELECT * FROM medicines WHERE is_active=1 ORDER BY name
[2026-05-25T11:52:15.666Z] [DEBUG] SELECT * FROM medicines WHERE is_active=1 ORDER BY name
[2026-05-25T11:52:17.307Z] [DEBUG] SELECT * FROM medicines WHERE is_active=1 ORDER BY name
[2026-05-25T11:52:17.309Z] [DEBUG] SELECT * FROM medicines WHERE is_active=1 ORDER BY name
[2026-05-25T11:52:17.612Z] [DEBUG] 
    SELECT b.*, m.name as medicine_name, m.hsn_code, m.gst_rate, m.unit
    FROM batches b
    JOIN medicines m ON m.id = b.medicine_id
      AND m.is_active = 1
    ORDER BY m.name, b.expiry_date ASC
  
[2026-05-25T11:52:18.880Z] [DEBUG] SELECT * FROM medicines WHERE is_active=1 ORDER BY name
[2026-05-25T11:52:18.881Z] [DEBUG] SELECT * FROM medicines WHERE is_active=1 ORDER BY name
[2026-05-25T11:52:20.293Z] [DEBUG] SELECT * FROM medicines WHERE is_active=1 ORDER BY name
[2026-05-25T11:52:20.295Z] [DEBUG] SELECT * FROM medicines WHERE is_active=1 ORDER BY name
[2026-05-25T11:52:20.597Z] [DEBUG] 
    SELECT b.*, m.name as medicine_name, m.hsn_code, m.gst_rate, m.unit
    FROM batches b
    JOIN medicines m ON m.id = b.medicine_id
      AND m.is_active = 1
    ORDER BY m.name, b.expiry_date ASC
  
[2026-05-25T11:52:21.578Z] [DEBUG] SELECT * FROM customers WHERE is_active=1 ORDER BY name
[2026-05-25T11:52:23.950Z] [DEBUG] SELECT * FROM suppliers WHERE is_active=1 ORDER BY name
[2026-05-25T11:52:25.461Z] [DEBUG] SELECT * FROM suppliers WHERE is_active=1 ORDER BY name
[2026-05-25T11:52:25.463Z] [DEBUG] SELECT * FROM medicines WHERE is_active=1 ORDER BY name
[2026-05-25T11:52:25.464Z] [DEBUG] SELECT * FROM suppliers WHERE is_active=1 ORDER BY name
[2026-05-25T11:52:25.465Z] [DEBUG] SELECT * FROM medicines WHERE is_active=1 ORDER BY name
[2026-05-25T11:52:25.769Z] [DEBUG] SELECT COUNT(*) as c FROM purchase_orders 
[2026-05-25T11:52:25.772Z] [DEBUG] 
    SELECT * FROM purchase_orders  ORDER BY order_date DESC, id DESC LIMIT 50.0 OFFSET 0.0
  
[2026-05-25T11:52:27.387Z] [DEBUG] SELECT COUNT(*) as c FROM returns WHERE return_date >= '2026-05-01' AND return_date <= '2026-05-25'
[2026-05-25T11:52:27.391Z] [DEBUG] SELECT * FROM returns WHERE return_date >= '2026-05-01' AND return_date <= '2026-05-25' ORDER BY return_date DESC, id DESC LIMIT 100.0 OFFSET 0.0
[2026-05-25T11:52:27.395Z] [DEBUG] SELECT COUNT(*) as c FROM returns WHERE return_date >= '2026-05-01' AND return_date <= '2026-05-25'
[2026-05-25T11:52:27.400Z] [DEBUG] SELECT * FROM returns WHERE return_date >= '2026-05-01' AND return_date <= '2026-05-25' ORDER BY return_date DESC, id DESC LIMIT 100.0 OFFSET 0.0
[2026-05-25T11:52:29.498Z] [DEBUG] 
    SELECT c.id, c.name, c.phone,
      c.credit_limit, c.credit_used,
      (c.credit_limit - c.credit_used) as available_credit,
      COALESCE(SUM(i.total_amount - i.paid_amount), 0) as invoice_outstanding
    FROM customers c
    LEFT JOIN invoices i ON i.customer_id = c.id AND i.status IN ('partial','paid')
      AND i.payment_method = 'credit'
    WHERE c.is_active = 1
    GROUP BY c.id
    HAVING credit_used > 0
    ORDER BY credit_used DESC
  
[2026-05-25T11:52:29.501Z] [DEBUG] 
    SELECT c.id, c.name, c.phone,
      c.credit_limit, c.credit_used,
      (c.credit_limit - c.credit_used) as available_credit,
      COALESCE(SUM(i.total_amount - i.paid_amount), 0) as invoice_outstanding
    FROM customers c
    LEFT JOIN invoices i ON i.customer_id = c.id AND i.status IN ('partial','paid')
      AND i.payment_method = 'credit'
    WHERE c.is_active = 1
    GROUP BY c.id
    HAVING credit_used > 0
    ORDER BY credit_used DESC
  
[2026-05-25T11:52:33.945Z] [DEBUG] 
    SELECT
      invoice_date                         AS date,
      COUNT(*)                             AS invoice_count,
      SUM(total_amount)                    AS total_revenue,
      SUM(taxable_amount)                  AS total_taxable,
      SUM(cgst_amount)                     AS total_cgst,
      SUM(sgst_amount)                     AS total_sgst,
      SUM(igst_amount)                     AS total_igst,
      SUM(total_gst)                       AS total_gst,
      SUM(CASE WHEN payment_method='cash'   THEN total_amount ELSE 0 END) AS cash_total,
      SUM(CASE WHEN payment_method='card'   THEN total_amount ELSE 0 END) AS card_total,
      SUM(CASE WHEN payment_method='upi'    THEN total_amount ELSE 0 END) AS upi_total,
      SUM(CASE WHEN payment_method='credit' THEN total_amount ELSE 0 END) AS credit_total
    FROM invoices
    WHERE invoice_date BETWEEN '2026-04-25' AND '2026-05-25'
      AND status IN ('paid','partial')
    GROUP BY invoice_date
    ORDER BY invoice_date DESC
  
[2026-05-25T11:52:33.947Z] [DEBUG] 
    SELECT
      invoice_date                         AS date,
      COUNT(*)                             AS invoice_count,
      SUM(total_amount)                    AS total_revenue,
      SUM(taxable_amount)                  AS total_taxable,
      SUM(cgst_amount)                     AS total_cgst,
      SUM(sgst_amount)                     AS total_sgst,
      SUM(igst_amount)                     AS total_igst,
      SUM(total_gst)                       AS total_gst,
      SUM(CASE WHEN payment_method='cash'   THEN total_amount ELSE 0 END) AS cash_total,
      SUM(CASE WHEN payment_method='card'   THEN total_amount ELSE 0 END) AS card_total,
      SUM(CASE WHEN payment_method='upi'    THEN total_amount ELSE 0 END) AS upi_total,
      SUM(CASE WHEN payment_method='credit' THEN total_amount ELSE 0 END) AS credit_total
    FROM invoices
    WHERE invoice_date BETWEEN '2026-04-25' AND '2026-05-25'
      AND status IN ('paid','partial')
    GROUP BY invoice_date
    ORDER BY invoice_date DESC
  
[2026-05-25T11:52:36.655Z] [DEBUG] 
    SELECT
      invoice_date                         AS date,
      COUNT(*)                             AS invoice_count,
      SUM(total_amount)                    AS total_revenue,
      SUM(taxable_amount)                  AS total_taxable,
      SUM(cgst_amount)                     AS total_cgst,
      SUM(sgst_amount)                     AS total_sgst,
      SUM(igst_amount)                     AS total_igst,
      SUM(total_gst)                       AS total_gst,
      SUM(CASE WHEN payment_method='cash'   THEN total_amount ELSE 0 END) AS cash_total,
      SUM(CASE WHEN payment_method='card'   THEN total_amount ELSE 0 END) AS card_total,
      SUM(CASE WHEN payment_method='upi'    THEN total_amount ELSE 0 END) AS upi_total,
      SUM(CASE WHEN payment_method='credit' THEN total_amount ELSE 0 END) AS credit_total
    FROM invoices
    WHERE invoice_date BETWEEN '2026-04-25' AND '2026-05-25'
      AND status IN ('paid','partial')
    GROUP BY invoice_date
    ORDER BY invoice_date DESC
  
[2026-05-25T11:52:36.656Z] [DEBUG] 
    SELECT
      invoice_date                         AS date,
      COUNT(*)                             AS invoice_count,
      SUM(total_amount)                    AS total_revenue,
      SUM(taxable_amount)                  AS total_taxable,
      SUM(cgst_amount)                     AS total_cgst,
      SUM(sgst_amount)                     AS total_sgst,
      SUM(igst_amount)                     AS total_igst,
      SUM(total_gst)                       AS total_gst,
      SUM(CASE WHEN payment_method='cash'   THEN total_amount ELSE 0 END) AS cash_total,
      SUM(CASE WHEN payment_method='card'   THEN total_amount ELSE 0 END) AS card_total,
      SUM(CASE WHEN payment_method='upi'    THEN total_amount ELSE 0 END) AS upi_total,
      SUM(CASE WHEN payment_method='credit' THEN total_amount ELSE 0 END) AS credit_total
    FROM invoices
    WHERE invoice_date BETWEEN '2026-04-25' AND '2026-05-25'
      AND status IN ('paid','partial')
    GROUP BY invoice_date
    ORDER BY invoice_date DESC
  
[2026-05-25T11:52:39.742Z] [DEBUG] SELECT key, value FROM settings
[2026-05-25T11:52:39.746Z] [DEBUG] SELECT id, email, name, role, is_active, created_at FROM users ORDER BY id
[2026-05-25T11:52:39.749Z] [ERROR] IPC app:version: require is not defined
[2026-05-25T11:52:39.751Z] [ERROR] IPC app:userDataPath: require is not defined
[2026-05-25T11:52:39.754Z] [DEBUG] SELECT key, value FROM settings
[2026-05-25T11:52:39.756Z] [DEBUG] SELECT id, email, name, role, is_active, created_at FROM users ORDER BY id
[2026-05-25T11:52:39.758Z] [ERROR] IPC app:version: require is not defined
[2026-05-25T11:52:39.760Z] [ERROR] IPC app:userDataPath: require is not defined
[2026-05-25T11:52:57.352Z] [DEBUG] 
    SELECT COALESCE(SUM(total_amount),0) AS total, COUNT(*) AS count
    FROM invoices WHERE invoice_date = '2026-05-25' AND status IN ('paid','partial')
  
[2026-05-25T11:52:57.353Z] [DEBUG] 
    SELECT COALESCE(SUM(b.quantity * b.purchase_price), 0) AS value
    FROM batches b JOIN medicines m ON m.id = b.medicine_id WHERE m.is_active = 1
  
[2026-05-25T11:52:57.355Z] [DEBUG] 
    SELECT COUNT(*) AS count FROM batches b
    JOIN medicines m ON m.id = b.medicine_id AND m.is_active = 1
    WHERE b.quantity > 0
      AND b.expiry_date BETWEEN '2026-05-25' AND '2026-06-24'
  
[2026-05-25T11:52:57.356Z] [DEBUG] 
    SELECT COALESCE(SUM(credit_used),0) AS total FROM customers
  
[2026-05-25T11:52:57.357Z] [DEBUG] 
    SELECT COUNT(*) AS count FROM batches WHERE quantity <= reorder_level AND quantity > 0
  
[2026-05-25T11:52:57.358Z] [DEBUG] 
    SELECT * FROM invoices ORDER BY created_at DESC LIMIT 10
  
[2026-05-25T11:52:57.359Z] [DEBUG] 
    SELECT invoice_date AS date, SUM(total_amount) AS revenue
    FROM invoices
    WHERE invoice_date BETWEEN '2026-05-18' AND '2026-05-25' AND status IN ('paid','partial')
    GROUP BY invoice_date
    ORDER BY invoice_date ASC
  
[2026-05-25T11:52:57.361Z] [DEBUG] 
    SELECT COALESCE(SUM(total_amount),0) AS total, COUNT(*) AS count
    FROM invoices WHERE invoice_date = '2026-05-25' AND status IN ('paid','partial')
  
[2026-05-25T11:52:57.362Z] [DEBUG] 
    SELECT COALESCE(SUM(b.quantity * b.purchase_price), 0) AS value
    FROM batches b JOIN medicines m ON m.id = b.medicine_id WHERE m.is_active = 1
  
[2026-05-25T11:52:57.363Z] [DEBUG] 
    SELECT COUNT(*) AS count FROM batches b
    JOIN medicines m ON m.id = b.medicine_id AND m.is_active = 1
    WHERE b.quantity > 0
      AND b.expiry_date BETWEEN '2026-05-25' AND '2026-06-24'
  
[2026-05-25T11:52:57.364Z] [DEBUG] 
    SELECT COALESCE(SUM(credit_used),0) AS total FROM customers
  
[2026-05-25T11:52:57.365Z] [DEBUG] 
    SELECT COUNT(*) AS count FROM batches WHERE quantity <= reorder_level AND quantity > 0
  
[2026-05-25T11:52:57.366Z] [DEBUG] 
    SELECT * FROM invoices ORDER BY created_at DESC LIMIT 10
  
[2026-05-25T11:52:57.367Z] [DEBUG] 
    SELECT invoice_date AS date, SUM(total_amount) AS revenue
    FROM invoices
    WHERE invoice_date BETWEEN '2026-05-18' AND '2026-05-25' AND status IN ('paid','partial')
    GROUP BY invoice_date
    ORDER BY invoice_date ASC
  
[2026-05-25T11:53:00.418Z] [DEBUG] 
    SELECT
      m.id, m.name, m.generic_name, m.hsn_code, m.gst_rate, m.unit, m.mrp,
      m.barcode, m.schedule,
      COALESCE(SUM(CASE WHEN b.expiry_date > '2026-05-25' AND b.quantity > 0 THEN b.quantity ELSE 0 END), 0) AS total_qty
    FROM medicines m
    LEFT JOIN batches b ON b.medicine_id = m.id
    WHERE m.is_active = 1
      AND (m.name LIKE '%%' OR m.generic_name LIKE '%%' OR m.barcode = '' OR m.hsn_code LIKE '%%')
    GROUP BY m.id
    HAVING total_qty > 0
    ORDER BY m.name
    LIMIT 50
  
[2026-05-25T11:53:00.433Z] [DEBUG] SELECT * FROM customers WHERE is_active=1 ORDER BY name
[2026-05-25T11:53:00.440Z] [DEBUG] 
    SELECT
      m.id, m.name, m.generic_name, m.hsn_code, m.gst_rate, m.unit, m.mrp,
      m.barcode, m.schedule,
      COALESCE(SUM(CASE WHEN b.expiry_date > '2026-05-25' AND b.quantity > 0 THEN b.quantity ELSE 0 END), 0) AS total_qty
    FROM medicines m
    LEFT JOIN batches b ON b.medicine_id = m.id
    WHERE m.is_active = 1
      AND (m.name LIKE '%%' OR m.generic_name LIKE '%%' OR m.barcode = '' OR m.hsn_code LIKE '%%')
    GROUP BY m.id
    HAVING total_qty > 0
    ORDER BY m.name
    LIMIT 50
  
[2026-05-25T11:53:00.446Z] [DEBUG] SELECT * FROM customers WHERE is_active=1 ORDER BY name
[2026-05-25T11:53:03.573Z] [DEBUG] SELECT * FROM medicines WHERE is_active=1 ORDER BY name
[2026-05-25T11:53:03.579Z] [DEBUG] SELECT * FROM medicines WHERE is_active=1 ORDER BY name
[2026-05-25T11:53:05.072Z] [DEBUG] SELECT * FROM medicines WHERE is_active=1 ORDER BY name
[2026-05-25T11:53:05.073Z] [DEBUG] SELECT * FROM medicines WHERE is_active=1 ORDER BY name
[2026-05-25T11:53:05.377Z] [DEBUG] 
    SELECT b.*, m.name as medicine_name, m.hsn_code, m.gst_rate, m.unit
    FROM batches b
    JOIN medicines m ON m.id = b.medicine_id
      AND m.is_active = 1
    ORDER BY m.name, b.expiry_date ASC
  
[2026-05-25T11:53:06.703Z] [DEBUG] SELECT * FROM customers WHERE is_active=1 ORDER BY name
[2026-05-25T11:53:10.221Z] [INFO] Database closed
[2026-05-25T11:56:04.483Z] [INFO] Opening database at: C:\Users\surya\AppData\Roaming\pharma-vault\medileader.db
[2026-05-25T11:56:04.496Z] [DEBUG] PRAGMA journal_mode = WAL
[2026-05-25T11:56:04.497Z] [DEBUG] PRAGMA foreign_keys = ON
[2026-05-25T11:56:04.498Z] [DEBUG] PRAGMA synchronous = NORMAL
[2026-05-25T11:56:04.500Z] [DEBUG] PRAGMA temp_store = MEMORY
[2026-05-25T11:56:04.501Z] [DEBUG] PRAGMA mmap_size = 268435456
[2026-05-25T11:56:04.505Z] [DEBUG] PRAGMA cache_size = -32000
[2026-05-25T11:56:04.508Z] [DEBUG] PRAGMA journal_mode = WAL;
[2026-05-25T11:56:04.509Z] [DEBUG] PRAGMA foreign_keys = ON;
[2026-05-25T11:56:04.510Z] [DEBUG] PRAGMA synchronous = NORMAL;
[2026-05-25T11:56:04.512Z] [DEBUG] PRAGMA temp_store = MEMORY;
[2026-05-25T11:56:04.514Z] [DEBUG] CREATE TABLE IF NOT EXISTS schema_migrations (
      id INTEGER PRIMARY KEY AUTOINCREMENT,
      version TEXT NOT NULL UNIQUE,
      applied_at TEXT NOT NULL DEFAULT (datetime('now','localtime'))
    );
[2026-05-25T11:56:04.516Z] [DEBUG] CREATE TABLE IF NOT EXISTS users (
      id INTEGER PRIMARY KEY AUTOINCREMENT,
      email TEXT NOT NULL UNIQUE COLLATE NOCASE,
      name TEXT NOT NULL DEFAULT '',
      password_hash TEXT NOT NULL,
      role TEXT NOT NULL DEFAULT 'cashier' CHECK(role IN ('admin','manager','cashier')),
      phone TEXT,
      is_active INTEGER NOT NULL DEFAULT 1 CHECK(is_active IN (0,1)),
      created_at TEXT NOT NULL DEFAULT (datetime('now','localtime')),
      updated_at TEXT NOT NULL DEFAULT (datetime('now','localtime'))
    );
[2026-05-25T11:56:04.517Z] [DEBUG] CREATE TABLE IF NOT EXISTS medicines (
      id INTEGER PRIMARY KEY AUTOINCREMENT,
      name TEXT NOT NULL,
      generic_name TEXT,
      hsn_code TEXT NOT NULL DEFAULT '',
      gst_rate REAL NOT NULL DEFAULT 12 CHECK(gst_rate IN (0,5,12,18)),
      unit TEXT NOT NULL DEFAULT 'strip',
      mrp REAL NOT NULL DEFAULT 0,
      cost REAL NOT NULL DEFAULT 0,
      barcode TEXT,
      manufacturer TEXT,
      schedule TEXT NOT NULL DEFAULT 'OTC' CHECK(schedule IN ('OTC','H','H1','X','G')),
      category TEXT,
      is_active INTEGER NOT NULL DEFAULT 1 CHECK(is_active IN (0,1)),
      sync_id TEXT UNIQUE,
      created_at TEXT NOT NULL DEFAULT (datetime('now','localtime')),
      updated_at TEXT NOT NULL DEFAULT (datetime('now','localtime'))
    );
[2026-05-25T11:56:04.519Z] [DEBUG] CREATE TABLE IF NOT EXISTS batches (
      id INTEGER PRIMARY KEY AUTOINCREMENT,
      medicine_id INTEGER NOT NULL REFERENCES medicines(id) ON DELETE RESTRICT,
      batch_number TEXT NOT NULL,
      expiry_date TEXT NOT NULL,
      purchase_price REAL NOT NULL DEFAULT 0,
      mrp REAL NOT NULL DEFAULT 0,
      quantity INTEGER NOT NULL DEFAULT 0 CHECK(quantity >= 0),
      reorder_level INTEGER NOT NULL DEFAULT 10,
      sync_id TEXT UNIQUE,
      created_at TEXT NOT NULL DEFAULT (datetime('now','localtime')),
      updated_at TEXT NOT NULL DEFAULT (datetime('now','localtime')),
      UNIQUE(medicine_id, batch_number)
    );
[2026-05-25T11:56:04.520Z] [DEBUG] CREATE TABLE IF NOT EXISTS stock_movements (
      id INTEGER PRIMARY KEY AUTOINCREMENT,
      batch_id INTEGER NOT NULL REFERENCES batches(id) ON DELETE RESTRICT,
      medicine_id INTEGER NOT NULL REFERENCES medicines(id) ON DELETE RESTRICT,
      movement_type TEXT NOT NULL,
      quantity INTEGER NOT NULL,
      balance_after INTEGER NOT NULL,
      reference_type TEXT,
      reference_id INTEGER,
      reference_number TEXT,
      remarks TEXT,
      created_by INTEGER NOT NULL REFERENCES users(id),
      created_at TEXT NOT NULL DEFAULT (datetime('now','localtime'))
    );
[2026-05-25T11:56:04.522Z] [DEBUG] CREATE TABLE IF NOT EXISTS customers (
      id INTEGER PRIMARY KEY AUTOINCREMENT,
      name TEXT NOT NULL,
      phone TEXT,
      email TEXT,
      address TEXT,
      city TEXT,
      state TEXT DEFAULT 'Tamil Nadu',
      state_code TEXT DEFAULT '33',
      gst_number TEXT,
      credit_limit REAL NOT NULL DEFAULT 0,
      credit_used REAL NOT NULL DEFAULT 0,
      is_active INTEGER NOT NULL DEFAULT 1 CHECK(is_active IN (0,1)),
      sync_id TEXT UNIQUE,
      created_at TEXT NOT NULL DEFAULT (datetime('now','localtime')),
      updated_at TEXT NOT NULL DEFAULT (datetime('now','localtime'))
    );
[2026-05-25T11:56:04.523Z] [DEBUG] CREATE TABLE IF NOT EXISTS suppliers (
      id INTEGER PRIMARY KEY AUTOINCREMENT,
      name TEXT NOT NULL,
      phone TEXT,
      email TEXT,
      address TEXT,
      city TEXT,
      state TEXT DEFAULT 'Tamil Nadu',
      state_code TEXT DEFAULT '33',
      gstin TEXT,
      dl_number TEXT,
      dl_expiry TEXT,
      credit_days INTEGER NOT NULL DEFAULT 30,
      outstanding REAL NOT NULL DEFAULT 0,
      is_active INTEGER NOT NULL DEFAULT 1 CHECK(is_active IN (0,1)),
      sync_id TEXT UNIQUE,
      created_at TEXT NOT NULL DEFAULT (datetime('now','localtime')),
      updated_at TEXT NOT NULL DEFAULT (datetime('now','localtime'))
    );
[2026-05-25T11:56:04.524Z] [DEBUG] CREATE TABLE IF NOT EXISTS invoices (
      id INTEGER PRIMARY KEY AUTOINCREMENT,
      invoice_number TEXT NOT NULL UNIQUE,
      customer_id INTEGER REFERENCES customers(id) ON DELETE SET NULL,
      customer_name TEXT NOT NULL DEFAULT 'Walk-in',
      customer_gstin TEXT,
      customer_state_code TEXT DEFAULT '33',
      supply_type TEXT NOT NULL DEFAULT 'intrastate',
      invoice_date TEXT NOT NULL,
      due_date TEXT,
      subtotal REAL NOT NULL DEFAULT 0,
      discount_amount REAL NOT NULL DEFAULT 0,
      taxable_amount REAL NOT NULL DEFAULT 0,
      cgst_amount REAL NOT NULL DEFAULT 0,
      sgst_amount REAL NOT NULL DEFAULT 0,
      igst_amount REAL NOT NULL DEFAULT 0,
      total_gst REAL NOT NULL DEFAULT 0,
      round_off REAL NOT NULL DEFAULT 0,
      total_amount REAL NOT NULL DEFAULT 0,
      paid_amount REAL NOT NULL DEFAULT 0,
      payment_method TEXT NOT NULL DEFAULT 'cash',
      status TEXT NOT NULL DEFAULT 'paid',
      notes TEXT,
      created_by INTEGER NOT NULL REFERENCES users(id),
      sync_id TEXT UNIQUE,
      created_at TEXT NOT NULL DEFAULT (datetime('now','localtime')),
      updated_at TEXT NOT NULL DEFAULT (datetime('now','localtime'))
    );
[2026-05-25T11:56:04.526Z] [DEBUG] CREATE TABLE IF NOT EXISTS invoice_items (
      id INTEGER PRIMARY KEY AUTOINCREMENT,
      invoice_id INTEGER NOT NULL REFERENCES invoices(id) ON DELETE CASCADE,
      medicine_id INTEGER NOT NULL REFERENCES medicines(id) ON DELETE RESTRICT,
      medicine_name TEXT NOT NULL,
      batch_id INTEGER NOT NULL REFERENCES batches(id) ON DELETE RESTRICT,
      batch_number TEXT NOT NULL,
      hsn_code TEXT NOT NULL DEFAULT '',
      quantity INTEGER NOT NULL,
      unit TEXT NOT NULL DEFAULT 'strip',
      mrp REAL NOT NULL DEFAULT 0,
      unit_price REAL NOT NULL,
      discount_pct REAL NOT NULL DEFAULT 0,
      taxable_amount REAL NOT NULL DEFAULT 0,
      gst_rate REAL NOT NULL DEFAULT 12,
      cgst_rate REAL NOT NULL DEFAULT 6,
      sgst_rate REAL NOT NULL DEFAULT 6,
      igst_rate REAL NOT NULL DEFAULT 0,
      cgst_amount REAL NOT NULL DEFAULT 0,
      sgst_amount REAL NOT NULL DEFAULT 0,
      igst_amount REAL NOT NULL DEFAULT 0,
      total_amount REAL NOT NULL DEFAULT 0
    );
[2026-05-25T11:56:04.527Z] [DEBUG] CREATE TABLE IF NOT EXISTS returns (
      id INTEGER PRIMARY KEY AUTOINCREMENT,
      return_number TEXT NOT NULL UNIQUE,
      invoice_id INTEGER REFERENCES invoices(id) ON DELETE SET NULL,
      invoice_number TEXT,
      customer_id INTEGER REFERENCES customers(id) ON DELETE SET NULL,
      customer_name TEXT NOT NULL DEFAULT 'Walk-in',
      return_type TEXT NOT NULL DEFAULT 'customer_return',
      return_date TEXT NOT NULL,
      taxable_amount REAL NOT NULL DEFAULT 0,
      cgst_amount REAL NOT NULL DEFAULT 0,
      sgst_amount REAL NOT NULL DEFAULT 0,
      igst_amount REAL NOT NULL DEFAULT 0,
      total_gst REAL NOT NULL DEFAULT 0,
      total_amount REAL NOT NULL DEFAULT 0,
      credit_note_issued INTEGER NOT NULL DEFAULT 0,
      notes TEXT,
      created_by INTEGER NOT NULL REFERENCES users(id),
      created_at TEXT NOT NULL DEFAULT (datetime('now','localtime')),
      updated_at TEXT NOT NULL DEFAULT (datetime('now','localtime'))
    );
[2026-05-25T11:56:04.529Z] [DEBUG] CREATE TABLE IF NOT EXISTS return_items (
      id INTEGER PRIMARY KEY AUTOINCREMENT,
      return_id INTEGER NOT NULL REFERENCES returns(id) ON DELETE CASCADE,
      invoice_item_id INTEGER REFERENCES invoice_items(id) ON DELETE SET NULL,
      medicine_id INTEGER NOT NULL REFERENCES medicines(id) ON DELETE RESTRICT,
      medicine_name TEXT NOT NULL,
      batch_id INTEGER NOT NULL REFERENCES batches(id) ON DELETE RESTRICT,
      batch_number TEXT NOT NULL,
      hsn_code TEXT NOT NULL DEFAULT '',
      quantity INTEGER NOT NULL,
      unit_price REAL NOT NULL,
      discount_pct REAL NOT NULL DEFAULT 0,
      taxable_amount REAL NOT NULL DEFAULT 0,
      gst_rate REAL NOT NULL DEFAULT 12,
      cgst_rate REAL NOT NULL DEFAULT 6,
      sgst_rate REAL NOT NULL DEFAULT 6,
      igst_rate REAL NOT NULL DEFAULT 0,
      cgst_amount REAL NOT NULL DEFAULT 0,
      sgst_amount REAL NOT NULL DEFAULT 0,
      igst_amount REAL NOT NULL DEFAULT 0,
      total_amount REAL NOT NULL DEFAULT 0,
      reason TEXT
    );
[2026-05-25T11:56:04.531Z] [DEBUG] CREATE TABLE IF NOT EXISTS purchase_orders (
      id INTEGER PRIMARY KEY AUTOINCREMENT,
      po_number TEXT NOT NULL UNIQUE,
      supplier_id INTEGER NOT NULL REFERENCES suppliers(id) ON DELETE RESTRICT,
      supplier_name TEXT NOT NULL,
      supply_type TEXT NOT NULL DEFAULT 'intrastate',
      order_date TEXT NOT NULL,
      expected_delivery TEXT,
      taxable_amount REAL NOT NULL DEFAULT 0,
      cgst_amount REAL NOT NULL DEFAULT 0,
      sgst_amount REAL NOT NULL DEFAULT 0,
      igst_amount REAL NOT NULL DEFAULT 0,
      total_amount REAL NOT NULL DEFAULT 0,
      status TEXT NOT NULL DEFAULT 'draft',
      notes TEXT,
      created_by INTEGER NOT NULL REFERENCES users(id),
      sync_id TEXT UNIQUE,
      created_at TEXT NOT NULL DEFAULT (datetime('now','localtime')),
      updated_at TEXT NOT NULL DEFAULT (datetime('now','localtime'))
    );
[2026-05-25T11:56:04.533Z] [DEBUG] CREATE TABLE IF NOT EXISTS po_items (
      id INTEGER PRIMARY KEY AUTOINCREMENT,
      po_id INTEGER NOT NULL REFERENCES purchase_orders(id) ON DELETE CASCADE,
      medicine_id INTEGER NOT NULL REFERENCES medicines(id) ON DELETE RESTRICT,
      medicine_name TEXT NOT NULL,
      hsn_code TEXT NOT NULL DEFAULT '',
      ordered_qty INTEGER NOT NULL DEFAULT 0,
      received_qty INTEGER NOT NULL DEFAULT 0,
      free_qty INTEGER NOT NULL DEFAULT 0,
      unit_price REAL NOT NULL DEFAULT 0,
      gst_rate REAL NOT NULL DEFAULT 12,
      taxable_amount REAL NOT NULL DEFAULT 0,
      cgst_amount REAL NOT NULL DEFAULT 0,
      sgst_amount REAL NOT NULL DEFAULT 0,
      igst_amount REAL NOT NULL DEFAULT 0,
      total_amount REAL NOT NULL DEFAULT 0
    );
[2026-05-25T11:56:04.535Z] [DEBUG] CREATE TABLE IF NOT EXISTS purchase_receipts (
      id INTEGER PRIMARY KEY AUTOINCREMENT,
      receipt_number TEXT NOT NULL UNIQUE,
      po_id INTEGER NOT NULL REFERENCES purchase_orders(id) ON DELETE RESTRICT,
      po_number TEXT NOT NULL,
      supplier_id INTEGER NOT NULL REFERENCES suppliers(id) ON DELETE RESTRICT,
      supplier_name TEXT NOT NULL,
      supplier_invoice_number TEXT,
      receipt_date TEXT NOT NULL,
      taxable_amount REAL NOT NULL DEFAULT 0,
      cgst_amount REAL NOT NULL DEFAULT 0,
      sgst_amount REAL NOT NULL DEFAULT 0,
      igst_amount REAL NOT NULL DEFAULT 0,
      total_amount REAL NOT NULL DEFAULT 0,
      notes TEXT,
      created_by INTEGER NOT NULL REFERENCES users(id),
      created_at TEXT NOT NULL DEFAULT (datetime('now','localtime'))
    );
[2026-05-25T11:56:04.536Z] [DEBUG] CREATE TABLE IF NOT EXISTS receipt_items (
      id INTEGER PRIMARY KEY AUTOINCREMENT,
      receipt_id INTEGER NOT NULL REFERENCES purchase_receipts(id) ON DELETE CASCADE,
      po_item_id INTEGER NOT NULL REFERENCES po_items(id) ON DELETE RESTRICT,
      medicine_id INTEGER NOT NULL REFERENCES medicines(id) ON DELETE RESTRICT,
      medicine_name TEXT NOT NULL,
      batch_number TEXT NOT NULL,
      expiry_date TEXT NOT NULL,
      ordered_qty INTEGER NOT NULL DEFAULT 0,
      received_qty INTEGER NOT NULL DEFAULT 0,
      free_qty INTEGER NOT NULL DEFAULT 0,
      unit_price REAL NOT NULL DEFAULT 0,
      gst_rate REAL NOT NULL DEFAULT 12,
      taxable_amount REAL NOT NULL DEFAULT 0,
      cgst_amount REAL NOT NULL DEFAULT 0,
      sgst_amount REAL NOT NULL DEFAULT 0,
      igst_amount REAL NOT NULL DEFAULT 0,
      total_amount REAL NOT NULL DEFAULT 0,
      reorder_level INTEGER NOT NULL DEFAULT 10
    );
[2026-05-25T11:56:04.538Z] [DEBUG] CREATE TABLE IF NOT EXISTS supplier_payments (
      id INTEGER PRIMARY KEY AUTOINCREMENT,
      supplier_id INTEGER NOT NULL REFERENCES suppliers(id) ON DELETE RESTRICT,
      supplier_name TEXT NOT NULL,
      payment_date TEXT NOT NULL,
      amount REAL NOT NULL,
      method TEXT NOT NULL DEFAULT 'cash',
      reference TEXT,
      notes TEXT,
      created_by INTEGER NOT NULL REFERENCES users(id),
      created_at TEXT NOT NULL DEFAULT (datetime('now','localtime'))
    );
[2026-05-25T11:56:04.540Z] [DEBUG] CREATE TABLE IF NOT EXISTS customer_payments (
      id INTEGER PRIMARY KEY AUTOINCREMENT,
      customer_id INTEGER NOT NULL REFERENCES customers(id) ON DELETE RESTRICT,
      customer_name TEXT NOT NULL,
      invoice_id INTEGER REFERENCES invoices(id) ON DELETE SET NULL,
      payment_date TEXT NOT NULL,
      amount REAL NOT NULL,
      method TEXT NOT NULL DEFAULT 'cash',
      reference TEXT,
      notes TEXT,
      created_by INTEGER NOT NULL REFERENCES users(id),
      created_at TEXT NOT NULL DEFAULT (datetime('now','localtime'))
    );
[2026-05-25T11:56:04.541Z] [DEBUG] CREATE TABLE IF NOT EXISTS ledger_entries (
      id INTEGER PRIMARY KEY AUTOINCREMENT,
      entity_type TEXT NOT NULL CHECK(entity_type IN ('customer','supplier')),
      entity_id INTEGER NOT NULL,
      entry_date TEXT NOT NULL,
      reference_type TEXT NOT NULL,
      reference_id INTEGER NOT NULL,
      reference_number TEXT NOT NULL,
      debit REAL NOT NULL DEFAULT 0,
      credit REAL NOT NULL DEFAULT 0,
      balance REAL NOT NULL DEFAULT 0,
      narration TEXT NOT NULL DEFAULT '',
      created_at TEXT NOT NULL DEFAULT (datetime('now','localtime'))
    );
[2026-05-25T11:56:04.542Z] [DEBUG] CREATE TABLE IF NOT EXISTS gst_returns (
      id INTEGER PRIMARY KEY AUTOINCREMENT,
      return_type TEXT NOT NULL CHECK(return_type IN ('GSTR1','GSTR3B')),
      period TEXT NOT NULL,
      filed_at TEXT,
      data_json TEXT NOT NULL,
      status TEXT NOT NULL DEFAULT 'draft',
      created_by INTEGER NOT NULL REFERENCES users(id),
      created_at TEXT NOT NULL DEFAULT (datetime('now','localtime'))
    );
[2026-05-25T11:56:04.543Z] [DEBUG] CREATE TABLE IF NOT EXISTS settings (
      key TEXT NOT NULL PRIMARY KEY,
      value TEXT NOT NULL DEFAULT '',
      updated_at TEXT NOT NULL DEFAULT (datetime('now','localtime'))
    );
[2026-05-25T11:56:04.545Z] [DEBUG] CREATE TABLE IF NOT EXISTS sync_conflicts (
      id INTEGER PRIMARY KEY AUTOINCREMENT,
      entity_type TEXT NOT NULL,
      sync_id TEXT NOT NULL,
      local_data TEXT,
      remote_data TEXT,
      resolved INTEGER NOT NULL DEFAULT 0,
      created_at TEXT NOT NULL DEFAULT (datetime('now','localtime'))
    );
[2026-05-25T11:56:04.546Z] [DEBUG] CREATE TABLE IF NOT EXISTS audit_logs (
      id INTEGER PRIMARY KEY AUTOINCREMENT,
      table_name TEXT NOT NULL,
      record_id INTEGER NOT NULL,
      action TEXT NOT NULL CHECK(action IN ('INSERT','UPDATE','DELETE')),
      old_values TEXT,
      new_values TEXT,
      user_id INTEGER NOT NULL REFERENCES users(id),
      user_email TEXT NOT NULL,
      created_at TEXT NOT NULL DEFAULT (datetime('now','localtime'))
    );
[2026-05-25T11:56:04.547Z] [DEBUG] CREATE INDEX IF NOT EXISTS idx_medicines_name      ON medicines(name);
[2026-05-25T11:56:04.550Z] [DEBUG] CREATE INDEX IF NOT EXISTS idx_medicines_barcode   ON medicines(barcode);
[2026-05-25T11:56:04.551Z] [DEBUG] CREATE INDEX IF NOT EXISTS idx_batches_medicine    ON batches(medicine_id);
[2026-05-25T11:56:04.552Z] [DEBUG] CREATE INDEX IF NOT EXISTS idx_batches_expiry      ON batches(expiry_date);
[2026-05-25T11:56:04.553Z] [DEBUG] CREATE INDEX IF NOT EXISTS idx_invoices_date       ON invoices(invoice_date);
[2026-05-25T11:56:04.554Z] [DEBUG] CREATE INDEX IF NOT EXISTS idx_invoices_customer   ON invoices(customer_id);
[2026-05-25T11:56:04.555Z] [DEBUG] CREATE INDEX IF NOT EXISTS idx_inv_items_invoice   ON invoice_items(invoice_id);
[2026-05-25T11:56:04.557Z] [DEBUG] CREATE INDEX IF NOT EXISTS idx_returns_invoice     ON returns(invoice_id);
[2026-05-25T11:56:04.558Z] [DEBUG] CREATE INDEX IF NOT EXISTS idx_ledger_entity       ON ledger_entries(entity_type, entity_id);
[2026-05-25T11:56:04.559Z] [DEBUG] CREATE INDEX IF NOT EXISTS idx_stock_movements_batch ON stock_movements(batch_id);
[2026-05-25T11:56:04.560Z] [DEBUG] CREATE INDEX IF NOT EXISTS idx_audit_table         ON audit_logs(table_name, record_id);
[2026-05-25T11:56:04.561Z] [INFO] Embedded schema applied
[2026-05-25T11:56:04.564Z] [DEBUG] SELECT id FROM schema_migrations WHERE version = '001_initial_settings'
[2026-05-25T11:56:04.566Z] [DEBUG] SELECT id FROM schema_migrations WHERE version = '002_soft_delete_medicines'
[2026-05-25T11:56:04.567Z] [DEBUG] SELECT id FROM schema_migrations WHERE version = '003_supplier_outstanding_index'
[2026-05-25T11:56:04.568Z] [INFO] Database ready
[2026-05-25T11:56:04.570Z] [INFO] All IPC handlers registered
[2026-05-25T11:56:04.641Z] [DEBUG] SELECT value FROM settings WHERE key = 'sync_interval'
[2026-05-25T11:56:04.642Z] [INFO] MediLeader started
[2026-05-25T11:56:06.617Z] [ERROR] IPC auth:decrypt: require is not defined
[2026-05-25T11:56:06.971Z] [DEBUG] SELECT id FROM users WHERE role='admin' LIMIT 1
[2026-05-25T11:56:06.974Z] [DEBUG] SELECT id FROM users WHERE role='admin' LIMIT 1
[2026-05-25T11:57:23.098Z] [DEBUG] SELECT id FROM users WHERE role='admin'
[2026-05-25T11:57:36.827Z] [DEBUG] SELECT id FROM users WHERE role='admin'
[2026-05-25T11:57:38.388Z] [DEBUG] SELECT id FROM users WHERE role='admin'
[2026-05-25T11:57:46.777Z] [DEBUG] SELECT id FROM users WHERE role='admin'
[2026-05-25T11:58:43.324Z] [DEBUG] SELECT id FROM users WHERE role='admin'
[2026-05-25T11:58:44.742Z] [DEBUG] SELECT id FROM users WHERE role='admin'
[2026-05-25T11:58:45.235Z] [DEBUG] SELECT id FROM users WHERE role='admin'
[2026-05-25T11:58:45.391Z] [DEBUG] SELECT id FROM users WHERE role='admin'
[2026-05-25T11:58:45.543Z] [DEBUG] SELECT id FROM users WHERE role='admin'
[2026-05-25T11:58:45.699Z] [DEBUG] SELECT id FROM users WHERE role='admin'
[2026-05-25T11:58:45.844Z] [DEBUG] SELECT id FROM users WHERE role='admin'
[2026-05-25T11:58:45.984Z] [DEBUG] SELECT id FROM users WHERE role='admin'
[2026-05-25T11:58:46.202Z] [DEBUG] SELECT id FROM users WHERE role='admin'
[2026-05-25T11:59:41.479Z] [DEBUG] SELECT * FROM users WHERE email = 'admin@test.com' AND is_active = 1
[2026-05-25T11:59:41.591Z] [ERROR] IPC auth:encrypt: require is not defined
[2026-05-25T11:59:41.649Z] [DEBUG] 
    SELECT COALESCE(SUM(total_amount),0) AS total, COUNT(*) AS count
    FROM invoices WHERE invoice_date = '2026-05-25' AND status IN ('paid','partial')
  
[2026-05-25T11:59:41.654Z] [DEBUG] 
    SELECT COALESCE(SUM(b.quantity * b.purchase_price), 0) AS value
    FROM batches b JOIN medicines m ON m.id = b.medicine_id WHERE m.is_active = 1
  
[2026-05-25T11:59:41.656Z] [DEBUG] 
    SELECT COUNT(*) AS count FROM batches b
    JOIN medicines m ON m.id = b.medicine_id AND m.is_active = 1
    WHERE b.quantity > 0
      AND b.expiry_date BETWEEN '2026-05-25' AND '2026-06-24'
  
[2026-05-25T11:59:41.662Z] [DEBUG] 
    SELECT COALESCE(SUM(credit_used),0) AS total FROM customers
  
[2026-05-25T11:59:41.663Z] [DEBUG] 
    SELECT COUNT(*) AS count FROM batches WHERE quantity <= reorder_level AND quantity > 0
  
[2026-05-25T11:59:41.664Z] [DEBUG] 
    SELECT * FROM invoices ORDER BY created_at DESC LIMIT 10
  
[2026-05-25T11:59:41.665Z] [DEBUG] 
    SELECT invoice_date AS date, SUM(total_amount) AS revenue
    FROM invoices
    WHERE invoice_date BETWEEN '2026-05-18' AND '2026-05-25' AND status IN ('paid','partial')
    GROUP BY invoice_date
    ORDER BY invoice_date ASC
  
[2026-05-25T11:59:41.667Z] [DEBUG] 
    SELECT COALESCE(SUM(total_amount),0) AS total, COUNT(*) AS count
    FROM invoices WHERE invoice_date = '2026-05-25' AND status IN ('paid','partial')
  
[2026-05-25T11:59:41.667Z] [DEBUG] 
    SELECT COALESCE(SUM(b.quantity * b.purchase_price), 0) AS value
    FROM batches b JOIN medicines m ON m.id = b.medicine_id WHERE m.is_active = 1
  
[2026-05-25T11:59:41.668Z] [DEBUG] 
    SELECT COUNT(*) AS count FROM batches b
    JOIN medicines m ON m.id = b.medicine_id AND m.is_active = 1
    WHERE b.quantity > 0
      AND b.expiry_date BETWEEN '2026-05-25' AND '2026-06-24'
  
[2026-05-25T11:59:41.669Z] [DEBUG] 
    SELECT COALESCE(SUM(credit_used),0) AS total FROM customers
  
[2026-05-25T11:59:41.670Z] [DEBUG] 
    SELECT COUNT(*) AS count FROM batches WHERE quantity <= reorder_level AND quantity > 0
  
[2026-05-25T11:59:41.672Z] [DEBUG] 
    SELECT * FROM invoices ORDER BY created_at DESC LIMIT 10
  
[2026-05-25T11:59:41.672Z] [DEBUG] 
    SELECT invoice_date AS date, SUM(total_amount) AS revenue
    FROM invoices
    WHERE invoice_date BETWEEN '2026-05-18' AND '2026-05-25' AND status IN ('paid','partial')
    GROUP BY invoice_date
    ORDER BY invoice_date ASC
  
[2026-05-25T11:59:50.039Z] [DEBUG] SELECT * FROM medicines WHERE is_active=1 ORDER BY name
[2026-05-25T11:59:50.041Z] [DEBUG] SELECT * FROM medicines WHERE is_active=1 ORDER BY name
[2026-05-25T11:59:52.304Z] [DEBUG] 
    SELECT
      m.id, m.name, m.generic_name, m.hsn_code, m.gst_rate, m.unit, m.mrp,
      m.barcode, m.schedule,
      COALESCE(SUM(CASE WHEN b.expiry_date > '2026-05-25' AND b.quantity > 0 THEN b.quantity ELSE 0 END), 0) AS total_qty
    FROM medicines m
    LEFT JOIN batches b ON b.medicine_id = m.id
    WHERE m.is_active = 1
      AND (m.name LIKE '%%' OR m.generic_name LIKE '%%' OR m.barcode = '' OR m.hsn_code LIKE '%%')
    GROUP BY m.id
    HAVING total_qty > 0
    ORDER BY m.name
    LIMIT 50
  
[2026-05-25T11:59:52.307Z] [DEBUG] SELECT * FROM customers WHERE is_active=1 ORDER BY name
[2026-05-25T11:59:52.310Z] [DEBUG] 
    SELECT
      m.id, m.name, m.generic_name, m.hsn_code, m.gst_rate, m.unit, m.mrp,
      m.barcode, m.schedule,
      COALESCE(SUM(CASE WHEN b.expiry_date > '2026-05-25' AND b.quantity > 0 THEN b.quantity ELSE 0 END), 0) AS total_qty
    FROM medicines m
    LEFT JOIN batches b ON b.medicine_id = m.id
    WHERE m.is_active = 1
      AND (m.name LIKE '%%' OR m.generic_name LIKE '%%' OR m.barcode = '' OR m.hsn_code LIKE '%%')
    GROUP BY m.id
    HAVING total_qty > 0
    ORDER BY m.name
    LIMIT 50
  
[2026-05-25T11:59:52.313Z] [DEBUG] SELECT * FROM customers WHERE is_active=1 ORDER BY name
[2026-05-25T11:59:54.998Z] [DEBUG] 
    SELECT
      invoice_date                         AS date,
      COUNT(*)                             AS invoice_count,
      SUM(total_amount)                    AS total_revenue,
      SUM(taxable_amount)                  AS total_taxable,
      SUM(cgst_amount)                     AS total_cgst,
      SUM(sgst_amount)                     AS total_sgst,
      SUM(igst_amount)                     AS total_igst,
      SUM(total_gst)                       AS total_gst,
      SUM(CASE WHEN payment_method='cash'   THEN total_amount ELSE 0 END) AS cash_total,
      SUM(CASE WHEN payment_method='card'   THEN total_amount ELSE 0 END) AS card_total,
      SUM(CASE WHEN payment_method='upi'    THEN total_amount ELSE 0 END) AS upi_total,
      SUM(CASE WHEN payment_method='credit' THEN total_amount ELSE 0 END) AS credit_total
    FROM invoices
    WHERE invoice_date BETWEEN '2026-04-25' AND '2026-05-25'
      AND status IN ('paid','partial')
    GROUP BY invoice_date
    ORDER BY invoice_date DESC
  
[2026-05-25T11:59:54.999Z] [DEBUG] 
    SELECT
      invoice_date                         AS date,
      COUNT(*)                             AS invoice_count,
      SUM(total_amount)                    AS total_revenue,
      SUM(taxable_amount)                  AS total_taxable,
      SUM(cgst_amount)                     AS total_cgst,
      SUM(sgst_amount)                     AS total_sgst,
      SUM(igst_amount)                     AS total_igst,
      SUM(total_gst)                       AS total_gst,
      SUM(CASE WHEN payment_method='cash'   THEN total_amount ELSE 0 END) AS cash_total,
      SUM(CASE WHEN payment_method='card'   THEN total_amount ELSE 0 END) AS card_total,
      SUM(CASE WHEN payment_method='upi'    THEN total_amount ELSE 0 END) AS upi_total,
      SUM(CASE WHEN payment_method='credit' THEN total_amount ELSE 0 END) AS credit_total
    FROM invoices
    WHERE invoice_date BETWEEN '2026-04-25' AND '2026-05-25'
      AND status IN ('paid','partial')
    GROUP BY invoice_date
    ORDER BY invoice_date DESC
  
[2026-05-25T12:00:02.966Z] [DEBUG] 
    SELECT COALESCE(SUM(total_amount),0) AS total, COUNT(*) AS count
    FROM invoices WHERE invoice_date = '2026-05-25' AND status IN ('paid','partial')
  
[2026-05-25T12:00:02.967Z] [DEBUG] 
    SELECT COALESCE(SUM(b.quantity * b.purchase_price), 0) AS value
    FROM batches b JOIN medicines m ON m.id = b.medicine_id WHERE m.is_active = 1
  
[2026-05-25T12:00:02.968Z] [DEBUG] 
    SELECT COUNT(*) AS count FROM batches b
    JOIN medicines m ON m.id = b.medicine_id AND m.is_active = 1
    WHERE b.quantity > 0
      AND b.expiry_date BETWEEN '2026-05-25' AND '2026-06-24'
  
[2026-05-25T12:00:02.969Z] [DEBUG] 
    SELECT COALESCE(SUM(credit_used),0) AS total FROM customers
  
[2026-05-25T12:00:02.970Z] [DEBUG] 
    SELECT COUNT(*) AS count FROM batches WHERE quantity <= reorder_level AND quantity > 0
  
[2026-05-25T12:00:02.971Z] [DEBUG] 
    SELECT * FROM invoices ORDER BY created_at DESC LIMIT 10
  
[2026-05-25T12:00:02.972Z] [DEBUG] 
    SELECT invoice_date AS date, SUM(total_amount) AS revenue
    FROM invoices
    WHERE invoice_date BETWEEN '2026-05-18' AND '2026-05-25' AND status IN ('paid','partial')
    GROUP BY invoice_date
    ORDER BY invoice_date ASC
  
[2026-05-25T12:00:02.974Z] [DEBUG] 
    SELECT COALESCE(SUM(total_amount),0) AS total, COUNT(*) AS count
    FROM invoices WHERE invoice_date = '2026-05-25' AND status IN ('paid','partial')
  
[2026-05-25T12:00:02.976Z] [DEBUG] 
    SELECT COALESCE(SUM(b.quantity * b.purchase_price), 0) AS value
    FROM batches b JOIN medicines m ON m.id = b.medicine_id WHERE m.is_active = 1
  
[2026-05-25T12:00:02.977Z] [DEBUG] 
    SELECT COUNT(*) AS count FROM batches b
    JOIN medicines m ON m.id = b.medicine_id AND m.is_active = 1
    WHERE b.quantity > 0
      AND b.expiry_date BETWEEN '2026-05-25' AND '2026-06-24'
  
[2026-05-25T12:00:02.979Z] [DEBUG] 
    SELECT COALESCE(SUM(credit_used),0) AS total FROM customers
  
[2026-05-25T12:00:02.981Z] [DEBUG] 
    SELECT COUNT(*) AS count FROM batches WHERE quantity <= reorder_level AND quantity > 0
  
[2026-05-25T12:00:02.983Z] [DEBUG] 
    SELECT * FROM invoices ORDER BY created_at DESC LIMIT 10
  
[2026-05-25T12:00:02.985Z] [DEBUG] 
    SELECT invoice_date AS date, SUM(total_amount) AS revenue
    FROM invoices
    WHERE invoice_date BETWEEN '2026-05-18' AND '2026-05-25' AND status IN ('paid','partial')
    GROUP BY invoice_date
    ORDER BY invoice_date ASC
  
[2026-05-25T12:00:04.910Z] [DEBUG] 
    SELECT
      m.id, m.name, m.generic_name, m.hsn_code, m.gst_rate, m.unit, m.mrp,
      m.barcode, m.schedule,
      COALESCE(SUM(CASE WHEN b.expiry_date > '2026-05-25' AND b.quantity > 0 THEN b.quantity ELSE 0 END), 0) AS total_qty
    FROM medicines m
    LEFT JOIN batches b ON b.medicine_id = m.id
    WHERE m.is_active = 1
      AND (m.name LIKE '%%' OR m.generic_name LIKE '%%' OR m.barcode = '' OR m.hsn_code LIKE '%%')
    GROUP BY m.id
    HAVING total_qty > 0
    ORDER BY m.name
    LIMIT 50
  
[2026-05-25T12:00:04.913Z] [DEBUG] SELECT * FROM customers WHERE is_active=1 ORDER BY name
[2026-05-25T12:00:04.916Z] [DEBUG] 
    SELECT
      m.id, m.name, m.generic_name, m.hsn_code, m.gst_rate, m.unit, m.mrp,
      m.barcode, m.schedule,
      COALESCE(SUM(CASE WHEN b.expiry_date > '2026-05-25' AND b.quantity > 0 THEN b.quantity ELSE 0 END), 0) AS total_qty
    FROM medicines m
    LEFT JOIN batches b ON b.medicine_id = m.id
    WHERE m.is_active = 1
      AND (m.name LIKE '%%' OR m.generic_name LIKE '%%' OR m.barcode = '' OR m.hsn_code LIKE '%%')
    GROUP BY m.id
    HAVING total_qty > 0
    ORDER BY m.name
    LIMIT 50
  
[2026-05-25T12:00:04.919Z] [DEBUG] SELECT * FROM customers WHERE is_active=1 ORDER BY name
[2026-05-25T12:00:09.463Z] [DEBUG] SELECT * FROM medicines WHERE is_active=1 ORDER BY name
[2026-05-25T12:00:09.465Z] [DEBUG] SELECT * FROM medicines WHERE is_active=1 ORDER BY name
[2026-05-25T12:00:09.770Z] [DEBUG] 
    SELECT b.*, m.name as medicine_name, m.hsn_code, m.gst_rate, m.unit
    FROM batches b
    JOIN medicines m ON m.id = b.medicine_id
      AND m.is_active = 1
    ORDER BY m.name, b.expiry_date ASC
  
[2026-05-25T12:00:10.814Z] [DEBUG] SELECT * FROM customers WHERE is_active=1 ORDER BY name
[2026-05-25T12:00:54.398Z] [DEBUG] 
      INSERT INTO customers (name, phone, email, address, city, state, state_code, gst_number, credit_limit)
      VALUES ('Kumar','9876543210','kumar@gmail.com','papanayakanpalayam, ',NULL,'Tamil Nadu','33',NULL,0.0)
    
[2026-05-25T12:00:54.409Z] [DEBUG] SELECT * FROM customers WHERE is_active=1 ORDER BY name
[2026-05-25T12:03:00.043Z] [DEBUG] 
      UPDATE customers SET name='Kumar', phone='9876543210', email='kumar@gmail.com', address='papanayakanpalayam, Tiruppur', city=NULL, state='Tamil Nadu',
        state_code='33', gst_number=NULL, credit_limit=0.0, updated_at=datetime('now','localtime')
      WHERE id=1.0
    
[2026-05-25T12:03:00.049Z] [DEBUG] SELECT * FROM customers WHERE is_active=1 ORDER BY name
[2026-05-25T12:03:06.285Z] [DEBUG] SELECT COUNT(*) as c FROM returns WHERE return_date >= '2026-05-01' AND return_date <= '2026-05-25'
[2026-05-25T12:03:06.286Z] [DEBUG] SELECT * FROM returns WHERE return_date >= '2026-05-01' AND return_date <= '2026-05-25' ORDER BY return_date DESC, id DESC LIMIT 100.0 OFFSET 0.0
[2026-05-25T12:03:06.288Z] [DEBUG] SELECT COUNT(*) as c FROM returns WHERE return_date >= '2026-05-01' AND return_date <= '2026-05-25'
[2026-05-25T12:03:06.288Z] [DEBUG] SELECT * FROM returns WHERE return_date >= '2026-05-01' AND return_date <= '2026-05-25' ORDER BY return_date DESC, id DESC LIMIT 100.0 OFFSET 0.0
[2026-05-25T12:03:17.010Z] [DEBUG] SELECT * FROM suppliers WHERE is_active=1 ORDER BY name
[2026-05-25T12:03:17.011Z] [DEBUG] SELECT * FROM medicines WHERE is_active=1 ORDER BY name
[2026-05-25T12:03:17.013Z] [DEBUG] SELECT * FROM suppliers WHERE is_active=1 ORDER BY name
[2026-05-25T12:03:17.015Z] [DEBUG] SELECT * FROM medicines WHERE is_active=1 ORDER BY name
[2026-05-25T12:03:17.318Z] [DEBUG] SELECT COUNT(*) as c FROM purchase_orders 
[2026-05-25T12:03:17.321Z] [DEBUG] 
    SELECT * FROM purchase_orders  ORDER BY order_date DESC, id DESC LIMIT 50.0 OFFSET 0.0
  
[2026-05-25T12:03:19.243Z] [DEBUG] SELECT * FROM customers WHERE is_active=1 ORDER BY name
[2026-05-25T12:03:21.760Z] [DEBUG] SELECT * FROM medicines WHERE is_active=1 ORDER BY name
[2026-05-25T12:03:21.762Z] [DEBUG] SELECT * FROM medicines WHERE is_active=1 ORDER BY name
[2026-05-25T12:03:22.063Z] [DEBUG] 
    SELECT b.*, m.name as medicine_name, m.hsn_code, m.gst_rate, m.unit
    FROM batches b
    JOIN medicines m ON m.id = b.medicine_id
      AND m.is_active = 1
    ORDER BY m.name, b.expiry_date ASC
  
[2026-05-25T12:03:22.654Z] [DEBUG] 
    SELECT
      m.id, m.name, m.generic_name, m.hsn_code, m.gst_rate, m.unit, m.mrp,
      m.barcode, m.schedule,
      COALESCE(SUM(CASE WHEN b.expiry_date > '2026-05-25' AND b.quantity > 0 THEN b.quantity ELSE 0 END), 0) AS total_qty
    FROM medicines m
    LEFT JOIN batches b ON b.medicine_id = m.id
    WHERE m.is_active = 1
      AND (m.name LIKE '%%' OR m.generic_name LIKE '%%' OR m.barcode = '' OR m.hsn_code LIKE '%%')
    GROUP BY m.id
    HAVING total_qty > 0
    ORDER BY m.name
    LIMIT 50
  
[2026-05-25T12:03:22.657Z] [DEBUG] SELECT * FROM customers WHERE is_active=1 ORDER BY name
[2026-05-25T12:03:22.664Z] [DEBUG] 
    SELECT
      m.id, m.name, m.generic_name, m.hsn_code, m.gst_rate, m.unit, m.mrp,
      m.barcode, m.schedule,
      COALESCE(SUM(CASE WHEN b.expiry_date > '2026-05-25' AND b.quantity > 0 THEN b.quantity ELSE 0 END), 0) AS total_qty
    FROM medicines m
    LEFT JOIN batches b ON b.medicine_id = m.id
    WHERE m.is_active = 1
      AND (m.name LIKE '%%' OR m.generic_name LIKE '%%' OR m.barcode = '' OR m.hsn_code LIKE '%%')
    GROUP BY m.id
    HAVING total_qty > 0
    ORDER BY m.name
    LIMIT 50
  
[2026-05-25T12:03:22.668Z] [DEBUG] SELECT * FROM customers WHERE is_active=1 ORDER BY name
[2026-05-25T12:03:46.290Z] [DEBUG] SELECT * FROM medicines WHERE is_active=1 ORDER BY name
[2026-05-25T12:03:46.291Z] [DEBUG] SELECT * FROM medicines WHERE is_active=1 ORDER BY name
[2026-05-25T12:03:47.390Z] [DEBUG] 
    SELECT
      m.id, m.name, m.generic_name, m.hsn_code, m.gst_rate, m.unit, m.mrp,
      m.barcode, m.schedule,
      COALESCE(SUM(CASE WHEN b.expiry_date > '2026-05-25' AND b.quantity > 0 THEN b.quantity ELSE 0 END), 0) AS total_qty
    FROM medicines m
    LEFT JOIN batches b ON b.medicine_id = m.id
    WHERE m.is_active = 1
      AND (m.name LIKE '%%' OR m.generic_name LIKE '%%' OR m.barcode = '' OR m.hsn_code LIKE '%%')
    GROUP BY m.id
    HAVING total_qty > 0
    ORDER BY m.name
    LIMIT 50
  
[2026-05-25T12:03:47.392Z] [DEBUG] SELECT * FROM customers WHERE is_active=1 ORDER BY name
[2026-05-25T12:03:47.394Z] [DEBUG] 
    SELECT
      m.id, m.name, m.generic_name, m.hsn_code, m.gst_rate, m.unit, m.mrp,
      m.barcode, m.schedule,
      COALESCE(SUM(CASE WHEN b.expiry_date > '2026-05-25' AND b.quantity > 0 THEN b.quantity ELSE 0 END), 0) AS total_qty
    FROM medicines m
    LEFT JOIN batches b ON b.medicine_id = m.id
    WHERE m.is_active = 1
      AND (m.name LIKE '%%' OR m.generic_name LIKE '%%' OR m.barcode = '' OR m.hsn_code LIKE '%%')
    GROUP BY m.id
    HAVING total_qty > 0
    ORDER BY m.name
    LIMIT 50
  
[2026-05-25T12:03:47.397Z] [DEBUG] SELECT * FROM customers WHERE is_active=1 ORDER BY name
[2026-05-25T12:03:55.485Z] [DEBUG] SELECT * FROM medicines WHERE is_active=1 ORDER BY name
[2026-05-25T12:03:55.486Z] [DEBUG] SELECT * FROM medicines WHERE is_active=1 ORDER BY name
[2026-05-25T12:06:51.379Z] [DEBUG] 
      INSERT INTO medicines (name, generic_name, hsn_code, gst_rate, unit, mrp, cost, barcode, manufacturer, schedule, category)
      VALUES ('Paracitamal','Paracitamal','3004',5.0,'tablet',10.0,8.0,NULL,NULL,'OTC',NULL)
    
[2026-05-25T12:06:51.385Z] [DEBUG] SELECT * FROM medicines WHERE is_active=1 ORDER BY name
[2026-05-25T12:06:55.417Z] [DEBUG] 
    SELECT
      m.id, m.name, m.generic_name, m.hsn_code, m.gst_rate, m.unit, m.mrp,
      m.barcode, m.schedule,
      COALESCE(SUM(CASE WHEN b.expiry_date > '2026-05-25' AND b.quantity > 0 THEN b.quantity ELSE 0 END), 0) AS total_qty
    FROM medicines m
    LEFT JOIN batches b ON b.medicine_id = m.id
    WHERE m.is_active = 1
      AND (m.name LIKE '%%' OR m.generic_name LIKE '%%' OR m.barcode = '' OR m.hsn_code LIKE '%%')
    GROUP BY m.id
    HAVING total_qty > 0
    ORDER BY m.name
    LIMIT 50
  
[2026-05-25T12:06:55.420Z] [DEBUG] SELECT * FROM customers WHERE is_active=1 ORDER BY name
[2026-05-25T12:06:55.424Z] [DEBUG] 
    SELECT
      m.id, m.name, m.generic_name, m.hsn_code, m.gst_rate, m.unit, m.mrp,
      m.barcode, m.schedule,
      COALESCE(SUM(CASE WHEN b.expiry_date > '2026-05-25' AND b.quantity > 0 THEN b.quantity ELSE 0 END), 0) AS total_qty
    FROM medicines m
    LEFT JOIN batches b ON b.medicine_id = m.id
    WHERE m.is_active = 1
      AND (m.name LIKE '%%' OR m.generic_name LIKE '%%' OR m.barcode = '' OR m.hsn_code LIKE '%%')
    GROUP BY m.id
    HAVING total_qty > 0
    ORDER BY m.name
    LIMIT 50
  
[2026-05-25T12:06:55.428Z] [DEBUG] SELECT * FROM customers WHERE is_active=1 ORDER BY name
[2026-05-25T12:07:00.546Z] [DEBUG] 
    SELECT
      m.id, m.name, m.generic_name, m.hsn_code, m.gst_rate, m.unit, m.mrp,
      m.barcode, m.schedule,
      COALESCE(SUM(CASE WHEN b.expiry_date > '2026-05-25' AND b.quantity > 0 THEN b.quantity ELSE 0 END), 0) AS total_qty
    FROM medicines m
    LEFT JOIN batches b ON b.medicine_id = m.id
    WHERE m.is_active = 1
      AND (m.name LIKE '%p%' OR m.generic_name LIKE '%p%' OR m.barcode = 'p' OR m.hsn_code LIKE '%p%')
    GROUP BY m.id
    HAVING total_qty > 0
    ORDER BY m.name
    LIMIT 50
  
[2026-05-25T12:07:03.412Z] [DEBUG] SELECT * FROM medicines WHERE is_active=1 ORDER BY name
[2026-05-25T12:07:03.413Z] [DEBUG] SELECT * FROM medicines WHERE is_active=1 ORDER BY name
[2026-05-25T12:07:06.061Z] [DEBUG] 
    SELECT
      m.id, m.name, m.generic_name, m.hsn_code, m.gst_rate, m.unit, m.mrp,
      m.barcode, m.schedule,
      COALESCE(SUM(CASE WHEN b.expiry_date > '2026-05-25' AND b.quantity > 0 THEN b.quantity ELSE 0 END), 0) AS total_qty
    FROM medicines m
    LEFT JOIN batches b ON b.medicine_id = m.id
    WHERE m.is_active = 1
      AND (m.name LIKE '%%' OR m.generic_name LIKE '%%' OR m.barcode = '' OR m.hsn_code LIKE '%%')
    GROUP BY m.id
    HAVING total_qty > 0
    ORDER BY m.name
    LIMIT 50
  
[2026-05-25T12:07:06.064Z] [DEBUG] SELECT * FROM customers WHERE is_active=1 ORDER BY name
[2026-05-25T12:07:06.066Z] [DEBUG] 
    SELECT
      m.id, m.name, m.generic_name, m.hsn_code, m.gst_rate, m.unit, m.mrp,
      m.barcode, m.schedule,
      COALESCE(SUM(CASE WHEN b.expiry_date > '2026-05-25' AND b.quantity > 0 THEN b.quantity ELSE 0 END), 0) AS total_qty
    FROM medicines m
    LEFT JOIN batches b ON b.medicine_id = m.id
    WHERE m.is_active = 1
      AND (m.name LIKE '%%' OR m.generic_name LIKE '%%' OR m.barcode = '' OR m.hsn_code LIKE '%%')
    GROUP BY m.id
    HAVING total_qty > 0
    ORDER BY m.name
    LIMIT 50
  
[2026-05-25T12:07:06.072Z] [DEBUG] SELECT * FROM customers WHERE is_active=1 ORDER BY name
[2026-05-25T12:07:20.510Z] [DEBUG] SELECT * FROM medicines WHERE is_active=1 ORDER BY name
[2026-05-25T12:07:20.511Z] [DEBUG] SELECT * FROM medicines WHERE is_active=1 ORDER BY name
[2026-05-25T12:09:38.557Z] [DEBUG] 
      INSERT INTO medicines (name, generic_name, hsn_code, gst_rate, unit, mrp, cost, barcode, manufacturer, schedule, category)
      VALUES ('Polo','polo','4567',18.0,'box',50.0,43.0,NULL,NULL,'H',NULL)
    
[2026-05-25T12:09:38.565Z] [DEBUG] SELECT * FROM medicines WHERE is_active=1 ORDER BY name
[2026-05-25T12:09:41.071Z] [DEBUG] 
    SELECT
      m.id, m.name, m.generic_name, m.hsn_code, m.gst_rate, m.unit, m.mrp,
      m.barcode, m.schedule,
      COALESCE(SUM(CASE WHEN b.expiry_date > '2026-05-25' AND b.quantity > 0 THEN b.quantity ELSE 0 END), 0) AS total_qty
    FROM medicines m
    LEFT JOIN batches b ON b.medicine_id = m.id
    WHERE m.is_active = 1
      AND (m.name LIKE '%%' OR m.generic_name LIKE '%%' OR m.barcode = '' OR m.hsn_code LIKE '%%')
    GROUP BY m.id
    HAVING total_qty > 0
    ORDER BY m.name
    LIMIT 50
  
[2026-05-25T12:09:41.073Z] [DEBUG] SELECT * FROM customers WHERE is_active=1 ORDER BY name
[2026-05-25T12:09:41.076Z] [DEBUG] 
    SELECT
      m.id, m.name, m.generic_name, m.hsn_code, m.gst_rate, m.unit, m.mrp,
      m.barcode, m.schedule,
      COALESCE(SUM(CASE WHEN b.expiry_date > '2026-05-25' AND b.quantity > 0 THEN b.quantity ELSE 0 END), 0) AS total_qty
    FROM medicines m
    LEFT JOIN batches b ON b.medicine_id = m.id
    WHERE m.is_active = 1
      AND (m.name LIKE '%%' OR m.generic_name LIKE '%%' OR m.barcode = '' OR m.hsn_code LIKE '%%')
    GROUP BY m.id
    HAVING total_qty > 0
    ORDER BY m.name
    LIMIT 50
  
[2026-05-25T12:09:41.080Z] [DEBUG] SELECT * FROM customers WHERE is_active=1 ORDER BY name
[2026-05-25T12:09:47.967Z] [DEBUG] SELECT * FROM medicines WHERE is_active=1 ORDER BY name
[2026-05-25T12:09:47.969Z] [DEBUG] SELECT * FROM medicines WHERE is_active=1 ORDER BY name
[2026-05-25T12:09:52.502Z] [DEBUG] SELECT * FROM medicines WHERE is_active=1 ORDER BY name
[2026-05-25T12:09:52.504Z] [DEBUG] SELECT * FROM medicines WHERE is_active=1 ORDER BY name
[2026-05-25T12:09:52.806Z] [DEBUG] 
    SELECT b.*, m.name as medicine_name, m.hsn_code, m.gst_rate, m.unit
    FROM batches b
    JOIN medicines m ON m.id = b.medicine_id
      AND m.is_active = 1
    ORDER BY m.name, b.expiry_date ASC
  
[2026-05-25T12:11:03.759Z] [DEBUG] 
    SELECT id, quantity FROM batches WHERE medicine_id = 1.0 AND batch_number = '88'
  
[2026-05-25T12:11:03.760Z] [DEBUG] 
    INSERT INTO batches (medicine_id, batch_number, expiry_date, purchase_price, mrp, quantity, reorder_level)
    VALUES (1.0,'88','2090-04-07',20000.0,10.0,500.0,10.0)
  
[2026-05-25T12:11:03.761Z] [DEBUG] 
    INSERT INTO stock_movements
      (batch_id, medicine_id, movement_type, quantity, balance_after, reference_type, remarks, created_by)
    VALUES (1.0,1.0,'opening_stock',500.0,500.0,'manual','Initial stock entry',1.0)
  
[2026-05-25T12:11:03.764Z] [DEBUG] 
    SELECT b.*, m.name as medicine_name, m.hsn_code, m.gst_rate, m.unit
    FROM batches b
    JOIN medicines m ON m.id = b.medicine_id
      AND m.is_active = 1
    ORDER BY m.name, b.expiry_date ASC
  
[2026-05-25T12:11:04.646Z] [DEBUG] SELECT value FROM settings WHERE key = 'auto_sync'
[2026-05-25T12:11:08.298Z] [DEBUG] SELECT * FROM customers WHERE is_active=1 ORDER BY name
[2026-05-25T12:11:08.987Z] [DEBUG] 
    SELECT
      m.id, m.name, m.generic_name, m.hsn_code, m.gst_rate, m.unit, m.mrp,
      m.barcode, m.schedule,
      COALESCE(SUM(CASE WHEN b.expiry_date > '2026-05-25' AND b.quantity > 0 THEN b.quantity ELSE 0 END), 0) AS total_qty
    FROM medicines m
    LEFT JOIN batches b ON b.medicine_id = m.id
    WHERE m.is_active = 1
      AND (m.name LIKE '%%' OR m.generic_name LIKE '%%' OR m.barcode = '' OR m.hsn_code LIKE '%%')
    GROUP BY m.id
    HAVING total_qty > 0
    ORDER BY m.name
    LIMIT 50
  
[2026-05-25T12:11:08.990Z] [DEBUG] SELECT * FROM customers WHERE is_active=1 ORDER BY name
[2026-05-25T12:11:08.993Z] [DEBUG] 
    SELECT
      m.id, m.name, m.generic_name, m.hsn_code, m.gst_rate, m.unit, m.mrp,
      m.barcode, m.schedule,
      COALESCE(SUM(CASE WHEN b.expiry_date > '2026-05-25' AND b.quantity > 0 THEN b.quantity ELSE 0 END), 0) AS total_qty
    FROM medicines m
    LEFT JOIN batches b ON b.medicine_id = m.id
    WHERE m.is_active = 1
      AND (m.name LIKE '%%' OR m.generic_name LIKE '%%' OR m.barcode = '' OR m.hsn_code LIKE '%%')
    GROUP BY m.id
    HAVING total_qty > 0
    ORDER BY m.name
    LIMIT 50
  
[2026-05-25T12:11:08.995Z] [DEBUG] SELECT * FROM customers WHERE is_active=1 ORDER BY name
[2026-05-25T12:11:12.989Z] [DEBUG] SELECT * FROM medicines WHERE is_active=1 ORDER BY name
[2026-05-25T12:11:12.991Z] [DEBUG] SELECT * FROM medicines WHERE is_active=1 ORDER BY name
[2026-05-25T12:11:13.290Z] [DEBUG] 
    SELECT b.*, m.name as medicine_name, m.hsn_code, m.gst_rate, m.unit
    FROM batches b
    JOIN medicines m ON m.id = b.medicine_id
      AND m.is_active = 1
    ORDER BY m.name, b.expiry_date ASC
  
[2026-05-25T12:12:01.134Z] [DEBUG] 
    SELECT id, quantity FROM batches WHERE medicine_id = 2.0 AND batch_number = '678'
  
[2026-05-25T12:12:01.135Z] [DEBUG] 
    INSERT INTO batches (medicine_id, batch_number, expiry_date, purchase_price, mrp, quantity, reorder_level)
    VALUES (2.0,'678','2080-06-07',50000.0,50.0,300.0,10.0)
  
[2026-05-25T12:12:01.136Z] [DEBUG] 
    INSERT INTO stock_movements
      (batch_id, medicine_id, movement_type, quantity, balance_after, reference_type, remarks, created_by)
    VALUES (2.0,2.0,'opening_stock',300.0,300.0,'manual','Initial stock entry',1.0)
  
[2026-05-25T12:12:01.139Z] [DEBUG] 
    SELECT b.*, m.name as medicine_name, m.hsn_code, m.gst_rate, m.unit
    FROM batches b
    JOIN medicines m ON m.id = b.medicine_id
      AND m.is_active = 1
    ORDER BY m.name, b.expiry_date ASC
  
[2026-05-25T12:12:05.637Z] [DEBUG] SELECT * FROM medicines WHERE is_active=1 ORDER BY name
[2026-05-25T12:12:05.638Z] [DEBUG] SELECT * FROM medicines WHERE is_active=1 ORDER BY name
[2026-05-25T12:12:11.634Z] [DEBUG] SELECT * FROM customers WHERE is_active=1 ORDER BY name
[2026-05-25T12:13:20.259Z] [DEBUG] 
      INSERT INTO customers (name, phone, email, address, city, state, state_code, gst_number, credit_limit)
      VALUES ('Venubadhi','9087654321','venu@gmail.com','venkipalayam, Tiruppur',NULL,'Tamil Nadu','33',NULL,0.0)
    
[2026-05-25T12:13:20.267Z] [DEBUG] SELECT * FROM customers WHERE is_active=1 ORDER BY name
[2026-05-25T12:13:25.775Z] [DEBUG] SELECT * FROM medicines WHERE is_active=1 ORDER BY name
[2026-05-25T12:13:25.776Z] [DEBUG] SELECT * FROM medicines WHERE is_active=1 ORDER BY name
[2026-05-25T12:13:26.075Z] [DEBUG] 
    SELECT b.*, m.name as medicine_name, m.hsn_code, m.gst_rate, m.unit
    FROM batches b
    JOIN medicines m ON m.id = b.medicine_id
      AND m.is_active = 1
    ORDER BY m.name, b.expiry_date ASC
  
[2026-05-25T12:13:27.438Z] [DEBUG] 
    SELECT
      m.id, m.name, m.generic_name, m.hsn_code, m.gst_rate, m.unit, m.mrp,
      m.barcode, m.schedule,
      COALESCE(SUM(CASE WHEN b.expiry_date > '2026-05-25' AND b.quantity > 0 THEN b.quantity ELSE 0 END), 0) AS total_qty
    FROM medicines m
    LEFT JOIN batches b ON b.medicine_id = m.id
    WHERE m.is_active = 1
      AND (m.name LIKE '%%' OR m.generic_name LIKE '%%' OR m.barcode = '' OR m.hsn_code LIKE '%%')
    GROUP BY m.id
    HAVING total_qty > 0
    ORDER BY m.name
    LIMIT 50
  
[2026-05-25T12:13:27.440Z] [DEBUG] SELECT * FROM customers WHERE is_active=1 ORDER BY name
[2026-05-25T12:13:27.444Z] [DEBUG] 
    SELECT
      m.id, m.name, m.generic_name, m.hsn_code, m.gst_rate, m.unit, m.mrp,
      m.barcode, m.schedule,
      COALESCE(SUM(CASE WHEN b.expiry_date > '2026-05-25' AND b.quantity > 0 THEN b.quantity ELSE 0 END), 0) AS total_qty
    FROM medicines m
    LEFT JOIN batches b ON b.medicine_id = m.id
    WHERE m.is_active = 1
      AND (m.name LIKE '%%' OR m.generic_name LIKE '%%' OR m.barcode = '' OR m.hsn_code LIKE '%%')
    GROUP BY m.id
    HAVING total_qty > 0
    ORDER BY m.name
    LIMIT 50
  
[2026-05-25T12:13:27.446Z] [DEBUG] SELECT * FROM customers WHERE is_active=1 ORDER BY name
[2026-05-25T12:14:06.644Z] [DEBUG] SELECT * FROM medicines WHERE id = 1.0
[2026-05-25T12:14:06.650Z] [DEBUG] 
    SELECT b.id as batch_id, b.batch_number, b.expiry_date, b.quantity
    FROM batches b
    WHERE b.medicine_id = 1.0
      AND b.quantity > 0
      AND b.expiry_date > '2026-05-25'
    ORDER BY b.expiry_date ASC, b.id ASC
  
[2026-05-25T12:14:06.657Z] [DEBUG] SELECT * FROM medicines WHERE id = 2.0
[2026-05-25T12:14:06.667Z] [DEBUG] 
    SELECT b.id as batch_id, b.batch_number, b.expiry_date, b.quantity
    FROM batches b
    WHERE b.medicine_id = 2.0
      AND b.quantity > 0
      AND b.expiry_date > '2026-05-25'
    ORDER BY b.expiry_date ASC, b.id ASC
  
[2026-05-25T12:14:06.681Z] [DEBUG] SELECT value FROM settings WHERE key='invoice_prefix'
[2026-05-25T12:14:06.688Z] [DEBUG] SELECT invoice_number FROM invoices WHERE invoice_number LIKE 'INV%' ORDER BY id DESC LIMIT 1
[2026-05-25T12:14:06.696Z] [DEBUG] BEGIN
[2026-05-25T12:14:06.701Z] [DEBUG] 
      INSERT INTO invoices
        (invoice_number, customer_id, customer_name, customer_gstin,
         customer_state_code, supply_type, invoice_date, due_date,
         subtotal, discount_amount, taxable_amount,
         cgst_amount, sgst_amount, igst_amount, total_gst,
         round_off, total_amount, paid_amount, payment_method, status,
         notes, created_by)
      VALUES ('INV00001',1.0,NULL,NULL,'33','intrastate',NULL,NULL,700.0,NULL,NULL,NULL,NULL,NULL,NULL,NULL,NULL,NULL,'cash','paid',NULL,1.0)
    
[2026-05-25T12:14:06.711Z] [DEBUG] ROLLBACK
[2026-05-25T12:14:06.716Z] [ERROR] IPC invoice:create: NOT NULL constraint failed: invoices.customer_name
[2026-05-25T12:14:10.601Z] [DEBUG] SELECT * FROM medicines WHERE id = 1.0
[2026-05-25T12:14:10.603Z] [DEBUG] 
    SELECT b.id as batch_id, b.batch_number, b.expiry_date, b.quantity
    FROM batches b
    WHERE b.medicine_id = 1.0
      AND b.quantity > 0
      AND b.expiry_date > '2026-05-25'
    ORDER BY b.expiry_date ASC, b.id ASC
  
[2026-05-25T12:14:10.606Z] [DEBUG] SELECT * FROM medicines WHERE id = 2.0
[2026-05-25T12:14:10.613Z] [DEBUG] 
    SELECT b.id as batch_id, b.batch_number, b.expiry_date, b.quantity
    FROM batches b
    WHERE b.medicine_id = 2.0
      AND b.quantity > 0
      AND b.expiry_date > '2026-05-25'
    ORDER BY b.expiry_date ASC, b.id ASC
  
[2026-05-25T12:14:10.618Z] [DEBUG] SELECT value FROM settings WHERE key='invoice_prefix'
[2026-05-25T12:14:10.623Z] [DEBUG] SELECT invoice_number FROM invoices WHERE invoice_number LIKE 'INV%' ORDER BY id DESC LIMIT 1
[2026-05-25T12:14:10.632Z] [DEBUG] BEGIN
[2026-05-25T12:14:10.638Z] [DEBUG] 
      INSERT INTO invoices
        (invoice_number, customer_id, customer_name, customer_gstin,
         customer_state_code, supply_type, invoice_date, due_date,
         subtotal, discount_amount, taxable_amount,
         cgst_amount, sgst_amount, igst_amount, total_gst,
         round_off, total_amount, paid_amount, payment_method, status,
         notes, created_by)
      VALUES ('INV00001',1.0,NULL,NULL,'33','intrastate',NULL,NULL,700.0,NULL,NULL,NULL,NULL,NULL,NULL,NULL,NULL,NULL,'cash','paid',NULL,1.0)
    
[2026-05-25T12:14:10.646Z] [DEBUG] ROLLBACK
[2026-05-25T12:14:10.651Z] [ERROR] IPC invoice:create: NOT NULL constraint failed: invoices.customer_name
[2026-05-25T12:14:12.949Z] [DEBUG] SELECT * FROM medicines WHERE id = 1.0
[2026-05-25T12:14:12.953Z] [DEBUG] 
    SELECT b.id as batch_id, b.batch_number, b.expiry_date, b.quantity
    FROM batches b
    WHERE b.medicine_id = 1.0
      AND b.quantity > 0
      AND b.expiry_date > '2026-05-25'
    ORDER BY b.expiry_date ASC, b.id ASC
  
[2026-05-25T12:14:12.958Z] [DEBUG] SELECT * FROM medicines WHERE id = 2.0
[2026-05-25T12:14:12.965Z] [DEBUG] 
    SELECT b.id as batch_id, b.batch_number, b.expiry_date, b.quantity
    FROM batches b
    WHERE b.medicine_id = 2.0
      AND b.quantity > 0
      AND b.expiry_date > '2026-05-25'
    ORDER BY b.expiry_date ASC, b.id ASC
  
[2026-05-25T12:14:12.969Z] [DEBUG] SELECT value FROM settings WHERE key='invoice_prefix'
[2026-05-25T12:14:12.971Z] [DEBUG] SELECT invoice_number FROM invoices WHERE invoice_number LIKE 'INV%' ORDER BY id DESC LIMIT 1
[2026-05-25T12:14:12.973Z] [DEBUG] BEGIN
[2026-05-25T12:14:12.977Z] [DEBUG] 
      INSERT INTO invoices
        (invoice_number, customer_id, customer_name, customer_gstin,
         customer_state_code, supply_type, invoice_date, due_date,
         subtotal, discount_amount, taxable_amount,
         cgst_amount, sgst_amount, igst_amount, total_gst,
         round_off, total_amount, paid_amount, payment_method, status,
         notes, created_by)
      VALUES ('INV00001',1.0,NULL,NULL,'33','intrastate',NULL,NULL,700.0,NULL,NULL,NULL,NULL,NULL,NULL,NULL,NULL,NULL,'cash','paid',NULL,1.0)
    
[2026-05-25T12:14:12.981Z] [DEBUG] ROLLBACK
[2026-05-25T12:14:12.985Z] [ERROR] IPC invoice:create: NOT NULL constraint failed: invoices.customer_name
[2026-05-25T12:14:14.909Z] [DEBUG] SELECT * FROM medicines WHERE id = 1.0
[2026-05-25T12:14:14.914Z] [DEBUG] 
    SELECT b.id as batch_id, b.batch_number, b.expiry_date, b.quantity
    FROM batches b
    WHERE b.medicine_id = 1.0
      AND b.quantity > 0
      AND b.expiry_date > '2026-05-25'
    ORDER BY b.expiry_date ASC, b.id ASC
  
[2026-05-25T12:14:14.920Z] [DEBUG] SELECT * FROM medicines WHERE id = 2.0
[2026-05-25T12:14:14.962Z] [DEBUG] 
    SELECT b.id as batch_id, b.batch_number, b.expiry_date, b.quantity
    FROM batches b
    WHERE b.medicine_id = 2.0
      AND b.quantity > 0
      AND b.expiry_date > '2026-05-25'
    ORDER BY b.expiry_date ASC, b.id ASC
  
[2026-05-25T12:14:14.970Z] [DEBUG] SELECT value FROM settings WHERE key='invoice_prefix'
[2026-05-25T12:14:14.973Z] [DEBUG] SELECT invoice_number FROM invoices WHERE invoice_number LIKE 'INV%' ORDER BY id DESC LIMIT 1
[2026-05-25T12:14:14.979Z] [DEBUG] BEGIN
[2026-05-25T12:14:14.982Z] [DEBUG] 
      INSERT INTO invoices
        (invoice_number, customer_id, customer_name, customer_gstin,
         customer_state_code, supply_type, invoice_date, due_date,
         subtotal, discount_amount, taxable_amount,
         cgst_amount, sgst_amount, igst_amount, total_gst,
         round_off, total_amount, paid_amount, payment_method, status,
         notes, created_by)
      VALUES ('INV00001',1.0,NULL,NULL,'33','intrastate',NULL,NULL,700.0,NULL,NULL,NULL,NULL,NULL,NULL,NULL,NULL,NULL,'cash','paid',NULL,1.0)
    
[2026-05-25T12:14:14.986Z] [DEBUG] ROLLBACK
[2026-05-25T12:14:14.995Z] [ERROR] IPC invoice:create: NOT NULL constraint failed: invoices.customer_name
[2026-05-25T12:14:20.556Z] [DEBUG] SELECT * FROM medicines WHERE id = 1.0
[2026-05-25T12:14:20.558Z] [DEBUG] 
    SELECT b.id as batch_id, b.batch_number, b.expiry_date, b.quantity
    FROM batches b
    WHERE b.medicine_id = 1.0
      AND b.quantity > 0
      AND b.expiry_date > '2026-05-25'
    ORDER BY b.expiry_date ASC, b.id ASC
  
[2026-05-25T12:14:20.559Z] [DEBUG] SELECT * FROM medicines WHERE id = 2.0
[2026-05-25T12:14:20.560Z] [DEBUG] 
    SELECT b.id as batch_id, b.batch_number, b.expiry_date, b.quantity
    FROM batches b
    WHERE b.medicine_id = 2.0
      AND b.quantity > 0
      AND b.expiry_date > '2026-05-25'
    ORDER BY b.expiry_date ASC, b.id ASC
  
[2026-05-25T12:14:20.560Z] [DEBUG] SELECT value FROM settings WHERE key='invoice_prefix'
[2026-05-25T12:14:20.561Z] [DEBUG] SELECT invoice_number FROM invoices WHERE invoice_number LIKE 'INV%' ORDER BY id DESC LIMIT 1
[2026-05-25T12:14:20.562Z] [DEBUG] BEGIN
[2026-05-25T12:14:20.564Z] [DEBUG] 
      INSERT INTO invoices
        (invoice_number, customer_id, customer_name, customer_gstin,
         customer_state_code, supply_type, invoice_date, due_date,
         subtotal, discount_amount, taxable_amount,
         cgst_amount, sgst_amount, igst_amount, total_gst,
         round_off, total_amount, paid_amount, payment_method, status,
         notes, created_by)
      VALUES ('INV00001',1.0,NULL,NULL,'33','intrastate',NULL,NULL,700.0,NULL,NULL,NULL,NULL,NULL,NULL,NULL,NULL,NULL,'cash','paid',NULL,1.0)
    
[2026-05-25T12:14:20.565Z] [DEBUG] ROLLBACK
[2026-05-25T12:14:20.565Z] [ERROR] IPC invoice:create: NOT NULL constraint failed: invoices.customer_name
[2026-05-25T12:14:22.548Z] [DEBUG] SELECT * FROM medicines WHERE id = 1.0
[2026-05-25T12:14:22.549Z] [DEBUG] 
    SELECT b.id as batch_id, b.batch_number, b.expiry_date, b.quantity
    FROM batches b
    WHERE b.medicine_id = 1.0
      AND b.quantity > 0
      AND b.expiry_date > '2026-05-25'
    ORDER BY b.expiry_date ASC, b.id ASC
  
[2026-05-25T12:14:22.552Z] [DEBUG] SELECT * FROM medicines WHERE id = 2.0
[2026-05-25T12:14:22.554Z] [DEBUG] 
    SELECT b.id as batch_id, b.batch_number, b.expiry_date, b.quantity
    FROM batches b
    WHERE b.medicine_id = 2.0
      AND b.quantity > 0
      AND b.expiry_date > '2026-05-25'
    ORDER BY b.expiry_date ASC, b.id ASC
  
[2026-05-25T12:14:22.556Z] [DEBUG] SELECT value FROM settings WHERE key='invoice_prefix'
[2026-05-25T12:14:22.561Z] [DEBUG] SELECT invoice_number FROM invoices WHERE invoice_number LIKE 'INV%' ORDER BY id DESC LIMIT 1
[2026-05-25T12:14:22.563Z] [DEBUG] BEGIN
[2026-05-25T12:14:22.564Z] [DEBUG] 
      INSERT INTO invoices
        (invoice_number, customer_id, customer_name, customer_gstin,
         customer_state_code, supply_type, invoice_date, due_date,
         subtotal, discount_amount, taxable_amount,
         cgst_amount, sgst_amount, igst_amount, total_gst,
         round_off, total_amount, paid_amount, payment_method, status,
         notes, created_by)
      VALUES ('INV00001',1.0,NULL,NULL,'33','intrastate',NULL,NULL,700.0,NULL,NULL,NULL,NULL,NULL,NULL,NULL,NULL,NULL,'cash','paid',NULL,1.0)
    
[2026-05-25T12:14:22.565Z] [DEBUG] ROLLBACK
[2026-05-25T12:14:22.566Z] [ERROR] IPC invoice:create: NOT NULL constraint failed: invoices.customer_name
[2026-05-25T12:14:24.302Z] [DEBUG] SELECT * FROM medicines WHERE id = 1.0
[2026-05-25T12:14:24.304Z] [DEBUG] 
    SELECT b.id as batch_id, b.batch_number, b.expiry_date, b.quantity
    FROM batches b
    WHERE b.medicine_id = 1.0
      AND b.quantity > 0
      AND b.expiry_date > '2026-05-25'
    ORDER BY b.expiry_date ASC, b.id ASC
  
[2026-05-25T12:14:24.305Z] [DEBUG] SELECT * FROM medicines WHERE id = 2.0
[2026-05-25T12:14:24.307Z] [DEBUG] 
    SELECT b.id as batch_id, b.batch_number, b.expiry_date, b.quantity
    FROM batches b
    WHERE b.medicine_id = 2.0
      AND b.quantity > 0
      AND b.expiry_date > '2026-05-25'
    ORDER BY b.expiry_date ASC, b.id ASC
  
[2026-05-25T12:14:24.308Z] [DEBUG] SELECT value FROM settings WHERE key='invoice_prefix'
[2026-05-25T12:14:24.309Z] [DEBUG] SELECT invoice_number FROM invoices WHERE invoice_number LIKE 'INV%' ORDER BY id DESC LIMIT 1
[2026-05-25T12:14:24.310Z] [DEBUG] BEGIN
[2026-05-25T12:14:24.311Z] [DEBUG] 
      INSERT INTO invoices
        (invoice_number, customer_id, customer_name, customer_gstin,
         customer_state_code, supply_type, invoice_date, due_date,
         subtotal, discount_amount, taxable_amount,
         cgst_amount, sgst_amount, igst_amount, total_gst,
         round_off, total_amount, paid_amount, payment_method, status,
         notes, created_by)
      VALUES ('INV00001',1.0,NULL,NULL,'33','intrastate',NULL,NULL,700.0,NULL,NULL,NULL,NULL,NULL,NULL,NULL,NULL,NULL,'cash','paid',NULL,1.0)
    
[2026-05-25T12:14:24.311Z] [DEBUG] ROLLBACK
[2026-05-25T12:14:24.312Z] [ERROR] IPC invoice:create: NOT NULL constraint failed: invoices.customer_name
[2026-05-25T12:14:25.503Z] [DEBUG] SELECT * FROM medicines WHERE id = 1.0
[2026-05-25T12:14:25.504Z] [DEBUG] 
    SELECT b.id as batch_id, b.batch_number, b.expiry_date, b.quantity
    FROM batches b
    WHERE b.medicine_id = 1.0
      AND b.quantity > 0
      AND b.expiry_date > '2026-05-25'
    ORDER BY b.expiry_date ASC, b.id ASC
  
[2026-05-25T12:14:25.505Z] [DEBUG] SELECT * FROM medicines WHERE id = 2.0
[2026-05-25T12:14:25.507Z] [DEBUG] 
    SELECT b.id as batch_id, b.batch_number, b.expiry_date, b.quantity
    FROM batches b
    WHERE b.medicine_id = 2.0
      AND b.quantity > 0
      AND b.expiry_date > '2026-05-25'
    ORDER BY b.expiry_date ASC, b.id ASC
  
[2026-05-25T12:14:25.508Z] [DEBUG] SELECT value FROM settings WHERE key='invoice_prefix'
[2026-05-25T12:14:25.508Z] [DEBUG] SELECT invoice_number FROM invoices WHERE invoice_number LIKE 'INV%' ORDER BY id DESC LIMIT 1
[2026-05-25T12:14:25.511Z] [DEBUG] BEGIN
[2026-05-25T12:14:25.513Z] [DEBUG] 
      INSERT INTO invoices
        (invoice_number, customer_id, customer_name, customer_gstin,
         customer_state_code, supply_type, invoice_date, due_date,
         subtotal, discount_amount, taxable_amount,
         cgst_amount, sgst_amount, igst_amount, total_gst,
         round_off, total_amount, paid_amount, payment_method, status,
         notes, created_by)
      VALUES ('INV00001',1.0,NULL,NULL,'33','intrastate',NULL,NULL,700.0,NULL,NULL,NULL,NULL,NULL,NULL,NULL,NULL,NULL,'cash','paid',NULL,1.0)
    
[2026-05-25T12:14:25.514Z] [DEBUG] ROLLBACK
[2026-05-25T12:14:25.515Z] [ERROR] IPC invoice:create: NOT NULL constraint failed: invoices.customer_name
[2026-05-25T12:15:21.859Z] [DEBUG] SELECT * FROM medicines WHERE is_active=1 ORDER BY name
[2026-05-25T12:15:21.861Z] [DEBUG] SELECT * FROM medicines WHERE is_active=1 ORDER BY name
[2026-05-25T12:15:22.163Z] [DEBUG] 
    SELECT b.*, m.name as medicine_name, m.hsn_code, m.gst_rate, m.unit
    FROM batches b
    JOIN medicines m ON m.id = b.medicine_id
      AND m.is_active = 1
    ORDER BY m.name, b.expiry_date ASC
  
[2026-05-25T12:15:36.039Z] [DEBUG] SELECT * FROM medicines WHERE is_active=1 ORDER BY name
[2026-05-25T12:15:36.040Z] [DEBUG] SELECT * FROM medicines WHERE is_active=1 ORDER BY name
[2026-05-25T12:16:47.502Z] [DEBUG] 
      INSERT INTO medicines (name, generic_name, hsn_code, gst_rate, unit, mrp, cost, barcode, manufacturer, schedule, category)
      VALUES ('cofsil','cofsil','3567',12.0,'tablet',2.0,2.0,NULL,NULL,'X',NULL)
    
[2026-05-25T12:16:47.508Z] [DEBUG] SELECT * FROM medicines WHERE is_active=1 ORDER BY name
[2026-05-25T12:18:58.449Z] [DEBUG] 
      INSERT INTO medicines (name, generic_name, hsn_code, gst_rate, unit, mrp, cost, barcode, manufacturer, schedule, category)
      VALUES ('Fecer Tablet','Acetaminophen','1234',12.0,'tablet',12.0,10.0,NULL,NULL,'G',NULL)
    
[2026-05-25T12:18:58.456Z] [DEBUG] SELECT * FROM medicines WHERE is_active=1 ORDER BY name
[2026-05-25T12:19:11.852Z] [DEBUG] 
      UPDATE medicines SET name='Fever Tablet', generic_name='Acetaminophen', hsn_code='1234', gst_rate=12.0, unit='tablet',
        mrp=12.0, cost=10.0, barcode=NULL, manufacturer=NULL, schedule='G', category=NULL,
        updated_at=datetime('now','localtime')
      WHERE id=4.0
    
[2026-05-25T12:19:11.856Z] [DEBUG] SELECT * FROM medicines WHERE is_active=1 ORDER BY name
[2026-05-25T12:19:14.416Z] [DEBUG] SELECT * FROM medicines WHERE is_active=1 ORDER BY name
[2026-05-25T12:19:14.421Z] [DEBUG] SELECT * FROM medicines WHERE is_active=1 ORDER BY name
[2026-05-25T12:19:14.719Z] [DEBUG] 
    SELECT b.*, m.name as medicine_name, m.hsn_code, m.gst_rate, m.unit
    FROM batches b
    JOIN medicines m ON m.id = b.medicine_id
      AND m.is_active = 1
    ORDER BY m.name, b.expiry_date ASC
  
[2026-05-25T12:20:09.332Z] [DEBUG] 
    SELECT id, quantity FROM batches WHERE medicine_id = 4.0 AND batch_number = '234'
  
[2026-05-25T12:20:09.337Z] [DEBUG] 
    INSERT INTO batches (medicine_id, batch_number, expiry_date, purchase_price, mrp, quantity, reorder_level)
    VALUES (4.0,'234','2100-04-05',3000.0,12.0,600.0,10.0)
  
[2026-05-25T12:20:09.344Z] [DEBUG] 
    INSERT INTO stock_movements
      (batch_id, medicine_id, movement_type, quantity, balance_after, reference_type, remarks, created_by)
    VALUES (3.0,4.0,'opening_stock',600.0,600.0,'manual','Initial stock entry',1.0)
  
[2026-05-25T12:20:09.375Z] [DEBUG] 
    SELECT b.*, m.name as medicine_name, m.hsn_code, m.gst_rate, m.unit
    FROM batches b
    JOIN medicines m ON m.id = b.medicine_id
      AND m.is_active = 1
    ORDER BY m.name, b.expiry_date ASC
  
[2026-05-25T12:20:14.471Z] [DEBUG] SELECT * FROM customers WHERE is_active=1 ORDER BY name
[2026-05-25T12:20:45.462Z] [DEBUG] 
      INSERT INTO customers (name, phone, email, address, city, state, state_code, gst_number, credit_limit)
      VALUES ('Prabhu','8976543210','prabhu@gmail.com',NULL,NULL,'Tamil Nadu','33',NULL,0.0)
    
[2026-05-25T12:20:45.470Z] [DEBUG] SELECT * FROM customers WHERE is_active=1 ORDER BY name
[2026-05-25T12:20:54.503Z] [DEBUG] 
    SELECT
      m.id, m.name, m.generic_name, m.hsn_code, m.gst_rate, m.unit, m.mrp,
      m.barcode, m.schedule,
      COALESCE(SUM(CASE WHEN b.expiry_date > '2026-05-25' AND b.quantity > 0 THEN b.quantity ELSE 0 END), 0) AS total_qty
    FROM medicines m
    LEFT JOIN batches b ON b.medicine_id = m.id
    WHERE m.is_active = 1
      AND (m.name LIKE '%%' OR m.generic_name LIKE '%%' OR m.barcode = '' OR m.hsn_code LIKE '%%')
    GROUP BY m.id
    HAVING total_qty > 0
    ORDER BY m.name
    LIMIT 50
  
[2026-05-25T12:20:54.509Z] [DEBUG] SELECT * FROM customers WHERE is_active=1 ORDER BY name
[2026-05-25T12:20:54.513Z] [DEBUG] 
    SELECT
      m.id, m.name, m.generic_name, m.hsn_code, m.gst_rate, m.unit, m.mrp,
      m.barcode, m.schedule,
      COALESCE(SUM(CASE WHEN b.expiry_date > '2026-05-25' AND b.quantity > 0 THEN b.quantity ELSE 0 END), 0) AS total_qty
    FROM medicines m
    LEFT JOIN batches b ON b.medicine_id = m.id
    WHERE m.is_active = 1
      AND (m.name LIKE '%%' OR m.generic_name LIKE '%%' OR m.barcode = '' OR m.hsn_code LIKE '%%')
    GROUP BY m.id
    HAVING total_qty > 0
    ORDER BY m.name
    LIMIT 50
  
[2026-05-25T12:20:54.522Z] [DEBUG] SELECT * FROM customers WHERE is_active=1 ORDER BY name
[2026-05-25T12:21:06.117Z] [DEBUG] SELECT * FROM medicines WHERE id = 4.0
[2026-05-25T12:21:06.121Z] [DEBUG] 
    SELECT b.id as batch_id, b.batch_number, b.expiry_date, b.quantity
    FROM batches b
    WHERE b.medicine_id = 4.0
      AND b.quantity > 0
      AND b.expiry_date > '2026-05-25'
    ORDER BY b.expiry_date ASC, b.id ASC
  
[2026-05-25T12:21:06.125Z] [DEBUG] SELECT value FROM settings WHERE key='invoice_prefix'
[2026-05-25T12:21:06.129Z] [DEBUG] SELECT invoice_number FROM invoices WHERE invoice_number LIKE 'INV%' ORDER BY id DESC LIMIT 1
[2026-05-25T12:21:06.137Z] [DEBUG] BEGIN
[2026-05-25T12:21:06.147Z] [DEBUG] 
      INSERT INTO invoices
        (invoice_number, customer_id, customer_name, customer_gstin,
         customer_state_code, supply_type, invoice_date, due_date,
         subtotal, discount_amount, taxable_amount,
         cgst_amount, sgst_amount, igst_amount, total_gst,
         round_off, total_amount, paid_amount, payment_method, status,
         notes, created_by)
      VALUES ('INV00001',2.0,NULL,NULL,'33','intrastate',NULL,NULL,12.0,NULL,NULL,NULL,NULL,NULL,NULL,NULL,NULL,NULL,'cash','paid',NULL,1.0)
    
[2026-05-25T12:21:06.158Z] [DEBUG] ROLLBACK
[2026-05-25T12:21:06.167Z] [ERROR] IPC invoice:create: NOT NULL constraint failed: invoices.customer_name
[2026-05-25T12:21:09.915Z] [DEBUG] SELECT * FROM medicines WHERE id = 4.0
[2026-05-25T12:21:09.921Z] [DEBUG] 
    SELECT b.id as batch_id, b.batch_number, b.expiry_date, b.quantity
    FROM batches b
    WHERE b.medicine_id = 4.0
      AND b.quantity > 0
      AND b.expiry_date > '2026-05-25'
    ORDER BY b.expiry_date ASC, b.id ASC
  
[2026-05-25T12:21:09.925Z] [DEBUG] SELECT value FROM settings WHERE key='invoice_prefix'
[2026-05-25T12:21:09.934Z] [DEBUG] SELECT invoice_number FROM invoices WHERE invoice_number LIKE 'INV%' ORDER BY id DESC LIMIT 1
[2026-05-25T12:21:09.939Z] [DEBUG] BEGIN
[2026-05-25T12:21:09.947Z] [DEBUG] 
      INSERT INTO invoices
        (invoice_number, customer_id, customer_name, customer_gstin,
         customer_state_code, supply_type, invoice_date, due_date,
         subtotal, discount_amount, taxable_amount,
         cgst_amount, sgst_amount, igst_amount, total_gst,
         round_off, total_amount, paid_amount, payment_method, status,
         notes, created_by)
      VALUES ('INV00001',2.0,NULL,NULL,'33','intrastate',NULL,NULL,12.0,NULL,NULL,NULL,NULL,NULL,NULL,NULL,NULL,NULL,'cash','paid',NULL,1.0)
    
[2026-05-25T12:21:09.957Z] [DEBUG] ROLLBACK
[2026-05-25T12:21:09.984Z] [ERROR] IPC invoice:create: NOT NULL constraint failed: invoices.customer_name
[2026-05-25T12:21:16.302Z] [DEBUG] SELECT * FROM medicines WHERE id = 4.0
[2026-05-25T12:21:16.303Z] [DEBUG] 
    SELECT b.id as batch_id, b.batch_number, b.expiry_date, b.quantity
    FROM batches b
    WHERE b.medicine_id = 4.0
      AND b.quantity > 0
      AND b.expiry_date > '2026-05-25'
    ORDER BY b.expiry_date ASC, b.id ASC
  
[2026-05-25T12:21:16.304Z] [DEBUG] SELECT value FROM settings WHERE key='invoice_prefix'
[2026-05-25T12:21:16.305Z] [DEBUG] SELECT invoice_number FROM invoices WHERE invoice_number LIKE 'INV%' ORDER BY id DESC LIMIT 1
[2026-05-25T12:21:16.306Z] [DEBUG] BEGIN
[2026-05-25T12:21:16.307Z] [DEBUG] 
      INSERT INTO invoices
        (invoice_number, customer_id, customer_name, customer_gstin,
         customer_state_code, supply_type, invoice_date, due_date,
         subtotal, discount_amount, taxable_amount,
         cgst_amount, sgst_amount, igst_amount, total_gst,
         round_off, total_amount, paid_amount, payment_method, status,
         notes, created_by)
      VALUES ('INV00001',2.0,NULL,NULL,'33','intrastate',NULL,NULL,12.0,NULL,NULL,NULL,NULL,NULL,NULL,NULL,NULL,NULL,'cash','paid',NULL,1.0)
    
[2026-05-25T12:21:16.308Z] [DEBUG] ROLLBACK
[2026-05-25T12:21:16.309Z] [ERROR] IPC invoice:create: NOT NULL constraint failed: invoices.customer_name
[2026-05-25T12:22:16.388Z] [DEBUG] SELECT * FROM medicines WHERE id = 4.0
[2026-05-25T12:22:16.392Z] [DEBUG] 
    SELECT b.id as batch_id, b.batch_number, b.expiry_date, b.quantity
    FROM batches b
    WHERE b.medicine_id = 4.0
      AND b.quantity > 0
      AND b.expiry_date > '2026-05-25'
    ORDER BY b.expiry_date ASC, b.id ASC
  
[2026-05-25T12:22:16.394Z] [DEBUG] SELECT value FROM settings WHERE key='invoice_prefix'
[2026-05-25T12:22:16.396Z] [DEBUG] SELECT invoice_number FROM invoices WHERE invoice_number LIKE 'INV%' ORDER BY id DESC LIMIT 1
[2026-05-25T12:22:16.396Z] [DEBUG] BEGIN
[2026-05-25T12:22:16.398Z] [DEBUG] 
      INSERT INTO invoices
        (invoice_number, customer_id, customer_name, customer_gstin,
         customer_state_code, supply_type, invoice_date, due_date,
         subtotal, discount_amount, taxable_amount,
         cgst_amount, sgst_amount, igst_amount, total_gst,
         round_off, total_amount, paid_amount, payment_method, status,
         notes, created_by)
      VALUES ('INV00001',2.0,NULL,NULL,'33','intrastate',NULL,NULL,12.0,NULL,NULL,NULL,NULL,NULL,NULL,NULL,NULL,NULL,'cash','paid',NULL,1.0)
    
[2026-05-25T12:22:16.399Z] [DEBUG] ROLLBACK
[2026-05-25T12:22:16.400Z] [ERROR] IPC invoice:create: NOT NULL constraint failed: invoices.customer_name
[2026-05-25T12:22:18.604Z] [DEBUG] SELECT * FROM medicines WHERE id = 4.0
[2026-05-25T12:22:18.608Z] [DEBUG] 
    SELECT b.id as batch_id, b.batch_number, b.expiry_date, b.quantity
    FROM batches b
    WHERE b.medicine_id = 4.0
      AND b.quantity > 0
      AND b.expiry_date > '2026-05-25'
    ORDER BY b.expiry_date ASC, b.id ASC
  
[2026-05-25T12:22:18.610Z] [DEBUG] SELECT value FROM settings WHERE key='invoice_prefix'
[2026-05-25T12:22:18.612Z] [DEBUG] SELECT invoice_number FROM invoices WHERE invoice_number LIKE 'INV%' ORDER BY id DESC LIMIT 1
[2026-05-25T12:22:18.613Z] [DEBUG] BEGIN
[2026-05-25T12:22:18.614Z] [DEBUG] 
      INSERT INTO invoices
        (invoice_number, customer_id, customer_name, customer_gstin,
         customer_state_code, supply_type, invoice_date, due_date,
         subtotal, discount_amount, taxable_amount,
         cgst_amount, sgst_amount, igst_amount, total_gst,
         round_off, total_amount, paid_amount, payment_method, status,
         notes, created_by)
      VALUES ('INV00001',2.0,NULL,NULL,'33','intrastate',NULL,NULL,12.0,NULL,NULL,NULL,NULL,NULL,NULL,NULL,NULL,NULL,'cash','paid',NULL,1.0)
    
[2026-05-25T12:22:18.615Z] [DEBUG] ROLLBACK
[2026-05-25T12:22:18.616Z] [ERROR] IPC invoice:create: NOT NULL constraint failed: invoices.customer_name
[2026-05-25T12:23:26.164Z] [DEBUG] SELECT * FROM medicines WHERE id = 4.0
[2026-05-25T12:23:26.168Z] [DEBUG] 
    SELECT b.id as batch_id, b.batch_number, b.expiry_date, b.quantity
    FROM batches b
    WHERE b.medicine_id = 4.0
      AND b.quantity > 0
      AND b.expiry_date > '2026-05-25'
    ORDER BY b.expiry_date ASC, b.id ASC
  
[2026-05-25T12:23:26.171Z] [DEBUG] SELECT value FROM settings WHERE key='invoice_prefix'
[2026-05-25T12:23:26.177Z] [DEBUG] SELECT invoice_number FROM invoices WHERE invoice_number LIKE 'INV%' ORDER BY id DESC LIMIT 1
[2026-05-25T12:23:26.183Z] [DEBUG] BEGIN
[2026-05-25T12:23:26.187Z] [DEBUG] 
      INSERT INTO invoices
        (invoice_number, customer_id, customer_name, customer_gstin,
         customer_state_code, supply_type, invoice_date, due_date,
         subtotal, discount_amount, taxable_amount,
         cgst_amount, sgst_amount, igst_amount, total_gst,
         round_off, total_amount, paid_amount, payment_method, status,
         notes, created_by)
      VALUES ('INV00001',2.0,NULL,NULL,'33','intrastate',NULL,NULL,12.0,NULL,NULL,NULL,NULL,NULL,NULL,NULL,NULL,NULL,'card','paid',NULL,1.0)
    
[2026-05-25T12:23:26.193Z] [DEBUG] ROLLBACK
[2026-05-25T12:23:26.198Z] [ERROR] IPC invoice:create: NOT NULL constraint failed: invoices.customer_name
[2026-05-25T12:23:31.320Z] [DEBUG] SELECT * FROM medicines WHERE is_active=1 ORDER BY name
[2026-05-25T12:23:31.329Z] [DEBUG] SELECT * FROM medicines WHERE is_active=1 ORDER BY name
[2026-05-25T12:23:38.971Z] [DEBUG] SELECT * FROM medicines WHERE is_active=1 ORDER BY name
[2026-05-25T12:23:38.982Z] [DEBUG] SELECT * FROM medicines WHERE is_active=1 ORDER BY name
[2026-05-25T12:23:39.285Z] [DEBUG] 
    SELECT b.*, m.name as medicine_name, m.hsn_code, m.gst_rate, m.unit
    FROM batches b
    JOIN medicines m ON m.id = b.medicine_id
      AND m.is_active = 1
    ORDER BY m.name, b.expiry_date ASC
  
[2026-05-25T12:23:41.751Z] [DEBUG] SELECT * FROM customers WHERE is_active=1 ORDER BY name
[2026-05-25T12:23:43.820Z] [DEBUG] SELECT * FROM suppliers WHERE is_active=1 ORDER BY name
[2026-05-25T12:23:45.555Z] [DEBUG] SELECT * FROM suppliers WHERE is_active=1 ORDER BY name
[2026-05-25T12:23:45.561Z] [DEBUG] SELECT * FROM medicines WHERE is_active=1 ORDER BY name
[2026-05-25T12:23:45.567Z] [DEBUG] SELECT * FROM suppliers WHERE is_active=1 ORDER BY name
[2026-05-25T12:23:45.575Z] [DEBUG] SELECT * FROM medicines WHERE is_active=1 ORDER BY name
[2026-05-25T12:23:45.870Z] [DEBUG] SELECT COUNT(*) as c FROM purchase_orders 
[2026-05-25T12:23:45.877Z] [DEBUG] 
    SELECT * FROM purchase_orders  ORDER BY order_date DESC, id DESC LIMIT 50.0 OFFSET 0.0
  
[2026-05-25T12:23:47.370Z] [DEBUG] SELECT COUNT(*) as c FROM returns WHERE return_date >= '2026-05-01' AND return_date <= '2026-05-25'
[2026-05-25T12:23:47.373Z] [DEBUG] SELECT * FROM returns WHERE return_date >= '2026-05-01' AND return_date <= '2026-05-25' ORDER BY return_date DESC, id DESC LIMIT 100.0 OFFSET 0.0
[2026-05-25T12:23:47.377Z] [DEBUG] SELECT COUNT(*) as c FROM returns WHERE return_date >= '2026-05-01' AND return_date <= '2026-05-25'
[2026-05-25T12:23:47.378Z] [DEBUG] SELECT * FROM returns WHERE return_date >= '2026-05-01' AND return_date <= '2026-05-25' ORDER BY return_date DESC, id DESC LIMIT 100.0 OFFSET 0.0
[2026-05-25T12:23:50.229Z] [DEBUG] 
    SELECT c.id, c.name, c.phone,
      c.credit_limit, c.credit_used,
      (c.credit_limit - c.credit_used) as available_credit,
      COALESCE(SUM(i.total_amount - i.paid_amount), 0) as invoice_outstanding
    FROM customers c
    LEFT JOIN invoices i ON i.customer_id = c.id AND i.status IN ('partial','paid')
      AND i.payment_method = 'credit'
    WHERE c.is_active = 1
    GROUP BY c.id
    HAVING credit_used > 0
    ORDER BY credit_used DESC
  
[2026-05-25T12:23:50.232Z] [DEBUG] 
    SELECT c.id, c.name, c.phone,
      c.credit_limit, c.credit_used,
      (c.credit_limit - c.credit_used) as available_credit,
      COALESCE(SUM(i.total_amount - i.paid_amount), 0) as invoice_outstanding
    FROM customers c
    LEFT JOIN invoices i ON i.customer_id = c.id AND i.status IN ('partial','paid')
      AND i.payment_method = 'credit'
    WHERE c.is_active = 1
    GROUP BY c.id
    HAVING credit_used > 0
    ORDER BY credit_used DESC
  
[2026-05-25T12:23:52.276Z] [DEBUG] 
    SELECT s.id, s.name, s.phone,
      s.outstanding,
      COALESCE(SUM(sp.amount), 0) as total_paid,
      s.credit_days
    FROM suppliers s
    LEFT JOIN supplier_payments sp ON sp.supplier_id = s.id
    WHERE s.is_active = 1
    GROUP BY s.id
    HAVING s.outstanding > 0
    ORDER BY s.outstanding DESC
  
[2026-05-25T12:24:12.084Z] [DEBUG] 
    SELECT c.id, c.name, c.phone,
      c.credit_limit, c.credit_used,
      (c.credit_limit - c.credit_used) as available_credit,
      COALESCE(SUM(i.total_amount - i.paid_amount), 0) as invoice_outstanding
    FROM customers c
    LEFT JOIN invoices i ON i.customer_id = c.id AND i.status IN ('partial','paid')
      AND i.payment_method = 'credit'
    WHERE c.is_active = 1
    GROUP BY c.id
    HAVING credit_used > 0
    ORDER BY credit_used DESC
  
[2026-05-25T12:24:25.693Z] [DEBUG] 
    SELECT s.id, s.name, s.phone,
      s.outstanding,
      COALESCE(SUM(sp.amount), 0) as total_paid,
      s.credit_days
    FROM suppliers s
    LEFT JOIN supplier_payments sp ON sp.supplier_id = s.id
    WHERE s.is_active = 1
    GROUP BY s.id
    HAVING s.outstanding > 0
    ORDER BY s.outstanding DESC
  
[2026-05-25T12:24:26.932Z] [DEBUG] 
    SELECT c.id, c.name, c.phone,
      c.credit_limit, c.credit_used,
      (c.credit_limit - c.credit_used) as available_credit,
      COALESCE(SUM(i.total_amount - i.paid_amount), 0) as invoice_outstanding
    FROM customers c
    LEFT JOIN invoices i ON i.customer_id = c.id AND i.status IN ('partial','paid')
      AND i.payment_method = 'credit'
    WHERE c.is_active = 1
    GROUP BY c.id
    HAVING credit_used > 0
    ORDER BY credit_used DESC
  
[2026-05-25T12:24:35.568Z] [DEBUG] 
    SELECT
      invoice_date                         AS date,
      COUNT(*)                             AS invoice_count,
      SUM(total_amount)                    AS total_revenue,
      SUM(taxable_amount)                  AS total_taxable,
      SUM(cgst_amount)                     AS total_cgst,
      SUM(sgst_amount)                     AS total_sgst,
      SUM(igst_amount)                     AS total_igst,
      SUM(total_gst)                       AS total_gst,
      SUM(CASE WHEN payment_method='cash'   THEN total_amount ELSE 0 END) AS cash_total,
      SUM(CASE WHEN payment_method='card'   THEN total_amount ELSE 0 END) AS card_total,
      SUM(CASE WHEN payment_method='upi'    THEN total_amount ELSE 0 END) AS upi_total,
      SUM(CASE WHEN payment_method='credit' THEN total_amount ELSE 0 END) AS credit_total
    FROM invoices
    WHERE invoice_date BETWEEN '2026-04-25' AND '2026-05-25'
      AND status IN ('paid','partial')
    GROUP BY invoice_date
    ORDER BY invoice_date DESC
  
[2026-05-25T12:24:35.581Z] [DEBUG] 
    SELECT
      invoice_date                         AS date,
      COUNT(*)                             AS invoice_count,
      SUM(total_amount)                    AS total_revenue,
      SUM(taxable_amount)                  AS total_taxable,
      SUM(cgst_amount)                     AS total_cgst,
      SUM(sgst_amount)                     AS total_sgst,
      SUM(igst_amount)                     AS total_igst,
      SUM(total_gst)                       AS total_gst,
      SUM(CASE WHEN payment_method='cash'   THEN total_amount ELSE 0 END) AS cash_total,
      SUM(CASE WHEN payment_method='card'   THEN total_amount ELSE 0 END) AS card_total,
      SUM(CASE WHEN payment_method='upi'    THEN total_amount ELSE 0 END) AS upi_total,
      SUM(CASE WHEN payment_method='credit' THEN total_amount ELSE 0 END) AS credit_total
    FROM invoices
    WHERE invoice_date BETWEEN '2026-04-25' AND '2026-05-25'
      AND status IN ('paid','partial')
    GROUP BY invoice_date
    ORDER BY invoice_date DESC
  
[2026-05-25T12:24:39.083Z] [DEBUG] SELECT key, value FROM settings
[2026-05-25T12:24:39.085Z] [DEBUG] SELECT id, email, name, role, is_active, created_at FROM users ORDER BY id
[2026-05-25T12:24:39.088Z] [ERROR] IPC app:version: require is not defined
[2026-05-25T12:24:39.091Z] [ERROR] IPC app:userDataPath: require is not defined
[2026-05-25T12:24:39.096Z] [DEBUG] SELECT key, value FROM settings
[2026-05-25T12:24:39.101Z] [DEBUG] SELECT id, email, name, role, is_active, created_at FROM users ORDER BY id
[2026-05-25T12:24:39.106Z] [ERROR] IPC app:version: require is not defined
[2026-05-25T12:24:39.112Z] [ERROR] IPC app:userDataPath: require is not defined
[2026-05-25T12:24:41.061Z] [DEBUG] SELECT * FROM customers WHERE is_active=1 ORDER BY name
[2026-05-25T12:24:43.814Z] [DEBUG] SELECT * FROM suppliers WHERE is_active=1 ORDER BY name
[2026-05-25T12:24:45.468Z] [DEBUG] SELECT * FROM suppliers WHERE is_active=1 ORDER BY name
[2026-05-25T12:24:45.474Z] [DEBUG] SELECT * FROM medicines WHERE is_active=1 ORDER BY name
[2026-05-25T12:24:45.490Z] [DEBUG] SELECT * FROM suppliers WHERE is_active=1 ORDER BY name
[2026-05-25T12:24:45.502Z] [DEBUG] SELECT * FROM medicines WHERE is_active=1 ORDER BY name
[2026-05-25T12:24:45.769Z] [DEBUG] SELECT COUNT(*) as c FROM purchase_orders 
[2026-05-25T12:24:45.772Z] [DEBUG] 
    SELECT * FROM purchase_orders  ORDER BY order_date DESC, id DESC LIMIT 50.0 OFFSET 0.0
  
[2026-05-25T12:26:04.654Z] [DEBUG] SELECT value FROM settings WHERE key = 'auto_sync'
[2026-05-25T12:34:18.391Z] [INFO] Opening database at: C:\Users\surya\AppData\Roaming\pharma-vault\medileader.db
[2026-05-25T12:34:18.454Z] [DEBUG] PRAGMA journal_mode = WAL
[2026-05-25T12:34:18.456Z] [DEBUG] PRAGMA foreign_keys = ON
[2026-05-25T12:34:18.458Z] [DEBUG] PRAGMA synchronous = NORMAL
[2026-05-25T12:34:18.459Z] [DEBUG] PRAGMA temp_store = MEMORY
[2026-05-25T12:34:18.461Z] [DEBUG] PRAGMA mmap_size = 268435456
[2026-05-25T12:34:18.462Z] [DEBUG] PRAGMA cache_size = -32000
[2026-05-25T12:34:18.465Z] [DEBUG] PRAGMA journal_mode = WAL;
[2026-05-25T12:34:18.467Z] [DEBUG] PRAGMA foreign_keys = ON;
[2026-05-25T12:34:18.468Z] [DEBUG] PRAGMA synchronous = NORMAL;
[2026-05-25T12:34:18.471Z] [DEBUG] PRAGMA temp_store = MEMORY;
[2026-05-25T12:34:18.472Z] [DEBUG] CREATE TABLE IF NOT EXISTS schema_migrations (
      id INTEGER PRIMARY KEY AUTOINCREMENT,
      version TEXT NOT NULL UNIQUE,
      applied_at TEXT NOT NULL DEFAULT (datetime('now','localtime'))
    );
[2026-05-25T12:34:18.474Z] [DEBUG] CREATE TABLE IF NOT EXISTS users (
      id INTEGER PRIMARY KEY AUTOINCREMENT,
      email TEXT NOT NULL UNIQUE COLLATE NOCASE,
      name TEXT NOT NULL DEFAULT '',
      password_hash TEXT NOT NULL,
      role TEXT NOT NULL DEFAULT 'cashier' CHECK(role IN ('admin','manager','cashier')),
      phone TEXT,
      is_active INTEGER NOT NULL DEFAULT 1 CHECK(is_active IN (0,1)),
      created_at TEXT NOT NULL DEFAULT (datetime('now','localtime')),
      updated_at TEXT NOT NULL DEFAULT (datetime('now','localtime'))
    );
[2026-05-25T12:34:18.476Z] [DEBUG] CREATE TABLE IF NOT EXISTS medicines (
      id INTEGER PRIMARY KEY AUTOINCREMENT,
      name TEXT NOT NULL,
      generic_name TEXT,
      hsn_code TEXT NOT NULL DEFAULT '',
      gst_rate REAL NOT NULL DEFAULT 12 CHECK(gst_rate IN (0,5,12,18)),
      unit TEXT NOT NULL DEFAULT 'strip',
      mrp REAL NOT NULL DEFAULT 0,
      cost REAL NOT NULL DEFAULT 0,
      barcode TEXT,
      manufacturer TEXT,
      schedule TEXT NOT NULL DEFAULT 'OTC' CHECK(schedule IN ('OTC','H','H1','X','G')),
      category TEXT,
      is_active INTEGER NOT NULL DEFAULT 1 CHECK(is_active IN (0,1)),
      sync_id TEXT UNIQUE,
      created_at TEXT NOT NULL DEFAULT (datetime('now','localtime')),
      updated_at TEXT NOT NULL DEFAULT (datetime('now','localtime'))
    );
[2026-05-25T12:34:18.478Z] [DEBUG] CREATE TABLE IF NOT EXISTS batches (
      id INTEGER PRIMARY KEY AUTOINCREMENT,
      medicine_id INTEGER NOT NULL REFERENCES medicines(id) ON DELETE RESTRICT,
      batch_number TEXT NOT NULL,
      expiry_date TEXT NOT NULL,
      purchase_price REAL NOT NULL DEFAULT 0,
      mrp REAL NOT NULL DEFAULT 0,
      quantity INTEGER NOT NULL DEFAULT 0 CHECK(quantity >= 0),
      reorder_level INTEGER NOT NULL DEFAULT 10,
      sync_id TEXT UNIQUE,
      created_at TEXT NOT NULL DEFAULT (datetime('now','localtime')),
      updated_at TEXT NOT NULL DEFAULT (datetime('now','localtime')),
      UNIQUE(medicine_id, batch_number)
    );
[2026-05-25T12:34:18.480Z] [DEBUG] CREATE TABLE IF NOT EXISTS stock_movements (
      id INTEGER PRIMARY KEY AUTOINCREMENT,
      batch_id INTEGER NOT NULL REFERENCES batches(id) ON DELETE RESTRICT,
      medicine_id INTEGER NOT NULL REFERENCES medicines(id) ON DELETE RESTRICT,
      movement_type TEXT NOT NULL,
      quantity INTEGER NOT NULL,
      balance_after INTEGER NOT NULL,
      reference_type TEXT,
      reference_id INTEGER,
      reference_number TEXT,
      remarks TEXT,
      created_by INTEGER NOT NULL REFERENCES users(id),
      created_at TEXT NOT NULL DEFAULT (datetime('now','localtime'))
    );
[2026-05-25T12:34:18.482Z] [DEBUG] CREATE TABLE IF NOT EXISTS customers (
      id INTEGER PRIMARY KEY AUTOINCREMENT,
      name TEXT NOT NULL,
      phone TEXT,
      email TEXT,
      address TEXT,
      city TEXT,
      state TEXT DEFAULT 'Tamil Nadu',
      state_code TEXT DEFAULT '33',
      gst_number TEXT,
      credit_limit REAL NOT NULL DEFAULT 0,
      credit_used REAL NOT NULL DEFAULT 0,
      is_active INTEGER NOT NULL DEFAULT 1 CHECK(is_active IN (0,1)),
      sync_id TEXT UNIQUE,
      created_at TEXT NOT NULL DEFAULT (datetime('now','localtime')),
      updated_at TEXT NOT NULL DEFAULT (datetime('now','localtime'))
    );
[2026-05-25T12:34:18.484Z] [DEBUG] CREATE TABLE IF NOT EXISTS suppliers (
      id INTEGER PRIMARY KEY AUTOINCREMENT,
      name TEXT NOT NULL,
      phone TEXT,
      email TEXT,
      address TEXT,
      city TEXT,
      state TEXT DEFAULT 'Tamil Nadu',
      state_code TEXT DEFAULT '33',
      gstin TEXT,
      dl_number TEXT,
      dl_expiry TEXT,
      credit_days INTEGER NOT NULL DEFAULT 30,
      outstanding REAL NOT NULL DEFAULT 0,
      is_active INTEGER NOT NULL DEFAULT 1 CHECK(is_active IN (0,1)),
      sync_id TEXT UNIQUE,
      created_at TEXT NOT NULL DEFAULT (datetime('now','localtime')),
      updated_at TEXT NOT NULL DEFAULT (datetime('now','localtime'))
    );
[2026-05-25T12:34:18.486Z] [DEBUG] CREATE TABLE IF NOT EXISTS invoices (
      id INTEGER PRIMARY KEY AUTOINCREMENT,
      invoice_number TEXT NOT NULL UNIQUE,
      customer_id INTEGER REFERENCES customers(id) ON DELETE SET NULL,
      customer_name TEXT NOT NULL DEFAULT 'Walk-in',
      customer_gstin TEXT,
      customer_state_code TEXT DEFAULT '33',
      supply_type TEXT NOT NULL DEFAULT 'intrastate',
      invoice_date TEXT NOT NULL,
      due_date TEXT,
      subtotal REAL NOT NULL DEFAULT 0,
      discount_amount REAL NOT NULL DEFAULT 0,
      taxable_amount REAL NOT NULL DEFAULT 0,
      cgst_amount REAL NOT NULL DEFAULT 0,
      sgst_amount REAL NOT NULL DEFAULT 0,
      igst_amount REAL NOT NULL DEFAULT 0,
      total_gst REAL NOT NULL DEFAULT 0,
      round_off REAL NOT NULL DEFAULT 0,
      total_amount REAL NOT NULL DEFAULT 0,
      paid_amount REAL NOT NULL DEFAULT 0,
      payment_method TEXT NOT NULL DEFAULT 'cash',
      status TEXT NOT NULL DEFAULT 'paid',
      notes TEXT,
      created_by INTEGER NOT NULL REFERENCES users(id),
      sync_id TEXT UNIQUE,
      created_at TEXT NOT NULL DEFAULT (datetime('now','localtime')),
      updated_at TEXT NOT NULL DEFAULT (datetime('now','localtime'))
    );
[2026-05-25T12:34:18.488Z] [DEBUG] CREATE TABLE IF NOT EXISTS invoice_items (
      id INTEGER PRIMARY KEY AUTOINCREMENT,
      invoice_id INTEGER NOT NULL REFERENCES invoices(id) ON DELETE CASCADE,
      medicine_id INTEGER NOT NULL REFERENCES medicines(id) ON DELETE RESTRICT,
      medicine_name TEXT NOT NULL,
      batch_id INTEGER NOT NULL REFERENCES batches(id) ON DELETE RESTRICT,
      batch_number TEXT NOT NULL,
      hsn_code TEXT NOT NULL DEFAULT '',
      quantity INTEGER NOT NULL,
      unit TEXT NOT NULL DEFAULT 'strip',
      mrp REAL NOT NULL DEFAULT 0,
      unit_price REAL NOT NULL,
      discount_pct REAL NOT NULL DEFAULT 0,
      taxable_amount REAL NOT NULL DEFAULT 0,
      gst_rate REAL NOT NULL DEFAULT 12,
      cgst_rate REAL NOT NULL DEFAULT 6,
      sgst_rate REAL NOT NULL DEFAULT 6,
      igst_rate REAL NOT NULL DEFAULT 0,
      cgst_amount REAL NOT NULL DEFAULT 0,
      sgst_amount REAL NOT NULL DEFAULT 0,
      igst_amount REAL NOT NULL DEFAULT 0,
      total_amount REAL NOT NULL DEFAULT 0
    );
[2026-05-25T12:34:18.490Z] [DEBUG] CREATE TABLE IF NOT EXISTS returns (
      id INTEGER PRIMARY KEY AUTOINCREMENT,
      return_number TEXT NOT NULL UNIQUE,
      invoice_id INTEGER REFERENCES invoices(id) ON DELETE SET NULL,
      invoice_number TEXT,
      customer_id INTEGER REFERENCES customers(id) ON DELETE SET NULL,
      customer_name TEXT NOT NULL DEFAULT 'Walk-in',
      return_type TEXT NOT NULL DEFAULT 'customer_return',
      return_date TEXT NOT NULL,
      taxable_amount REAL NOT NULL DEFAULT 0,
      cgst_amount REAL NOT NULL DEFAULT 0,
      sgst_amount REAL NOT NULL DEFAULT 0,
      igst_amount REAL NOT NULL DEFAULT 0,
      total_gst REAL NOT NULL DEFAULT 0,
      total_amount REAL NOT NULL DEFAULT 0,
      credit_note_issued INTEGER NOT NULL DEFAULT 0,
      notes TEXT,
      created_by INTEGER NOT NULL REFERENCES users(id),
      created_at TEXT NOT NULL DEFAULT (datetime('now','localtime')),
      updated_at TEXT NOT NULL DEFAULT (datetime('now','localtime'))
    );
[2026-05-25T12:34:18.492Z] [DEBUG] CREATE TABLE IF NOT EXISTS return_items (
      id INTEGER PRIMARY KEY AUTOINCREMENT,
      return_id INTEGER NOT NULL REFERENCES returns(id) ON DELETE CASCADE,
      invoice_item_id INTEGER REFERENCES invoice_items(id) ON DELETE SET NULL,
      medicine_id INTEGER NOT NULL REFERENCES medicines(id) ON DELETE RESTRICT,
      medicine_name TEXT NOT NULL,
      batch_id INTEGER NOT NULL REFERENCES batches(id) ON DELETE RESTRICT,
      batch_number TEXT NOT NULL,
      hsn_code TEXT NOT NULL DEFAULT '',
      quantity INTEGER NOT NULL,
      unit_price REAL NOT NULL,
      discount_pct REAL NOT NULL DEFAULT 0,
      taxable_amount REAL NOT NULL DEFAULT 0,
      gst_rate REAL NOT NULL DEFAULT 12,
      cgst_rate REAL NOT NULL DEFAULT 6,
      sgst_rate REAL NOT NULL DEFAULT 6,
      igst_rate REAL NOT NULL DEFAULT 0,
      cgst_amount REAL NOT NULL DEFAULT 0,
      sgst_amount REAL NOT NULL DEFAULT 0,
      igst_amount REAL NOT NULL DEFAULT 0,
      total_amount REAL NOT NULL DEFAULT 0,
      reason TEXT
    );
[2026-05-25T12:34:18.494Z] [DEBUG] CREATE TABLE IF NOT EXISTS purchase_orders (
      id INTEGER PRIMARY KEY AUTOINCREMENT,
      po_number TEXT NOT NULL UNIQUE,
      supplier_id INTEGER NOT NULL REFERENCES suppliers(id) ON DELETE RESTRICT,
      supplier_name TEXT NOT NULL,
      supply_type TEXT NOT NULL DEFAULT 'intrastate',
      order_date TEXT NOT NULL,
      expected_delivery TEXT,
      taxable_amount REAL NOT NULL DEFAULT 0,
      cgst_amount REAL NOT NULL DEFAULT 0,
      sgst_amount REAL NOT NULL DEFAULT 0,
      igst_amount REAL NOT NULL DEFAULT 0,
      total_amount REAL NOT NULL DEFAULT 0,
      status TEXT NOT NULL DEFAULT 'draft',
      notes TEXT,
      created_by INTEGER NOT NULL REFERENCES users(id),
      sync_id TEXT UNIQUE,
      created_at TEXT NOT NULL DEFAULT (datetime('now','localtime')),
      updated_at TEXT NOT NULL DEFAULT (datetime('now','localtime'))
    );
[2026-05-25T12:34:18.496Z] [DEBUG] CREATE TABLE IF NOT EXISTS po_items (
      id INTEGER PRIMARY KEY AUTOINCREMENT,
      po_id INTEGER NOT NULL REFERENCES purchase_orders(id) ON DELETE CASCADE,
      medicine_id INTEGER NOT NULL REFERENCES medicines(id) ON DELETE RESTRICT,
      medicine_name TEXT NOT NULL,
      hsn_code TEXT NOT NULL DEFAULT '',
      ordered_qty INTEGER NOT NULL DEFAULT 0,
      received_qty INTEGER NOT NULL DEFAULT 0,
      free_qty INTEGER NOT NULL DEFAULT 0,
      unit_price REAL NOT NULL DEFAULT 0,
      gst_rate REAL NOT NULL DEFAULT 12,
      taxable_amount REAL NOT NULL DEFAULT 0,
      cgst_amount REAL NOT NULL DEFAULT 0,
      sgst_amount REAL NOT NULL DEFAULT 0,
      igst_amount REAL NOT NULL DEFAULT 0,
      total_amount REAL NOT NULL DEFAULT 0
    );
[2026-05-25T12:34:18.498Z] [DEBUG] CREATE TABLE IF NOT EXISTS purchase_receipts (
      id INTEGER PRIMARY KEY AUTOINCREMENT,
      receipt_number TEXT NOT NULL UNIQUE,
      po_id INTEGER NOT NULL REFERENCES purchase_orders(id) ON DELETE RESTRICT,
      po_number TEXT NOT NULL,
      supplier_id INTEGER NOT NULL REFERENCES suppliers(id) ON DELETE RESTRICT,
      supplier_name TEXT NOT NULL,
      supplier_invoice_number TEXT,
      receipt_date TEXT NOT NULL,
      taxable_amount REAL NOT NULL DEFAULT 0,
      cgst_amount REAL NOT NULL DEFAULT 0,
      sgst_amount REAL NOT NULL DEFAULT 0,
      igst_amount REAL NOT NULL DEFAULT 0,
      total_amount REAL NOT NULL DEFAULT 0,
      notes TEXT,
      created_by INTEGER NOT NULL REFERENCES users(id),
      created_at TEXT NOT NULL DEFAULT (datetime('now','localtime'))
    );
[2026-05-25T12:34:18.500Z] [DEBUG] CREATE TABLE IF NOT EXISTS receipt_items (
      id INTEGER PRIMARY KEY AUTOINCREMENT,
      receipt_id INTEGER NOT NULL REFERENCES purchase_receipts(id) ON DELETE CASCADE,
      po_item_id INTEGER NOT NULL REFERENCES po_items(id) ON DELETE RESTRICT,
      medicine_id INTEGER NOT NULL REFERENCES medicines(id) ON DELETE RESTRICT,
      medicine_name TEXT NOT NULL,
      batch_number TEXT NOT NULL,
      expiry_date TEXT NOT NULL,
      ordered_qty INTEGER NOT NULL DEFAULT 0,
      received_qty INTEGER NOT NULL DEFAULT 0,
      free_qty INTEGER NOT NULL DEFAULT 0,
      unit_price REAL NOT NULL DEFAULT 0,
      gst_rate REAL NOT NULL DEFAULT 12,
      taxable_amount REAL NOT NULL DEFAULT 0,
      cgst_amount REAL NOT NULL DEFAULT 0,
      sgst_amount REAL NOT NULL DEFAULT 0,
      igst_amount REAL NOT NULL DEFAULT 0,
      total_amount REAL NOT NULL DEFAULT 0,
      reorder_level INTEGER NOT NULL DEFAULT 10
    );
[2026-05-25T12:34:18.502Z] [DEBUG] CREATE TABLE IF NOT EXISTS supplier_payments (
      id INTEGER PRIMARY KEY AUTOINCREMENT,
      supplier_id INTEGER NOT NULL REFERENCES suppliers(id) ON DELETE RESTRICT,
      supplier_name TEXT NOT NULL,
      payment_date TEXT NOT NULL,
      amount REAL NOT NULL,
      method TEXT NOT NULL DEFAULT 'cash',
      reference TEXT,
      notes TEXT,
      created_by INTEGER NOT NULL REFERENCES users(id),
      created_at TEXT NOT NULL DEFAULT (datetime('now','localtime'))
    );
[2026-05-25T12:34:18.504Z] [DEBUG] CREATE TABLE IF NOT EXISTS customer_payments (
      id INTEGER PRIMARY KEY AUTOINCREMENT,
      customer_id INTEGER NOT NULL REFERENCES customers(id) ON DELETE RESTRICT,
      customer_name TEXT NOT NULL,
      invoice_id INTEGER REFERENCES invoices(id) ON DELETE SET NULL,
      payment_date TEXT NOT NULL,
      amount REAL NOT NULL,
      method TEXT NOT NULL DEFAULT 'cash',
      reference TEXT,
      notes TEXT,
      created_by INTEGER NOT NULL REFERENCES users(id),
      created_at TEXT NOT NULL DEFAULT (datetime('now','localtime'))
    );
[2026-05-25T12:34:18.506Z] [DEBUG] CREATE TABLE IF NOT EXISTS ledger_entries (
      id INTEGER PRIMARY KEY AUTOINCREMENT,
      entity_type TEXT NOT NULL CHECK(entity_type IN ('customer','supplier')),
      entity_id INTEGER NOT NULL,
      entry_date TEXT NOT NULL,
      reference_type TEXT NOT NULL,
      reference_id INTEGER NOT NULL,
      reference_number TEXT NOT NULL,
      debit REAL NOT NULL DEFAULT 0,
      credit REAL NOT NULL DEFAULT 0,
      balance REAL NOT NULL DEFAULT 0,
      narration TEXT NOT NULL DEFAULT '',
      created_at TEXT NOT NULL DEFAULT (datetime('now','localtime'))
    );
[2026-05-25T12:34:18.507Z] [DEBUG] CREATE TABLE IF NOT EXISTS gst_returns (
      id INTEGER PRIMARY KEY AUTOINCREMENT,
      return_type TEXT NOT NULL CHECK(return_type IN ('GSTR1','GSTR3B')),
      period TEXT NOT NULL,
      filed_at TEXT,
      data_json TEXT NOT NULL,
      status TEXT NOT NULL DEFAULT 'draft',
      created_by INTEGER NOT NULL REFERENCES users(id),
      created_at TEXT NOT NULL DEFAULT (datetime('now','localtime'))
    );
[2026-05-25T12:34:18.514Z] [DEBUG] CREATE TABLE IF NOT EXISTS settings (
      key TEXT NOT NULL PRIMARY KEY,
      value TEXT NOT NULL DEFAULT '',
      updated_at TEXT NOT NULL DEFAULT (datetime('now','localtime'))
    );
[2026-05-25T12:34:18.516Z] [DEBUG] CREATE TABLE IF NOT EXISTS sync_conflicts (
      id INTEGER PRIMARY KEY AUTOINCREMENT,
      entity_type TEXT NOT NULL,
      sync_id TEXT NOT NULL,
      local_data TEXT,
      remote_data TEXT,
      resolved INTEGER NOT NULL DEFAULT 0,
      created_at TEXT NOT NULL DEFAULT (datetime('now','localtime'))
    );
[2026-05-25T12:34:18.519Z] [DEBUG] CREATE TABLE IF NOT EXISTS audit_logs (
      id INTEGER PRIMARY KEY AUTOINCREMENT,
      table_name TEXT NOT NULL,
      record_id INTEGER NOT NULL,
      action TEXT NOT NULL CHECK(action IN ('INSERT','UPDATE','DELETE')),
      old_values TEXT,
      new_values TEXT,
      user_id INTEGER NOT NULL REFERENCES users(id),
      user_email TEXT NOT NULL,
      created_at TEXT NOT NULL DEFAULT (datetime('now','localtime'))
    );
[2026-05-25T12:34:18.533Z] [DEBUG] CREATE INDEX IF NOT EXISTS idx_medicines_name      ON medicines(name);
[2026-05-25T12:34:18.539Z] [DEBUG] CREATE INDEX IF NOT EXISTS idx_medicines_barcode   ON medicines(barcode);
[2026-05-25T12:34:18.544Z] [DEBUG] CREATE INDEX IF NOT EXISTS idx_batches_medicine    ON batches(medicine_id);
[2026-05-25T12:34:18.547Z] [DEBUG] CREATE INDEX IF NOT EXISTS idx_batches_expiry      ON batches(expiry_date);
[2026-05-25T12:34:18.550Z] [DEBUG] CREATE INDEX IF NOT EXISTS idx_invoices_date       ON invoices(invoice_date);
[2026-05-25T12:34:18.553Z] [DEBUG] CREATE INDEX IF NOT EXISTS idx_invoices_customer   ON invoices(customer_id);
[2026-05-25T12:34:18.560Z] [DEBUG] CREATE INDEX IF NOT EXISTS idx_inv_items_invoice   ON invoice_items(invoice_id);
[2026-05-25T12:34:18.563Z] [DEBUG] CREATE INDEX IF NOT EXISTS idx_returns_invoice     ON returns(invoice_id);
[2026-05-25T12:34:18.567Z] [DEBUG] CREATE INDEX IF NOT EXISTS idx_ledger_entity       ON ledger_entries(entity_type, entity_id);
[2026-05-25T12:34:18.586Z] [DEBUG] CREATE INDEX IF NOT EXISTS idx_stock_movements_batch ON stock_movements(batch_id);
[2026-05-25T12:34:18.588Z] [DEBUG] CREATE INDEX IF NOT EXISTS idx_audit_table         ON audit_logs(table_name, record_id);
[2026-05-25T12:34:18.590Z] [INFO] Embedded schema applied
[2026-05-25T12:34:18.592Z] [DEBUG] SELECT id FROM schema_migrations WHERE version = '001_initial_settings'
[2026-05-25T12:34:18.594Z] [DEBUG] SELECT id FROM schema_migrations WHERE version = '002_soft_delete_medicines'
[2026-05-25T12:34:18.596Z] [DEBUG] SELECT id FROM schema_migrations WHERE version = '003_supplier_outstanding_index'
[2026-05-25T12:34:18.598Z] [INFO] Database ready
[2026-05-25T12:34:18.601Z] [INFO] All IPC handlers registered
[2026-05-25T12:34:18.730Z] [DEBUG] SELECT value FROM settings WHERE key = 'sync_interval'
[2026-05-25T12:34:18.732Z] [INFO] MediLeader started
[2026-05-25T12:34:20.622Z] [ERROR] IPC auth:decrypt: require is not defined
[2026-05-25T12:34:20.953Z] [DEBUG] SELECT id FROM users WHERE role='admin' LIMIT 1
[2026-05-25T12:34:20.957Z] [DEBUG] SELECT id FROM users WHERE role='admin' LIMIT 1
[2026-05-25T12:34:30.827Z] [INFO] Opening database at: C:\Users\surya\AppData\Roaming\pharma-vault\medileader.db
[2026-05-25T12:34:30.851Z] [DEBUG] PRAGMA journal_mode = WAL
[2026-05-25T12:34:30.853Z] [DEBUG] PRAGMA foreign_keys = ON
[2026-05-25T12:34:30.854Z] [DEBUG] PRAGMA synchronous = NORMAL
[2026-05-25T12:34:30.856Z] [DEBUG] PRAGMA temp_store = MEMORY
[2026-05-25T12:34:30.857Z] [DEBUG] PRAGMA mmap_size = 268435456
[2026-05-25T12:34:30.859Z] [DEBUG] PRAGMA cache_size = -32000
[2026-05-25T12:34:30.861Z] [DEBUG] PRAGMA journal_mode = WAL;
[2026-05-25T12:34:30.862Z] [DEBUG] PRAGMA foreign_keys = ON;
[2026-05-25T12:34:30.863Z] [DEBUG] PRAGMA synchronous = NORMAL;
[2026-05-25T12:34:30.864Z] [DEBUG] PRAGMA temp_store = MEMORY;
[2026-05-25T12:34:30.865Z] [DEBUG] CREATE TABLE IF NOT EXISTS schema_migrations (
      id INTEGER PRIMARY KEY AUTOINCREMENT,
      version TEXT NOT NULL UNIQUE,
      applied_at TEXT NOT NULL DEFAULT (datetime('now','localtime'))
    );
[2026-05-25T12:34:30.866Z] [DEBUG] CREATE TABLE IF NOT EXISTS users (
      id INTEGER PRIMARY KEY AUTOINCREMENT,
      email TEXT NOT NULL UNIQUE COLLATE NOCASE,
      name TEXT NOT NULL DEFAULT '',
      password_hash TEXT NOT NULL,
      role TEXT NOT NULL DEFAULT 'cashier' CHECK(role IN ('admin','manager','cashier')),
      phone TEXT,
      is_active INTEGER NOT NULL DEFAULT 1 CHECK(is_active IN (0,1)),
      created_at TEXT NOT NULL DEFAULT (datetime('now','localtime')),
      updated_at TEXT NOT NULL DEFAULT (datetime('now','localtime'))
    );
[2026-05-25T12:34:30.868Z] [DEBUG] CREATE TABLE IF NOT EXISTS medicines (
      id INTEGER PRIMARY KEY AUTOINCREMENT,
      name TEXT NOT NULL,
      generic_name TEXT,
      hsn_code TEXT NOT NULL DEFAULT '',
      gst_rate REAL NOT NULL DEFAULT 12 CHECK(gst_rate IN (0,5,12,18)),
      unit TEXT NOT NULL DEFAULT 'strip',
      mrp REAL NOT NULL DEFAULT 0,
      cost REAL NOT NULL DEFAULT 0,
      barcode TEXT,
      manufacturer TEXT,
      schedule TEXT NOT NULL DEFAULT 'OTC' CHECK(schedule IN ('OTC','H','H1','X','G')),
      category TEXT,
      is_active INTEGER NOT NULL DEFAULT 1 CHECK(is_active IN (0,1)),
      sync_id TEXT UNIQUE,
      created_at TEXT NOT NULL DEFAULT (datetime('now','localtime')),
      updated_at TEXT NOT NULL DEFAULT (datetime('now','localtime'))
    );
[2026-05-25T12:34:30.869Z] [DEBUG] CREATE TABLE IF NOT EXISTS batches (
      id INTEGER PRIMARY KEY AUTOINCREMENT,
      medicine_id INTEGER NOT NULL REFERENCES medicines(id) ON DELETE RESTRICT,
      batch_number TEXT NOT NULL,
      expiry_date TEXT NOT NULL,
      purchase_price REAL NOT NULL DEFAULT 0,
      mrp REAL NOT NULL DEFAULT 0,
      quantity INTEGER NOT NULL DEFAULT 0 CHECK(quantity >= 0),
      reorder_level INTEGER NOT NULL DEFAULT 10,
      sync_id TEXT UNIQUE,
      created_at TEXT NOT NULL DEFAULT (datetime('now','localtime')),
      updated_at TEXT NOT NULL DEFAULT (datetime('now','localtime')),
      UNIQUE(medicine_id, batch_number)
    );
[2026-05-25T12:34:30.870Z] [DEBUG] CREATE TABLE IF NOT EXISTS stock_movements (
      id INTEGER PRIMARY KEY AUTOINCREMENT,
      batch_id INTEGER NOT NULL REFERENCES batches(id) ON DELETE RESTRICT,
      medicine_id INTEGER NOT NULL REFERENCES medicines(id) ON DELETE RESTRICT,
      movement_type TEXT NOT NULL,
      quantity INTEGER NOT NULL,
      balance_after INTEGER NOT NULL,
      reference_type TEXT,
      reference_id INTEGER,
      reference_number TEXT,
      remarks TEXT,
      created_by INTEGER NOT NULL REFERENCES users(id),
      created_at TEXT NOT NULL DEFAULT (datetime('now','localtime'))
    );
[2026-05-25T12:34:30.871Z] [DEBUG] CREATE TABLE IF NOT EXISTS customers (
      id INTEGER PRIMARY KEY AUTOINCREMENT,
      name TEXT NOT NULL,
      phone TEXT,
      email TEXT,
      address TEXT,
      city TEXT,
      state TEXT DEFAULT 'Tamil Nadu',
      state_code TEXT DEFAULT '33',
      gst_number TEXT,
      credit_limit REAL NOT NULL DEFAULT 0,
      credit_used REAL NOT NULL DEFAULT 0,
      is_active INTEGER NOT NULL DEFAULT 1 CHECK(is_active IN (0,1)),
      sync_id TEXT UNIQUE,
      created_at TEXT NOT NULL DEFAULT (datetime('now','localtime')),
      updated_at TEXT NOT NULL DEFAULT (datetime('now','localtime'))
    );
[2026-05-25T12:34:30.873Z] [DEBUG] CREATE TABLE IF NOT EXISTS suppliers (
      id INTEGER PRIMARY KEY AUTOINCREMENT,
      name TEXT NOT NULL,
      phone TEXT,
      email TEXT,
      address TEXT,
      city TEXT,
      state TEXT DEFAULT 'Tamil Nadu',
      state_code TEXT DEFAULT '33',
      gstin TEXT,
      dl_number TEXT,
      dl_expiry TEXT,
      credit_days INTEGER NOT NULL DEFAULT 30,
      outstanding REAL NOT NULL DEFAULT 0,
      is_active INTEGER NOT NULL DEFAULT 1 CHECK(is_active IN (0,1)),
      sync_id TEXT UNIQUE,
      created_at TEXT NOT NULL DEFAULT (datetime('now','localtime')),
      updated_at TEXT NOT NULL DEFAULT (datetime('now','localtime'))
    );
[2026-05-25T12:34:30.875Z] [DEBUG] CREATE TABLE IF NOT EXISTS invoices (
      id INTEGER PRIMARY KEY AUTOINCREMENT,
      invoice_number TEXT NOT NULL UNIQUE,
      customer_id INTEGER REFERENCES customers(id) ON DELETE SET NULL,
      customer_name TEXT NOT NULL DEFAULT 'Walk-in',
      customer_gstin TEXT,
      customer_state_code TEXT DEFAULT '33',
      supply_type TEXT NOT NULL DEFAULT 'intrastate',
      invoice_date TEXT NOT NULL,
      due_date TEXT,
      subtotal REAL NOT NULL DEFAULT 0,
      discount_amount REAL NOT NULL DEFAULT 0,
      taxable_amount REAL NOT NULL DEFAULT 0,
      cgst_amount REAL NOT NULL DEFAULT 0,
      sgst_amount REAL NOT NULL DEFAULT 0,
      igst_amount REAL NOT NULL DEFAULT 0,
      total_gst REAL NOT NULL DEFAULT 0,
      round_off REAL NOT NULL DEFAULT 0,
      total_amount REAL NOT NULL DEFAULT 0,
      paid_amount REAL NOT NULL DEFAULT 0,
      payment_method TEXT NOT NULL DEFAULT 'cash',
      status TEXT NOT NULL DEFAULT 'paid',
      notes TEXT,
      created_by INTEGER NOT NULL REFERENCES users(id),
      sync_id TEXT UNIQUE,
      created_at TEXT NOT NULL DEFAULT (datetime('now','localtime')),
      updated_at TEXT NOT NULL DEFAULT (datetime('now','localtime'))
    );
[2026-05-25T12:34:30.876Z] [DEBUG] CREATE TABLE IF NOT EXISTS invoice_items (
      id INTEGER PRIMARY KEY AUTOINCREMENT,
      invoice_id INTEGER NOT NULL REFERENCES invoices(id) ON DELETE CASCADE,
      medicine_id INTEGER NOT NULL REFERENCES medicines(id) ON DELETE RESTRICT,
      medicine_name TEXT NOT NULL,
      batch_id INTEGER NOT NULL REFERENCES batches(id) ON DELETE RESTRICT,
      batch_number TEXT NOT NULL,
      hsn_code TEXT NOT NULL DEFAULT '',
      quantity INTEGER NOT NULL,
      unit TEXT NOT NULL DEFAULT 'strip',
      mrp REAL NOT NULL DEFAULT 0,
      unit_price REAL NOT NULL,
      discount_pct REAL NOT NULL DEFAULT 0,
      taxable_amount REAL NOT NULL DEFAULT 0,
      gst_rate REAL NOT NULL DEFAULT 12,
      cgst_rate REAL NOT NULL DEFAULT 6,
      sgst_rate REAL NOT NULL DEFAULT 6,
      igst_rate REAL NOT NULL DEFAULT 0,
      cgst_amount REAL NOT NULL DEFAULT 0,
      sgst_amount REAL NOT NULL DEFAULT 0,
      igst_amount REAL NOT NULL DEFAULT 0,
      total_amount REAL NOT NULL DEFAULT 0
    );
[2026-05-25T12:34:30.878Z] [DEBUG] CREATE TABLE IF NOT EXISTS returns (
      id INTEGER PRIMARY KEY AUTOINCREMENT,
      return_number TEXT NOT NULL UNIQUE,
      invoice_id INTEGER REFERENCES invoices(id) ON DELETE SET NULL,
      invoice_number TEXT,
      customer_id INTEGER REFERENCES customers(id) ON DELETE SET NULL,
      customer_name TEXT NOT NULL DEFAULT 'Walk-in',
      return_type TEXT NOT NULL DEFAULT 'customer_return',
      return_date TEXT NOT NULL,
      taxable_amount REAL NOT NULL DEFAULT 0,
      cgst_amount REAL NOT NULL DEFAULT 0,
      sgst_amount REAL NOT NULL DEFAULT 0,
      igst_amount REAL NOT NULL DEFAULT 0,
      total_gst REAL NOT NULL DEFAULT 0,
      total_amount REAL NOT NULL DEFAULT 0,
      credit_note_issued INTEGER NOT NULL DEFAULT 0,
      notes TEXT,
      created_by INTEGER NOT NULL REFERENCES users(id),
      created_at TEXT NOT NULL DEFAULT (datetime('now','localtime')),
      updated_at TEXT NOT NULL DEFAULT (datetime('now','localtime'))
    );
[2026-05-25T12:34:30.879Z] [DEBUG] CREATE TABLE IF NOT EXISTS return_items (
      id INTEGER PRIMARY KEY AUTOINCREMENT,
      return_id INTEGER NOT NULL REFERENCES returns(id) ON DELETE CASCADE,
      invoice_item_id INTEGER REFERENCES invoice_items(id) ON DELETE SET NULL,
      medicine_id INTEGER NOT NULL REFERENCES medicines(id) ON DELETE RESTRICT,
      medicine_name TEXT NOT NULL,
      batch_id INTEGER NOT NULL REFERENCES batches(id) ON DELETE RESTRICT,
      batch_number TEXT NOT NULL,
      hsn_code TEXT NOT NULL DEFAULT '',
      quantity INTEGER NOT NULL,
      unit_price REAL NOT NULL,
      discount_pct REAL NOT NULL DEFAULT 0,
      taxable_amount REAL NOT NULL DEFAULT 0,
      gst_rate REAL NOT NULL DEFAULT 12,
      cgst_rate REAL NOT NULL DEFAULT 6,
      sgst_rate REAL NOT NULL DEFAULT 6,
      igst_rate REAL NOT NULL DEFAULT 0,
      cgst_amount REAL NOT NULL DEFAULT 0,
      sgst_amount REAL NOT NULL DEFAULT 0,
      igst_amount REAL NOT NULL DEFAULT 0,
      total_amount REAL NOT NULL DEFAULT 0,
      reason TEXT
    );
[2026-05-25T12:34:30.880Z] [DEBUG] CREATE TABLE IF NOT EXISTS purchase_orders (
      id INTEGER PRIMARY KEY AUTOINCREMENT,
      po_number TEXT NOT NULL UNIQUE,
      supplier_id INTEGER NOT NULL REFERENCES suppliers(id) ON DELETE RESTRICT,
      supplier_name TEXT NOT NULL,
      supply_type TEXT NOT NULL DEFAULT 'intrastate',
      order_date TEXT NOT NULL,
      expected_delivery TEXT,
      taxable_amount REAL NOT NULL DEFAULT 0,
      cgst_amount REAL NOT NULL DEFAULT 0,
      sgst_amount REAL NOT NULL DEFAULT 0,
      igst_amount REAL NOT NULL DEFAULT 0,
      total_amount REAL NOT NULL DEFAULT 0,
      status TEXT NOT NULL DEFAULT 'draft',
      notes TEXT,
      created_by INTEGER NOT NULL REFERENCES users(id),
      sync_id TEXT UNIQUE,
      created_at TEXT NOT NULL DEFAULT (datetime('now','localtime')),
      updated_at TEXT NOT NULL DEFAULT (datetime('now','localtime'))
    );
[2026-05-25T12:34:30.881Z] [DEBUG] CREATE TABLE IF NOT EXISTS po_items (
      id INTEGER PRIMARY KEY AUTOINCREMENT,
      po_id INTEGER NOT NULL REFERENCES purchase_orders(id) ON DELETE CASCADE,
      medicine_id INTEGER NOT NULL REFERENCES medicines(id) ON DELETE RESTRICT,
      medicine_name TEXT NOT NULL,
      hsn_code TEXT NOT NULL DEFAULT '',
      ordered_qty INTEGER NOT NULL DEFAULT 0,
      received_qty INTEGER NOT NULL DEFAULT 0,
      free_qty INTEGER NOT NULL DEFAULT 0,
      unit_price REAL NOT NULL DEFAULT 0,
      gst_rate REAL NOT NULL DEFAULT 12,
      taxable_amount REAL NOT NULL DEFAULT 0,
      cgst_amount REAL NOT NULL DEFAULT 0,
      sgst_amount REAL NOT NULL DEFAULT 0,
      igst_amount REAL NOT NULL DEFAULT 0,
      total_amount REAL NOT NULL DEFAULT 0
    );
[2026-05-25T12:34:30.883Z] [DEBUG] CREATE TABLE IF NOT EXISTS purchase_receipts (
      id INTEGER PRIMARY KEY AUTOINCREMENT,
      receipt_number TEXT NOT NULL UNIQUE,
      po_id INTEGER NOT NULL REFERENCES purchase_orders(id) ON DELETE RESTRICT,
      po_number TEXT NOT NULL,
      supplier_id INTEGER NOT NULL REFERENCES suppliers(id) ON DELETE RESTRICT,
      supplier_name TEXT NOT NULL,
      supplier_invoice_number TEXT,
      receipt_date TEXT NOT NULL,
      taxable_amount REAL NOT NULL DEFAULT 0,
      cgst_amount REAL NOT NULL DEFAULT 0,
      sgst_amount REAL NOT NULL DEFAULT 0,
      igst_amount REAL NOT NULL DEFAULT 0,
      total_amount REAL NOT NULL DEFAULT 0,
      notes TEXT,
      created_by INTEGER NOT NULL REFERENCES users(id),
      created_at TEXT NOT NULL DEFAULT (datetime('now','localtime'))
    );
[2026-05-25T12:34:30.884Z] [DEBUG] CREATE TABLE IF NOT EXISTS receipt_items (
      id INTEGER PRIMARY KEY AUTOINCREMENT,
      receipt_id INTEGER NOT NULL REFERENCES purchase_receipts(id) ON DELETE CASCADE,
      po_item_id INTEGER NOT NULL REFERENCES po_items(id) ON DELETE RESTRICT,
      medicine_id INTEGER NOT NULL REFERENCES medicines(id) ON DELETE RESTRICT,
      medicine_name TEXT NOT NULL,
      batch_number TEXT NOT NULL,
      expiry_date TEXT NOT NULL,
      ordered_qty INTEGER NOT NULL DEFAULT 0,
      received_qty INTEGER NOT NULL DEFAULT 0,
      free_qty INTEGER NOT NULL DEFAULT 0,
      unit_price REAL NOT NULL DEFAULT 0,
      gst_rate REAL NOT NULL DEFAULT 12,
      taxable_amount REAL NOT NULL DEFAULT 0,
      cgst_amount REAL NOT NULL DEFAULT 0,
      sgst_amount REAL NOT NULL DEFAULT 0,
      igst_amount REAL NOT NULL DEFAULT 0,
      total_amount REAL NOT NULL DEFAULT 0,
      reorder_level INTEGER NOT NULL DEFAULT 10
    );
[2026-05-25T12:34:30.886Z] [DEBUG] CREATE TABLE IF NOT EXISTS supplier_payments (
      id INTEGER PRIMARY KEY AUTOINCREMENT,
      supplier_id INTEGER NOT NULL REFERENCES suppliers(id) ON DELETE RESTRICT,
      supplier_name TEXT NOT NULL,
      payment_date TEXT NOT NULL,
      amount REAL NOT NULL,
      method TEXT NOT NULL DEFAULT 'cash',
      reference TEXT,
      notes TEXT,
      created_by INTEGER NOT NULL REFERENCES users(id),
      created_at TEXT NOT NULL DEFAULT (datetime('now','localtime'))
    );
[2026-05-25T12:34:30.887Z] [DEBUG] CREATE TABLE IF NOT EXISTS customer_payments (
      id INTEGER PRIMARY KEY AUTOINCREMENT,
      customer_id INTEGER NOT NULL REFERENCES customers(id) ON DELETE RESTRICT,
      customer_name TEXT NOT NULL,
      invoice_id INTEGER REFERENCES invoices(id) ON DELETE SET NULL,
      payment_date TEXT NOT NULL,
      amount REAL NOT NULL,
      method TEXT NOT NULL DEFAULT 'cash',
      reference TEXT,
      notes TEXT,
      created_by INTEGER NOT NULL REFERENCES users(id),
      created_at TEXT NOT NULL DEFAULT (datetime('now','localtime'))
    );
[2026-05-25T12:34:30.888Z] [DEBUG] CREATE TABLE IF NOT EXISTS ledger_entries (
      id INTEGER PRIMARY KEY AUTOINCREMENT,
      entity_type TEXT NOT NULL CHECK(entity_type IN ('customer','supplier')),
      entity_id INTEGER NOT NULL,
      entry_date TEXT NOT NULL,
      reference_type TEXT NOT NULL,
      reference_id INTEGER NOT NULL,
      reference_number TEXT NOT NULL,
      debit REAL NOT NULL DEFAULT 0,
      credit REAL NOT NULL DEFAULT 0,
      balance REAL NOT NULL DEFAULT 0,
      narration TEXT NOT NULL DEFAULT '',
      created_at TEXT NOT NULL DEFAULT (datetime('now','localtime'))
    );
[2026-05-25T12:34:30.890Z] [DEBUG] CREATE TABLE IF NOT EXISTS gst_returns (
      id INTEGER PRIMARY KEY AUTOINCREMENT,
      return_type TEXT NOT NULL CHECK(return_type IN ('GSTR1','GSTR3B')),
      period TEXT NOT NULL,
      filed_at TEXT,
      data_json TEXT NOT NULL,
      status TEXT NOT NULL DEFAULT 'draft',
      created_by INTEGER NOT NULL REFERENCES users(id),
      created_at TEXT NOT NULL DEFAULT (datetime('now','localtime'))
    );
[2026-05-25T12:34:30.891Z] [DEBUG] CREATE TABLE IF NOT EXISTS settings (
      key TEXT NOT NULL PRIMARY KEY,
      value TEXT NOT NULL DEFAULT '',
      updated_at TEXT NOT NULL DEFAULT (datetime('now','localtime'))
    );
[2026-05-25T12:34:30.892Z] [DEBUG] CREATE TABLE IF NOT EXISTS sync_conflicts (
      id INTEGER PRIMARY KEY AUTOINCREMENT,
      entity_type TEXT NOT NULL,
      sync_id TEXT NOT NULL,
      local_data TEXT,
      remote_data TEXT,
      resolved INTEGER NOT NULL DEFAULT 0,
      created_at TEXT NOT NULL DEFAULT (datetime('now','localtime'))
    );
[2026-05-25T12:34:30.893Z] [DEBUG] CREATE TABLE IF NOT EXISTS audit_logs (
      id INTEGER PRIMARY KEY AUTOINCREMENT,
      table_name TEXT NOT NULL,
      record_id INTEGER NOT NULL,
      action TEXT NOT NULL CHECK(action IN ('INSERT','UPDATE','DELETE')),
      old_values TEXT,
      new_values TEXT,
      user_id INTEGER NOT NULL REFERENCES users(id),
      user_email TEXT NOT NULL,
      created_at TEXT NOT NULL DEFAULT (datetime('now','localtime'))
    );
[2026-05-25T12:34:30.894Z] [DEBUG] CREATE INDEX IF NOT EXISTS idx_medicines_name      ON medicines(name);
[2026-05-25T12:34:30.895Z] [DEBUG] CREATE INDEX IF NOT EXISTS idx_medicines_barcode   ON medicines(barcode);
[2026-05-25T12:34:30.896Z] [DEBUG] CREATE INDEX IF NOT EXISTS idx_batches_medicine    ON batches(medicine_id);
[2026-05-25T12:34:30.897Z] [DEBUG] CREATE INDEX IF NOT EXISTS idx_batches_expiry      ON batches(expiry_date);
[2026-05-25T12:34:30.899Z] [DEBUG] CREATE INDEX IF NOT EXISTS idx_invoices_date       ON invoices(invoice_date);
[2026-05-25T12:34:30.900Z] [DEBUG] CREATE INDEX IF NOT EXISTS idx_invoices_customer   ON invoices(customer_id);
[2026-05-25T12:34:30.901Z] [DEBUG] CREATE INDEX IF NOT EXISTS idx_inv_items_invoice   ON invoice_items(invoice_id);
[2026-05-25T12:34:30.902Z] [DEBUG] CREATE INDEX IF NOT EXISTS idx_returns_invoice     ON returns(invoice_id);
[2026-05-25T12:34:30.903Z] [DEBUG] CREATE INDEX IF NOT EXISTS idx_ledger_entity       ON ledger_entries(entity_type, entity_id);
[2026-05-25T12:34:30.905Z] [DEBUG] CREATE INDEX IF NOT EXISTS idx_stock_movements_batch ON stock_movements(batch_id);
[2026-05-25T12:34:30.906Z] [DEBUG] CREATE INDEX IF NOT EXISTS idx_audit_table         ON audit_logs(table_name, record_id);
[2026-05-25T12:34:30.907Z] [INFO] Embedded schema applied
[2026-05-25T12:34:30.909Z] [DEBUG] SELECT id FROM schema_migrations WHERE version = '001_initial_settings'
[2026-05-25T12:34:30.910Z] [DEBUG] SELECT id FROM schema_migrations WHERE version = '002_soft_delete_medicines'
[2026-05-25T12:34:30.911Z] [DEBUG] SELECT id FROM schema_migrations WHERE version = '003_supplier_outstanding_index'
[2026-05-25T12:34:30.913Z] [DEBUG] SELECT id FROM schema_migrations WHERE version = '004_import_sessions'
[2026-05-25T12:34:30.914Z] [DEBUG] BEGIN
[2026-05-25T12:34:30.917Z] [DEBUG] CREATE TABLE IF NOT EXISTS import_sessions (
        id              INTEGER PRIMARY KEY AUTOINCREMENT,
        session_id      TEXT NOT NULL UNIQUE,
        source_software TEXT NOT NULL DEFAULT 'generic_csv',
        entity_type     TEXT NOT NULL,
        file_name       TEXT NOT NULL,
        file_size       INTEGER NOT NULL DEFAULT 0,
        total_rows      INTEGER NOT NULL DEFAULT 0,
        valid_rows      INTEGER NOT NULL DEFAULT 0,
        imported_rows   INTEGER NOT NULL DEFAULT 0,
        skipped_rows    INTEGER NOT NULL DEFAULT 0,
        failed_rows     INTEGER NOT NULL DEFAULT 0,
        status          TEXT NOT NULL DEFAULT 'pending',
        field_mapping   TEXT NOT NULL DEFAULT '{}',
        import_settings TEXT NOT NULL DEFAULT '{}',
        rollback_ids    TEXT NOT NULL DEFAULT '{}',
        error_log       TEXT NOT NULL DEFAULT '[]',
        created_by      INTEGER NOT NULL DEFAULT 1,
        started_at      TEXT,
        completed_at    TEXT,
        created_at      TEXT NOT NULL DEFAULT (datetime('now','localtime'))
      );
[2026-05-25T12:34:30.919Z] [DEBUG] CREATE INDEX IF NOT EXISTS idx_import_sessions_status ON import_sessions(status, created_at);
[2026-05-25T12:34:30.921Z] [DEBUG] INSERT INTO schema_migrations (version) VALUES ('004_import_sessions')
[2026-05-25T12:34:30.923Z] [DEBUG] COMMIT
[2026-05-25T12:34:30.924Z] [INFO] Migration applied: 004_import_sessions
[2026-05-25T12:34:30.925Z] [INFO] Database ready
[2026-05-25T12:34:30.928Z] [INFO] All IPC handlers registered
[2026-05-25T12:34:31.043Z] [DEBUG] SELECT value FROM settings WHERE key = 'sync_interval'
[2026-05-25T12:34:31.045Z] [INFO] MediLeader started
[2026-05-25T12:34:32.162Z] [ERROR] IPC auth:decrypt: require is not defined
[2026-05-25T12:34:32.415Z] [DEBUG] SELECT id FROM users WHERE role='admin' LIMIT 1
[2026-05-25T12:34:32.421Z] [DEBUG] SELECT id FROM users WHERE role='admin' LIMIT 1
[2026-05-25T12:34:58.101Z] [DEBUG] SELECT * FROM users WHERE email = 'admin@test.com' AND is_active = 1
[2026-05-25T12:34:58.229Z] [ERROR] IPC auth:encrypt: require is not defined
[2026-05-25T12:34:58.291Z] [DEBUG] 
    SELECT COALESCE(SUM(total_amount),0) AS total, COUNT(*) AS count
    FROM invoices WHERE invoice_date = '2026-05-25' AND status IN ('paid','partial')
  
[2026-05-25T12:34:58.292Z] [DEBUG] 
    SELECT COALESCE(SUM(b.quantity * b.purchase_price), 0) AS value
    FROM batches b JOIN medicines m ON m.id = b.medicine_id WHERE m.is_active = 1
  
[2026-05-25T12:34:58.294Z] [DEBUG] 
    SELECT COUNT(*) AS count FROM batches b
    JOIN medicines m ON m.id = b.medicine_id AND m.is_active = 1
    WHERE b.quantity > 0
      AND b.expiry_date BETWEEN '2026-05-25' AND '2026-06-24'
  
[2026-05-25T12:34:58.295Z] [DEBUG] 
    SELECT COALESCE(SUM(credit_used),0) AS total FROM customers
  
[2026-05-25T12:34:58.297Z] [DEBUG] 
    SELECT COUNT(*) AS count FROM batches WHERE quantity <= reorder_level AND quantity > 0
  
[2026-05-25T12:34:58.299Z] [DEBUG] 
    SELECT * FROM invoices ORDER BY created_at DESC LIMIT 10
  
[2026-05-25T12:34:58.300Z] [DEBUG] 
    SELECT invoice_date AS date, SUM(total_amount) AS revenue
    FROM invoices
    WHERE invoice_date BETWEEN '2026-05-18' AND '2026-05-25' AND status IN ('paid','partial')
    GROUP BY invoice_date
    ORDER BY invoice_date ASC
  
[2026-05-25T12:34:58.302Z] [DEBUG] 
    SELECT COALESCE(SUM(total_amount),0) AS total, COUNT(*) AS count
    FROM invoices WHERE invoice_date = '2026-05-25' AND status IN ('paid','partial')
  
[2026-05-25T12:34:58.305Z] [DEBUG] 
    SELECT COALESCE(SUM(b.quantity * b.purchase_price), 0) AS value
    FROM batches b JOIN medicines m ON m.id = b.medicine_id WHERE m.is_active = 1
  
[2026-05-25T12:34:58.306Z] [DEBUG] 
    SELECT COUNT(*) AS count FROM batches b
    JOIN medicines m ON m.id = b.medicine_id AND m.is_active = 1
    WHERE b.quantity > 0
      AND b.expiry_date BETWEEN '2026-05-25' AND '2026-06-24'
  
[2026-05-25T12:34:58.308Z] [DEBUG] 
    SELECT COALESCE(SUM(credit_used),0) AS total FROM customers
  
[2026-05-25T12:34:58.309Z] [DEBUG] 
    SELECT COUNT(*) AS count FROM batches WHERE quantity <= reorder_level AND quantity > 0
  
[2026-05-25T12:34:58.310Z] [DEBUG] 
    SELECT * FROM invoices ORDER BY created_at DESC LIMIT 10
  
[2026-05-25T12:34:58.312Z] [DEBUG] 
    SELECT invoice_date AS date, SUM(total_amount) AS revenue
    FROM invoices
    WHERE invoice_date BETWEEN '2026-05-18' AND '2026-05-25' AND status IN ('paid','partial')
    GROUP BY invoice_date
    ORDER BY invoice_date ASC
  
[2026-05-25T12:35:04.232Z] [DEBUG] 
    SELECT
      m.id, m.name, m.generic_name, m.hsn_code, m.gst_rate, m.unit, m.mrp,
      m.barcode, m.schedule,
      COALESCE(SUM(CASE WHEN b.expiry_date > '2026-05-25' AND b.quantity > 0 THEN b.quantity ELSE 0 END), 0) AS total_qty
    FROM medicines m
    LEFT JOIN batches b ON b.medicine_id = m.id
    WHERE m.is_active = 1
      AND (m.name LIKE '%%' OR m.generic_name LIKE '%%' OR m.barcode = '' OR m.hsn_code LIKE '%%')
    GROUP BY m.id
    HAVING total_qty > 0
    ORDER BY m.name
    LIMIT 50
  
[2026-05-25T12:35:04.235Z] [DEBUG] SELECT * FROM customers WHERE is_active=1 ORDER BY name
[2026-05-25T12:35:04.238Z] [DEBUG] 
    SELECT
      m.id, m.name, m.generic_name, m.hsn_code, m.gst_rate, m.unit, m.mrp,
      m.barcode, m.schedule,
      COALESCE(SUM(CASE WHEN b.expiry_date > '2026-05-25' AND b.quantity > 0 THEN b.quantity ELSE 0 END), 0) AS total_qty
    FROM medicines m
    LEFT JOIN batches b ON b.medicine_id = m.id
    WHERE m.is_active = 1
      AND (m.name LIKE '%%' OR m.generic_name LIKE '%%' OR m.barcode = '' OR m.hsn_code LIKE '%%')
    GROUP BY m.id
    HAVING total_qty > 0
    ORDER BY m.name
    LIMIT 50
  
[2026-05-25T12:35:04.245Z] [DEBUG] SELECT * FROM customers WHERE is_active=1 ORDER BY name
[2026-05-25T12:35:37.461Z] [DEBUG] SELECT * FROM medicines WHERE id = 4.0
[2026-05-25T12:35:37.463Z] [DEBUG] 
    SELECT b.id as batch_id, b.batch_number, b.expiry_date, b.quantity
    FROM batches b
    WHERE b.medicine_id = 4.0
      AND b.quantity > 0
      AND b.expiry_date > '2026-05-25'
    ORDER BY b.expiry_date ASC, b.id ASC
  
[2026-05-25T12:35:37.467Z] [DEBUG] SELECT value FROM settings WHERE key='invoice_prefix'
[2026-05-25T12:35:37.470Z] [DEBUG] SELECT invoice_number FROM invoices WHERE invoice_number LIKE 'INV%' ORDER BY id DESC LIMIT 1
[2026-05-25T12:35:37.472Z] [DEBUG] BEGIN
[2026-05-25T12:35:37.476Z] [DEBUG] 
      INSERT INTO invoices
        (invoice_number, customer_id, customer_name, customer_gstin,
         customer_state_code, supply_type, invoice_date, due_date,
         subtotal, discount_amount, taxable_amount,
         cgst_amount, sgst_amount, igst_amount, total_gst,
         round_off, total_amount, paid_amount, payment_method, status,
         notes, created_by)
      VALUES ('INV00001',3.0,NULL,NULL,'33','intrastate',NULL,NULL,60.0,NULL,NULL,NULL,NULL,NULL,NULL,NULL,NULL,NULL,'cash','paid','Thanks for visiting.',1.0)
    
[2026-05-25T12:35:37.479Z] [DEBUG] ROLLBACK
[2026-05-25T12:35:37.481Z] [ERROR] IPC invoice:create: NOT NULL constraint failed: invoices.customer_name
[2026-05-25T12:38:21.411Z] [INFO] Opening database at: C:\Users\surya\AppData\Roaming\pharma-vault\medileader.db
[2026-05-25T12:38:21.454Z] [DEBUG] PRAGMA journal_mode = WAL
[2026-05-25T12:38:21.455Z] [DEBUG] PRAGMA foreign_keys = ON
[2026-05-25T12:38:21.456Z] [DEBUG] PRAGMA synchronous = NORMAL
[2026-05-25T12:38:21.457Z] [DEBUG] PRAGMA temp_store = MEMORY
[2026-05-25T12:38:21.458Z] [DEBUG] PRAGMA mmap_size = 268435456
[2026-05-25T12:38:21.459Z] [DEBUG] PRAGMA cache_size = -32000
[2026-05-25T12:38:21.461Z] [DEBUG] PRAGMA journal_mode = WAL;
[2026-05-25T12:38:21.462Z] [DEBUG] PRAGMA foreign_keys = ON;
[2026-05-25T12:38:21.464Z] [DEBUG] PRAGMA synchronous = NORMAL;
[2026-05-25T12:38:21.465Z] [DEBUG] PRAGMA temp_store = MEMORY;
[2026-05-25T12:38:21.466Z] [DEBUG] CREATE TABLE IF NOT EXISTS schema_migrations (
      id INTEGER PRIMARY KEY AUTOINCREMENT,
      version TEXT NOT NULL UNIQUE,
      applied_at TEXT NOT NULL DEFAULT (datetime('now','localtime'))
    );
[2026-05-25T12:38:21.468Z] [DEBUG] CREATE TABLE IF NOT EXISTS users (
      id INTEGER PRIMARY KEY AUTOINCREMENT,
      email TEXT NOT NULL UNIQUE COLLATE NOCASE,
      name TEXT NOT NULL DEFAULT '',
      password_hash TEXT NOT NULL,
      role TEXT NOT NULL DEFAULT 'cashier' CHECK(role IN ('admin','manager','cashier')),
      phone TEXT,
      is_active INTEGER NOT NULL DEFAULT 1 CHECK(is_active IN (0,1)),
      created_at TEXT NOT NULL DEFAULT (datetime('now','localtime')),
      updated_at TEXT NOT NULL DEFAULT (datetime('now','localtime'))
    );
[2026-05-25T12:38:21.469Z] [DEBUG] CREATE TABLE IF NOT EXISTS medicines (
      id INTEGER PRIMARY KEY AUTOINCREMENT,
      name TEXT NOT NULL,
      generic_name TEXT,
      hsn_code TEXT NOT NULL DEFAULT '',
      gst_rate REAL NOT NULL DEFAULT 12 CHECK(gst_rate IN (0,5,12,18)),
      unit TEXT NOT NULL DEFAULT 'strip',
      mrp REAL NOT NULL DEFAULT 0,
      cost REAL NOT NULL DEFAULT 0,
      barcode TEXT,
      manufacturer TEXT,
      schedule TEXT NOT NULL DEFAULT 'OTC' CHECK(schedule IN ('OTC','H','H1','X','G')),
      category TEXT,
      is_active INTEGER NOT NULL DEFAULT 1 CHECK(is_active IN (0,1)),
      sync_id TEXT UNIQUE,
      created_at TEXT NOT NULL DEFAULT (datetime('now','localtime')),
      updated_at TEXT NOT NULL DEFAULT (datetime('now','localtime'))
    );
[2026-05-25T12:38:21.471Z] [DEBUG] CREATE TABLE IF NOT EXISTS batches (
      id INTEGER PRIMARY KEY AUTOINCREMENT,
      medicine_id INTEGER NOT NULL REFERENCES medicines(id) ON DELETE RESTRICT,
      batch_number TEXT NOT NULL,
      expiry_date TEXT NOT NULL,
      purchase_price REAL NOT NULL DEFAULT 0,
      mrp REAL NOT NULL DEFAULT 0,
      quantity INTEGER NOT NULL DEFAULT 0 CHECK(quantity >= 0),
      reorder_level INTEGER NOT NULL DEFAULT 10,
      sync_id TEXT UNIQUE,
      created_at TEXT NOT NULL DEFAULT (datetime('now','localtime')),
      updated_at TEXT NOT NULL DEFAULT (datetime('now','localtime')),
      UNIQUE(medicine_id, batch_number)
    );
[2026-05-25T12:38:21.471Z] [DEBUG] CREATE TABLE IF NOT EXISTS stock_movements (
      id INTEGER PRIMARY KEY AUTOINCREMENT,
      batch_id INTEGER NOT NULL REFERENCES batches(id) ON DELETE RESTRICT,
      medicine_id INTEGER NOT NULL REFERENCES medicines(id) ON DELETE RESTRICT,
      movement_type TEXT NOT NULL,
      quantity INTEGER NOT NULL,
      balance_after INTEGER NOT NULL,
      reference_type TEXT,
      reference_id INTEGER,
      reference_number TEXT,
      remarks TEXT,
      created_by INTEGER NOT NULL REFERENCES users(id),
      created_at TEXT NOT NULL DEFAULT (datetime('now','localtime'))
    );
[2026-05-25T12:38:21.472Z] [DEBUG] CREATE TABLE IF NOT EXISTS customers (
      id INTEGER PRIMARY KEY AUTOINCREMENT,
      name TEXT NOT NULL,
      phone TEXT,
      email TEXT,
      address TEXT,
      city TEXT,
      state TEXT DEFAULT 'Tamil Nadu',
      state_code TEXT DEFAULT '33',
      gst_number TEXT,
      credit_limit REAL NOT NULL DEFAULT 0,
      credit_used REAL NOT NULL DEFAULT 0,
      is_active INTEGER NOT NULL DEFAULT 1 CHECK(is_active IN (0,1)),
      sync_id TEXT UNIQUE,
      created_at TEXT NOT NULL DEFAULT (datetime('now','localtime')),
      updated_at TEXT NOT NULL DEFAULT (datetime('now','localtime'))
    );
[2026-05-25T12:38:21.474Z] [DEBUG] CREATE TABLE IF NOT EXISTS suppliers (
      id INTEGER PRIMARY KEY AUTOINCREMENT,
      name TEXT NOT NULL,
      phone TEXT,
      email TEXT,
      address TEXT,
      city TEXT,
      state TEXT DEFAULT 'Tamil Nadu',
      state_code TEXT DEFAULT '33',
      gstin TEXT,
      dl_number TEXT,
      dl_expiry TEXT,
      credit_days INTEGER NOT NULL DEFAULT 30,
      outstanding REAL NOT NULL DEFAULT 0,
      is_active INTEGER NOT NULL DEFAULT 1 CHECK(is_active IN (0,1)),
      sync_id TEXT UNIQUE,
      created_at TEXT NOT NULL DEFAULT (datetime('now','localtime')),
      updated_at TEXT NOT NULL DEFAULT (datetime('now','localtime'))
    );
[2026-05-25T12:38:21.475Z] [DEBUG] CREATE TABLE IF NOT EXISTS invoices (
      id INTEGER PRIMARY KEY AUTOINCREMENT,
      invoice_number TEXT NOT NULL UNIQUE,
      customer_id INTEGER REFERENCES customers(id) ON DELETE SET NULL,
      customer_name TEXT NOT NULL DEFAULT 'Walk-in',
      customer_gstin TEXT,
      customer_state_code TEXT DEFAULT '33',
      supply_type TEXT NOT NULL DEFAULT 'intrastate',
      invoice_date TEXT NOT NULL,
      due_date TEXT,
      subtotal REAL NOT NULL DEFAULT 0,
      discount_amount REAL NOT NULL DEFAULT 0,
      taxable_amount REAL NOT NULL DEFAULT 0,
      cgst_amount REAL NOT NULL DEFAULT 0,
      sgst_amount REAL NOT NULL DEFAULT 0,
      igst_amount REAL NOT NULL DEFAULT 0,
      total_gst REAL NOT NULL DEFAULT 0,
      round_off REAL NOT NULL DEFAULT 0,
      total_amount REAL NOT NULL DEFAULT 0,
      paid_amount REAL NOT NULL DEFAULT 0,
      payment_method TEXT NOT NULL DEFAULT 'cash',
      status TEXT NOT NULL DEFAULT 'paid',
      notes TEXT,
      created_by INTEGER NOT NULL REFERENCES users(id),
      sync_id TEXT UNIQUE,
      created_at TEXT NOT NULL DEFAULT (datetime('now','localtime')),
      updated_at TEXT NOT NULL DEFAULT (datetime('now','localtime'))
    );
[2026-05-25T12:38:21.476Z] [DEBUG] CREATE TABLE IF NOT EXISTS invoice_items (
      id INTEGER PRIMARY KEY AUTOINCREMENT,
      invoice_id INTEGER NOT NULL REFERENCES invoices(id) ON DELETE CASCADE,
      medicine_id INTEGER NOT NULL REFERENCES medicines(id) ON DELETE RESTRICT,
      medicine_name TEXT NOT NULL,
      batch_id INTEGER NOT NULL REFERENCES batches(id) ON DELETE RESTRICT,
      batch_number TEXT NOT NULL,
      hsn_code TEXT NOT NULL DEFAULT '',
      quantity INTEGER NOT NULL,
      unit TEXT NOT NULL DEFAULT 'strip',
      mrp REAL NOT NULL DEFAULT 0,
      unit_price REAL NOT NULL,
      discount_pct REAL NOT NULL DEFAULT 0,
      taxable_amount REAL NOT NULL DEFAULT 0,
      gst_rate REAL NOT NULL DEFAULT 12,
      cgst_rate REAL NOT NULL DEFAULT 6,
      sgst_rate REAL NOT NULL DEFAULT 6,
      igst_rate REAL NOT NULL DEFAULT 0,
      cgst_amount REAL NOT NULL DEFAULT 0,
      sgst_amount REAL NOT NULL DEFAULT 0,
      igst_amount REAL NOT NULL DEFAULT 0,
      total_amount REAL NOT NULL DEFAULT 0
    );
[2026-05-25T12:38:21.478Z] [DEBUG] CREATE TABLE IF NOT EXISTS returns (
      id INTEGER PRIMARY KEY AUTOINCREMENT,
      return_number TEXT NOT NULL UNIQUE,
      invoice_id INTEGER REFERENCES invoices(id) ON DELETE SET NULL,
      invoice_number TEXT,
      customer_id INTEGER REFERENCES customers(id) ON DELETE SET NULL,
      customer_name TEXT NOT NULL DEFAULT 'Walk-in',
      return_type TEXT NOT NULL DEFAULT 'customer_return',
      return_date TEXT NOT NULL,
      taxable_amount REAL NOT NULL DEFAULT 0,
      cgst_amount REAL NOT NULL DEFAULT 0,
      sgst_amount REAL NOT NULL DEFAULT 0,
      igst_amount REAL NOT NULL DEFAULT 0,
      total_gst REAL NOT NULL DEFAULT 0,
      total_amount REAL NOT NULL DEFAULT 0,
      credit_note_issued INTEGER NOT NULL DEFAULT 0,
      notes TEXT,
      created_by INTEGER NOT NULL REFERENCES users(id),
      created_at TEXT NOT NULL DEFAULT (datetime('now','localtime')),
      updated_at TEXT NOT NULL DEFAULT (datetime('now','localtime'))
    );
[2026-05-25T12:38:21.479Z] [DEBUG] CREATE TABLE IF NOT EXISTS return_items (
      id INTEGER PRIMARY KEY AUTOINCREMENT,
      return_id INTEGER NOT NULL REFERENCES returns(id) ON DELETE CASCADE,
      invoice_item_id INTEGER REFERENCES invoice_items(id) ON DELETE SET NULL,
      medicine_id INTEGER NOT NULL REFERENCES medicines(id) ON DELETE RESTRICT,
      medicine_name TEXT NOT NULL,
      batch_id INTEGER NOT NULL REFERENCES batches(id) ON DELETE RESTRICT,
      batch_number TEXT NOT NULL,
      hsn_code TEXT NOT NULL DEFAULT '',
      quantity INTEGER NOT NULL,
      unit_price REAL NOT NULL,
      discount_pct REAL NOT NULL DEFAULT 0,
      taxable_amount REAL NOT NULL DEFAULT 0,
      gst_rate REAL NOT NULL DEFAULT 12,
      cgst_rate REAL NOT NULL DEFAULT 6,
      sgst_rate REAL NOT NULL DEFAULT 6,
      igst_rate REAL NOT NULL DEFAULT 0,
      cgst_amount REAL NOT NULL DEFAULT 0,
      sgst_amount REAL NOT NULL DEFAULT 0,
      igst_amount REAL NOT NULL DEFAULT 0,
      total_amount REAL NOT NULL DEFAULT 0,
      reason TEXT
    );
[2026-05-25T12:38:21.480Z] [DEBUG] CREATE TABLE IF NOT EXISTS purchase_orders (
      id INTEGER PRIMARY KEY AUTOINCREMENT,
      po_number TEXT NOT NULL UNIQUE,
      supplier_id INTEGER NOT NULL REFERENCES suppliers(id) ON DELETE RESTRICT,
      supplier_name TEXT NOT NULL,
      supply_type TEXT NOT NULL DEFAULT 'intrastate',
      order_date TEXT NOT NULL,
      expected_delivery TEXT,
      taxable_amount REAL NOT NULL DEFAULT 0,
      cgst_amount REAL NOT NULL DEFAULT 0,
      sgst_amount REAL NOT NULL DEFAULT 0,
      igst_amount REAL NOT NULL DEFAULT 0,
      total_amount REAL NOT NULL DEFAULT 0,
      status TEXT NOT NULL DEFAULT 'draft',
      notes TEXT,
      created_by INTEGER NOT NULL REFERENCES users(id),
      sync_id TEXT UNIQUE,
      created_at TEXT NOT NULL DEFAULT (datetime('now','localtime')),
      updated_at TEXT NOT NULL DEFAULT (datetime('now','localtime'))
    );
[2026-05-25T12:38:21.482Z] [DEBUG] CREATE TABLE IF NOT EXISTS po_items (
      id INTEGER PRIMARY KEY AUTOINCREMENT,
      po_id INTEGER NOT NULL REFERENCES purchase_orders(id) ON DELETE CASCADE,
      medicine_id INTEGER NOT NULL REFERENCES medicines(id) ON DELETE RESTRICT,
      medicine_name TEXT NOT NULL,
      hsn_code TEXT NOT NULL DEFAULT '',
      ordered_qty INTEGER NOT NULL DEFAULT 0,
      received_qty INTEGER NOT NULL DEFAULT 0,
      free_qty INTEGER NOT NULL DEFAULT 0,
      unit_price REAL NOT NULL DEFAULT 0,
      gst_rate REAL NOT NULL DEFAULT 12,
      taxable_amount REAL NOT NULL DEFAULT 0,
      cgst_amount REAL NOT NULL DEFAULT 0,
      sgst_amount REAL NOT NULL DEFAULT 0,
      igst_amount REAL NOT NULL DEFAULT 0,
      total_amount REAL NOT NULL DEFAULT 0
    );
[2026-05-25T12:38:21.483Z] [DEBUG] CREATE TABLE IF NOT EXISTS purchase_receipts (
      id INTEGER PRIMARY KEY AUTOINCREMENT,
      receipt_number TEXT NOT NULL UNIQUE,
      po_id INTEGER NOT NULL REFERENCES purchase_orders(id) ON DELETE RESTRICT,
      po_number TEXT NOT NULL,
      supplier_id INTEGER NOT NULL REFERENCES suppliers(id) ON DELETE RESTRICT,
      supplier_name TEXT NOT NULL,
      supplier_invoice_number TEXT,
      receipt_date TEXT NOT NULL,
      taxable_amount REAL NOT NULL DEFAULT 0,
      cgst_amount REAL NOT NULL DEFAULT 0,
      sgst_amount REAL NOT NULL DEFAULT 0,
      igst_amount REAL NOT NULL DEFAULT 0,
      total_amount REAL NOT NULL DEFAULT 0,
      notes TEXT,
      created_by INTEGER NOT NULL REFERENCES users(id),
      created_at TEXT NOT NULL DEFAULT (datetime('now','localtime'))
    );
[2026-05-25T12:38:21.485Z] [DEBUG] CREATE TABLE IF NOT EXISTS receipt_items (
      id INTEGER PRIMARY KEY AUTOINCREMENT,
      receipt_id INTEGER NOT NULL REFERENCES purchase_receipts(id) ON DELETE CASCADE,
      po_item_id INTEGER NOT NULL REFERENCES po_items(id) ON DELETE RESTRICT,
      medicine_id INTEGER NOT NULL REFERENCES medicines(id) ON DELETE RESTRICT,
      medicine_name TEXT NOT NULL,
      batch_number TEXT NOT NULL,
      expiry_date TEXT NOT NULL,
      ordered_qty INTEGER NOT NULL DEFAULT 0,
      received_qty INTEGER NOT NULL DEFAULT 0,
      free_qty INTEGER NOT NULL DEFAULT 0,
      unit_price REAL NOT NULL DEFAULT 0,
      gst_rate REAL NOT NULL DEFAULT 12,
      taxable_amount REAL NOT NULL DEFAULT 0,
      cgst_amount REAL NOT NULL DEFAULT 0,
      sgst_amount REAL NOT NULL DEFAULT 0,
      igst_amount REAL NOT NULL DEFAULT 0,
      total_amount REAL NOT NULL DEFAULT 0,
      reorder_level INTEGER NOT NULL DEFAULT 10
    );
[2026-05-25T12:38:21.486Z] [DEBUG] CREATE TABLE IF NOT EXISTS supplier_payments (
      id INTEGER PRIMARY KEY AUTOINCREMENT,
      supplier_id INTEGER NOT NULL REFERENCES suppliers(id) ON DELETE RESTRICT,
      supplier_name TEXT NOT NULL,
      payment_date TEXT NOT NULL,
      amount REAL NOT NULL,
      method TEXT NOT NULL DEFAULT 'cash',
      reference TEXT,
      notes TEXT,
      created_by INTEGER NOT NULL REFERENCES users(id),
      created_at TEXT NOT NULL DEFAULT (datetime('now','localtime'))
    );
[2026-05-25T12:38:21.488Z] [DEBUG] CREATE TABLE IF NOT EXISTS customer_payments (
      id INTEGER PRIMARY KEY AUTOINCREMENT,
      customer_id INTEGER NOT NULL REFERENCES customers(id) ON DELETE RESTRICT,
      customer_name TEXT NOT NULL,
      invoice_id INTEGER REFERENCES invoices(id) ON DELETE SET NULL,
      payment_date TEXT NOT NULL,
      amount REAL NOT NULL,
      method TEXT NOT NULL DEFAULT 'cash',
      reference TEXT,
      notes TEXT,
      created_by INTEGER NOT NULL REFERENCES users(id),
      created_at TEXT NOT NULL DEFAULT (datetime('now','localtime'))
    );
[2026-05-25T12:38:21.490Z] [DEBUG] CREATE TABLE IF NOT EXISTS ledger_entries (
      id INTEGER PRIMARY KEY AUTOINCREMENT,
      entity_type TEXT NOT NULL CHECK(entity_type IN ('customer','supplier')),
      entity_id INTEGER NOT NULL,
      entry_date TEXT NOT NULL,
      reference_type TEXT NOT NULL,
      reference_id INTEGER NOT NULL,
      reference_number TEXT NOT NULL,
      debit REAL NOT NULL DEFAULT 0,
      credit REAL NOT NULL DEFAULT 0,
      balance REAL NOT NULL DEFAULT 0,
      narration TEXT NOT NULL DEFAULT '',
      created_at TEXT NOT NULL DEFAULT (datetime('now','localtime'))
    );
[2026-05-25T12:38:21.491Z] [DEBUG] CREATE TABLE IF NOT EXISTS gst_returns (
      id INTEGER PRIMARY KEY AUTOINCREMENT,
      return_type TEXT NOT NULL CHECK(return_type IN ('GSTR1','GSTR3B')),
      period TEXT NOT NULL,
      filed_at TEXT,
      data_json TEXT NOT NULL,
      status TEXT NOT NULL DEFAULT 'draft',
      created_by INTEGER NOT NULL REFERENCES users(id),
      created_at TEXT NOT NULL DEFAULT (datetime('now','localtime'))
    );
[2026-05-25T12:38:21.493Z] [DEBUG] CREATE TABLE IF NOT EXISTS settings (
      key TEXT NOT NULL PRIMARY KEY,
      value TEXT NOT NULL DEFAULT '',
      updated_at TEXT NOT NULL DEFAULT (datetime('now','localtime'))
    );
[2026-05-25T12:38:21.494Z] [DEBUG] CREATE TABLE IF NOT EXISTS sync_conflicts (
      id INTEGER PRIMARY KEY AUTOINCREMENT,
      entity_type TEXT NOT NULL,
      sync_id TEXT NOT NULL,
      local_data TEXT,
      remote_data TEXT,
      resolved INTEGER NOT NULL DEFAULT 0,
      created_at TEXT NOT NULL DEFAULT (datetime('now','localtime'))
    );
[2026-05-25T12:38:21.496Z] [DEBUG] CREATE TABLE IF NOT EXISTS audit_logs (
      id INTEGER PRIMARY KEY AUTOINCREMENT,
      table_name TEXT NOT NULL,
      record_id INTEGER NOT NULL,
      action TEXT NOT NULL CHECK(action IN ('INSERT','UPDATE','DELETE')),
      old_values TEXT,
      new_values TEXT,
      user_id INTEGER NOT NULL REFERENCES users(id),
      user_email TEXT NOT NULL,
      created_at TEXT NOT NULL DEFAULT (datetime('now','localtime'))
    );
[2026-05-25T12:38:21.497Z] [DEBUG] CREATE INDEX IF NOT EXISTS idx_medicines_name      ON medicines(name);
[2026-05-25T12:38:21.499Z] [DEBUG] CREATE INDEX IF NOT EXISTS idx_medicines_barcode   ON medicines(barcode);
[2026-05-25T12:38:21.500Z] [DEBUG] CREATE INDEX IF NOT EXISTS idx_batches_medicine    ON batches(medicine_id);
[2026-05-25T12:38:21.501Z] [DEBUG] CREATE INDEX IF NOT EXISTS idx_batches_expiry      ON batches(expiry_date);
[2026-05-25T12:38:21.502Z] [DEBUG] CREATE INDEX IF NOT EXISTS idx_invoices_date       ON invoices(invoice_date);
[2026-05-25T12:38:21.504Z] [DEBUG] CREATE INDEX IF NOT EXISTS idx_invoices_customer   ON invoices(customer_id);
[2026-05-25T12:38:21.507Z] [DEBUG] CREATE INDEX IF NOT EXISTS idx_inv_items_invoice   ON invoice_items(invoice_id);
[2026-05-25T12:38:21.508Z] [DEBUG] CREATE INDEX IF NOT EXISTS idx_returns_invoice     ON returns(invoice_id);
[2026-05-25T12:38:21.509Z] [DEBUG] CREATE INDEX IF NOT EXISTS idx_ledger_entity       ON ledger_entries(entity_type, entity_id);
[2026-05-25T12:38:21.510Z] [DEBUG] CREATE INDEX IF NOT EXISTS idx_stock_movements_batch ON stock_movements(batch_id);
[2026-05-25T12:38:21.512Z] [DEBUG] CREATE INDEX IF NOT EXISTS idx_audit_table         ON audit_logs(table_name, record_id);
[2026-05-25T12:38:21.513Z] [INFO] Embedded schema applied
[2026-05-25T12:38:21.515Z] [DEBUG] SELECT id FROM schema_migrations WHERE version = '001_initial_settings'
[2026-05-25T12:38:21.517Z] [DEBUG] SELECT id FROM schema_migrations WHERE version = '002_soft_delete_medicines'
[2026-05-25T12:38:21.518Z] [DEBUG] SELECT id FROM schema_migrations WHERE version = '003_supplier_outstanding_index'
[2026-05-25T12:38:21.521Z] [DEBUG] SELECT id FROM schema_migrations WHERE version = '004_import_sessions'
[2026-05-25T12:38:21.523Z] [INFO] Database ready
[2026-05-25T12:38:21.526Z] [INFO] All IPC handlers registered
[2026-05-25T12:38:21.638Z] [DEBUG] SELECT value FROM settings WHERE key = 'sync_interval'
[2026-05-25T12:38:21.642Z] [INFO] MediLeader started
[2026-05-25T12:38:23.543Z] [ERROR] IPC auth:decrypt: require is not defined
[2026-05-25T12:38:23.716Z] [DEBUG] SELECT id FROM users WHERE role='admin' LIMIT 1
[2026-05-25T12:38:23.723Z] [DEBUG] SELECT id FROM users WHERE role='admin' LIMIT 1
[2026-05-25T12:38:32.953Z] [INFO] Opening database at: C:\Users\surya\AppData\Roaming\pharma-vault\medileader.db
[2026-05-25T12:38:32.980Z] [DEBUG] PRAGMA journal_mode = WAL
[2026-05-25T12:38:32.981Z] [DEBUG] PRAGMA foreign_keys = ON
[2026-05-25T12:38:32.982Z] [DEBUG] PRAGMA synchronous = NORMAL
[2026-05-25T12:38:32.983Z] [DEBUG] PRAGMA temp_store = MEMORY
[2026-05-25T12:38:32.984Z] [DEBUG] PRAGMA mmap_size = 268435456
[2026-05-25T12:38:32.985Z] [DEBUG] PRAGMA cache_size = -32000
[2026-05-25T12:38:32.987Z] [DEBUG] PRAGMA journal_mode = WAL;
[2026-05-25T12:38:32.989Z] [DEBUG] PRAGMA foreign_keys = ON;
[2026-05-25T12:38:32.990Z] [DEBUG] PRAGMA synchronous = NORMAL;
[2026-05-25T12:38:32.992Z] [DEBUG] PRAGMA temp_store = MEMORY;
[2026-05-25T12:38:32.993Z] [DEBUG] CREATE TABLE IF NOT EXISTS schema_migrations (
      id INTEGER PRIMARY KEY AUTOINCREMENT,
      version TEXT NOT NULL UNIQUE,
      applied_at TEXT NOT NULL DEFAULT (datetime('now','localtime'))
    );
[2026-05-25T12:38:32.993Z] [DEBUG] CREATE TABLE IF NOT EXISTS users (
      id INTEGER PRIMARY KEY AUTOINCREMENT,
      email TEXT NOT NULL UNIQUE COLLATE NOCASE,
      name TEXT NOT NULL DEFAULT '',
      password_hash TEXT NOT NULL,
      role TEXT NOT NULL DEFAULT 'cashier' CHECK(role IN ('admin','manager','cashier')),
      phone TEXT,
      is_active INTEGER NOT NULL DEFAULT 1 CHECK(is_active IN (0,1)),
      created_at TEXT NOT NULL DEFAULT (datetime('now','localtime')),
      updated_at TEXT NOT NULL DEFAULT (datetime('now','localtime'))
    );
[2026-05-25T12:38:32.995Z] [DEBUG] CREATE TABLE IF NOT EXISTS medicines (
      id INTEGER PRIMARY KEY AUTOINCREMENT,
      name TEXT NOT NULL,
      generic_name TEXT,
      hsn_code TEXT NOT NULL DEFAULT '',
      gst_rate REAL NOT NULL DEFAULT 12 CHECK(gst_rate IN (0,5,12,18)),
      unit TEXT NOT NULL DEFAULT 'strip',
      mrp REAL NOT NULL DEFAULT 0,
      cost REAL NOT NULL DEFAULT 0,
      barcode TEXT,
      manufacturer TEXT,
      schedule TEXT NOT NULL DEFAULT 'OTC' CHECK(schedule IN ('OTC','H','H1','X','G')),
      category TEXT,
      is_active INTEGER NOT NULL DEFAULT 1 CHECK(is_active IN (0,1)),
      sync_id TEXT UNIQUE,
      created_at TEXT NOT NULL DEFAULT (datetime('now','localtime')),
      updated_at TEXT NOT NULL DEFAULT (datetime('now','localtime'))
    );
[2026-05-25T12:38:32.996Z] [DEBUG] CREATE TABLE IF NOT EXISTS batches (
      id INTEGER PRIMARY KEY AUTOINCREMENT,
      medicine_id INTEGER NOT NULL REFERENCES medicines(id) ON DELETE RESTRICT,
      batch_number TEXT NOT NULL,
      expiry_date TEXT NOT NULL,
      purchase_price REAL NOT NULL DEFAULT 0,
      mrp REAL NOT NULL DEFAULT 0,
      quantity INTEGER NOT NULL DEFAULT 0 CHECK(quantity >= 0),
      reorder_level INTEGER NOT NULL DEFAULT 10,
      sync_id TEXT UNIQUE,
      created_at TEXT NOT NULL DEFAULT (datetime('now','localtime')),
      updated_at TEXT NOT NULL DEFAULT (datetime('now','localtime')),
      UNIQUE(medicine_id, batch_number)
    );
[2026-05-25T12:38:32.998Z] [DEBUG] CREATE TABLE IF NOT EXISTS stock_movements (
      id INTEGER PRIMARY KEY AUTOINCREMENT,
      batch_id INTEGER NOT NULL REFERENCES batches(id) ON DELETE RESTRICT,
      medicine_id INTEGER NOT NULL REFERENCES medicines(id) ON DELETE RESTRICT,
      movement_type TEXT NOT NULL,
      quantity INTEGER NOT NULL,
      balance_after INTEGER NOT NULL,
      reference_type TEXT,
      reference_id INTEGER,
      reference_number TEXT,
      remarks TEXT,
      created_by INTEGER NOT NULL REFERENCES users(id),
      created_at TEXT NOT NULL DEFAULT (datetime('now','localtime'))
    );
[2026-05-25T12:38:32.999Z] [DEBUG] CREATE TABLE IF NOT EXISTS customers (
      id INTEGER PRIMARY KEY AUTOINCREMENT,
      name TEXT NOT NULL,
      phone TEXT,
      email TEXT,
      address TEXT,
      city TEXT,
      state TEXT DEFAULT 'Tamil Nadu',
      state_code TEXT DEFAULT '33',
      gst_number TEXT,
      credit_limit REAL NOT NULL DEFAULT 0,
      credit_used REAL NOT NULL DEFAULT 0,
      is_active INTEGER NOT NULL DEFAULT 1 CHECK(is_active IN (0,1)),
      sync_id TEXT UNIQUE,
      created_at TEXT NOT NULL DEFAULT (datetime('now','localtime')),
      updated_at TEXT NOT NULL DEFAULT (datetime('now','localtime'))
    );
[2026-05-25T12:38:33.000Z] [DEBUG] CREATE TABLE IF NOT EXISTS suppliers (
      id INTEGER PRIMARY KEY AUTOINCREMENT,
      name TEXT NOT NULL,
      phone TEXT,
      email TEXT,
      address TEXT,
      city TEXT,
      state TEXT DEFAULT 'Tamil Nadu',
      state_code TEXT DEFAULT '33',
      gstin TEXT,
      dl_number TEXT,
      dl_expiry TEXT,
      credit_days INTEGER NOT NULL DEFAULT 30,
      outstanding REAL NOT NULL DEFAULT 0,
      is_active INTEGER NOT NULL DEFAULT 1 CHECK(is_active IN (0,1)),
      sync_id TEXT UNIQUE,
      created_at TEXT NOT NULL DEFAULT (datetime('now','localtime')),
      updated_at TEXT NOT NULL DEFAULT (datetime('now','localtime'))
    );
[2026-05-25T12:38:33.002Z] [DEBUG] CREATE TABLE IF NOT EXISTS invoices (
      id INTEGER PRIMARY KEY AUTOINCREMENT,
      invoice_number TEXT NOT NULL UNIQUE,
      customer_id INTEGER REFERENCES customers(id) ON DELETE SET NULL,
      customer_name TEXT NOT NULL DEFAULT 'Walk-in',
      customer_gstin TEXT,
      customer_state_code TEXT DEFAULT '33',
      supply_type TEXT NOT NULL DEFAULT 'intrastate',
      invoice_date TEXT NOT NULL,
      due_date TEXT,
      subtotal REAL NOT NULL DEFAULT 0,
      discount_amount REAL NOT NULL DEFAULT 0,
      taxable_amount REAL NOT NULL DEFAULT 0,
      cgst_amount REAL NOT NULL DEFAULT 0,
      sgst_amount REAL NOT NULL DEFAULT 0,
      igst_amount REAL NOT NULL DEFAULT 0,
      total_gst REAL NOT NULL DEFAULT 0,
      round_off REAL NOT NULL DEFAULT 0,
      total_amount REAL NOT NULL DEFAULT 0,
      paid_amount REAL NOT NULL DEFAULT 0,
      payment_method TEXT NOT NULL DEFAULT 'cash',
      status TEXT NOT NULL DEFAULT 'paid',
      notes TEXT,
      created_by INTEGER NOT NULL REFERENCES users(id),
      sync_id TEXT UNIQUE,
      created_at TEXT NOT NULL DEFAULT (datetime('now','localtime')),
      updated_at TEXT NOT NULL DEFAULT (datetime('now','localtime'))
    );
[2026-05-25T12:38:33.003Z] [DEBUG] CREATE TABLE IF NOT EXISTS invoice_items (
      id INTEGER PRIMARY KEY AUTOINCREMENT,
      invoice_id INTEGER NOT NULL REFERENCES invoices(id) ON DELETE CASCADE,
      medicine_id INTEGER NOT NULL REFERENCES medicines(id) ON DELETE RESTRICT,
      medicine_name TEXT NOT NULL,
      batch_id INTEGER NOT NULL REFERENCES batches(id) ON DELETE RESTRICT,
      batch_number TEXT NOT NULL,
      hsn_code TEXT NOT NULL DEFAULT '',
      quantity INTEGER NOT NULL,
      unit TEXT NOT NULL DEFAULT 'strip',
      mrp REAL NOT NULL DEFAULT 0,
      unit_price REAL NOT NULL,
      discount_pct REAL NOT NULL DEFAULT 0,
      taxable_amount REAL NOT NULL DEFAULT 0,
      gst_rate REAL NOT NULL DEFAULT 12,
      cgst_rate REAL NOT NULL DEFAULT 6,
      sgst_rate REAL NOT NULL DEFAULT 6,
      igst_rate REAL NOT NULL DEFAULT 0,
      cgst_amount REAL NOT NULL DEFAULT 0,
      sgst_amount REAL NOT NULL DEFAULT 0,
      igst_amount REAL NOT NULL DEFAULT 0,
      total_amount REAL NOT NULL DEFAULT 0
    );
[2026-05-25T12:38:33.004Z] [DEBUG] CREATE TABLE IF NOT EXISTS returns (
      id INTEGER PRIMARY KEY AUTOINCREMENT,
      return_number TEXT NOT NULL UNIQUE,
      invoice_id INTEGER REFERENCES invoices(id) ON DELETE SET NULL,
      invoice_number TEXT,
      customer_id INTEGER REFERENCES customers(id) ON DELETE SET NULL,
      customer_name TEXT NOT NULL DEFAULT 'Walk-in',
      return_type TEXT NOT NULL DEFAULT 'customer_return',
      return_date TEXT NOT NULL,
      taxable_amount REAL NOT NULL DEFAULT 0,
      cgst_amount REAL NOT NULL DEFAULT 0,
      sgst_amount REAL NOT NULL DEFAULT 0,
      igst_amount REAL NOT NULL DEFAULT 0,
      total_gst REAL NOT NULL DEFAULT 0,
      total_amount REAL NOT NULL DEFAULT 0,
      credit_note_issued INTEGER NOT NULL DEFAULT 0,
      notes TEXT,
      created_by INTEGER NOT NULL REFERENCES users(id),
      created_at TEXT NOT NULL DEFAULT (datetime('now','localtime')),
      updated_at TEXT NOT NULL DEFAULT (datetime('now','localtime'))
    );
[2026-05-25T12:38:33.006Z] [DEBUG] CREATE TABLE IF NOT EXISTS return_items (
      id INTEGER PRIMARY KEY AUTOINCREMENT,
      return_id INTEGER NOT NULL REFERENCES returns(id) ON DELETE CASCADE,
      invoice_item_id INTEGER REFERENCES invoice_items(id) ON DELETE SET NULL,
      medicine_id INTEGER NOT NULL REFERENCES medicines(id) ON DELETE RESTRICT,
      medicine_name TEXT NOT NULL,
      batch_id INTEGER NOT NULL REFERENCES batches(id) ON DELETE RESTRICT,
      batch_number TEXT NOT NULL,
      hsn_code TEXT NOT NULL DEFAULT '',
      quantity INTEGER NOT NULL,
      unit_price REAL NOT NULL,
      discount_pct REAL NOT NULL DEFAULT 0,
      taxable_amount REAL NOT NULL DEFAULT 0,
      gst_rate REAL NOT NULL DEFAULT 12,
      cgst_rate REAL NOT NULL DEFAULT 6,
      sgst_rate REAL NOT NULL DEFAULT 6,
      igst_rate REAL NOT NULL DEFAULT 0,
      cgst_amount REAL NOT NULL DEFAULT 0,
      sgst_amount REAL NOT NULL DEFAULT 0,
      igst_amount REAL NOT NULL DEFAULT 0,
      total_amount REAL NOT NULL DEFAULT 0,
      reason TEXT
    );
[2026-05-25T12:38:33.007Z] [DEBUG] CREATE TABLE IF NOT EXISTS purchase_orders (
      id INTEGER PRIMARY KEY AUTOINCREMENT,
      po_number TEXT NOT NULL UNIQUE,
      supplier_id INTEGER NOT NULL REFERENCES suppliers(id) ON DELETE RESTRICT,
      supplier_name TEXT NOT NULL,
      supply_type TEXT NOT NULL DEFAULT 'intrastate',
      order_date TEXT NOT NULL,
      expected_delivery TEXT,
      taxable_amount REAL NOT NULL DEFAULT 0,
      cgst_amount REAL NOT NULL DEFAULT 0,
      sgst_amount REAL NOT NULL DEFAULT 0,
      igst_amount REAL NOT NULL DEFAULT 0,
      total_amount REAL NOT NULL DEFAULT 0,
      status TEXT NOT NULL DEFAULT 'draft',
      notes TEXT,
      created_by INTEGER NOT NULL REFERENCES users(id),
      sync_id TEXT UNIQUE,
      created_at TEXT NOT NULL DEFAULT (datetime('now','localtime')),
      updated_at TEXT NOT NULL DEFAULT (datetime('now','localtime'))
    );
[2026-05-25T12:38:33.008Z] [DEBUG] CREATE TABLE IF NOT EXISTS po_items (
      id INTEGER PRIMARY KEY AUTOINCREMENT,
      po_id INTEGER NOT NULL REFERENCES purchase_orders(id) ON DELETE CASCADE,
      medicine_id INTEGER NOT NULL REFERENCES medicines(id) ON DELETE RESTRICT,
      medicine_name TEXT NOT NULL,
      hsn_code TEXT NOT NULL DEFAULT '',
      ordered_qty INTEGER NOT NULL DEFAULT 0,
      received_qty INTEGER NOT NULL DEFAULT 0,
      free_qty INTEGER NOT NULL DEFAULT 0,
      unit_price REAL NOT NULL DEFAULT 0,
      gst_rate REAL NOT NULL DEFAULT 12,
      taxable_amount REAL NOT NULL DEFAULT 0,
      cgst_amount REAL NOT NULL DEFAULT 0,
      sgst_amount REAL NOT NULL DEFAULT 0,
      igst_amount REAL NOT NULL DEFAULT 0,
      total_amount REAL NOT NULL DEFAULT 0
    );
[2026-05-25T12:38:33.010Z] [DEBUG] CREATE TABLE IF NOT EXISTS purchase_receipts (
      id INTEGER PRIMARY KEY AUTOINCREMENT,
      receipt_number TEXT NOT NULL UNIQUE,
      po_id INTEGER NOT NULL REFERENCES purchase_orders(id) ON DELETE RESTRICT,
      po_number TEXT NOT NULL,
      supplier_id INTEGER NOT NULL REFERENCES suppliers(id) ON DELETE RESTRICT,
      supplier_name TEXT NOT NULL,
      supplier_invoice_number TEXT,
      receipt_date TEXT NOT NULL,
      taxable_amount REAL NOT NULL DEFAULT 0,
      cgst_amount REAL NOT NULL DEFAULT 0,
      sgst_amount REAL NOT NULL DEFAULT 0,
      igst_amount REAL NOT NULL DEFAULT 0,
      total_amount REAL NOT NULL DEFAULT 0,
      notes TEXT,
      created_by INTEGER NOT NULL REFERENCES users(id),
      created_at TEXT NOT NULL DEFAULT (datetime('now','localtime'))
    );
[2026-05-25T12:38:33.012Z] [DEBUG] CREATE TABLE IF NOT EXISTS receipt_items (
      id INTEGER PRIMARY KEY AUTOINCREMENT,
      receipt_id INTEGER NOT NULL REFERENCES purchase_receipts(id) ON DELETE CASCADE,
      po_item_id INTEGER NOT NULL REFERENCES po_items(id) ON DELETE RESTRICT,
      medicine_id INTEGER NOT NULL REFERENCES medicines(id) ON DELETE RESTRICT,
      medicine_name TEXT NOT NULL,
      batch_number TEXT NOT NULL,
      expiry_date TEXT NOT NULL,
      ordered_qty INTEGER NOT NULL DEFAULT 0,
      received_qty INTEGER NOT NULL DEFAULT 0,
      free_qty INTEGER NOT NULL DEFAULT 0,
      unit_price REAL NOT NULL DEFAULT 0,
      gst_rate REAL NOT NULL DEFAULT 12,
      taxable_amount REAL NOT NULL DEFAULT 0,
      cgst_amount REAL NOT NULL DEFAULT 0,
      sgst_amount REAL NOT NULL DEFAULT 0,
      igst_amount REAL NOT NULL DEFAULT 0,
      total_amount REAL NOT NULL DEFAULT 0,
      reorder_level INTEGER NOT NULL DEFAULT 10
    );
[2026-05-25T12:38:33.013Z] [DEBUG] CREATE TABLE IF NOT EXISTS supplier_payments (
      id INTEGER PRIMARY KEY AUTOINCREMENT,
      supplier_id INTEGER NOT NULL REFERENCES suppliers(id) ON DELETE RESTRICT,
      supplier_name TEXT NOT NULL,
      payment_date TEXT NOT NULL,
      amount REAL NOT NULL,
      method TEXT NOT NULL DEFAULT 'cash',
      reference TEXT,
      notes TEXT,
      created_by INTEGER NOT NULL REFERENCES users(id),
      created_at TEXT NOT NULL DEFAULT (datetime('now','localtime'))
    );
[2026-05-25T12:38:33.014Z] [DEBUG] CREATE TABLE IF NOT EXISTS customer_payments (
      id INTEGER PRIMARY KEY AUTOINCREMENT,
      customer_id INTEGER NOT NULL REFERENCES customers(id) ON DELETE RESTRICT,
      customer_name TEXT NOT NULL,
      invoice_id INTEGER REFERENCES invoices(id) ON DELETE SET NULL,
      payment_date TEXT NOT NULL,
      amount REAL NOT NULL,
      method TEXT NOT NULL DEFAULT 'cash',
      reference TEXT,
      notes TEXT,
      created_by INTEGER NOT NULL REFERENCES users(id),
      created_at TEXT NOT NULL DEFAULT (datetime('now','localtime'))
    );
[2026-05-25T12:38:33.016Z] [DEBUG] CREATE TABLE IF NOT EXISTS ledger_entries (
      id INTEGER PRIMARY KEY AUTOINCREMENT,
      entity_type TEXT NOT NULL CHECK(entity_type IN ('customer','supplier')),
      entity_id INTEGER NOT NULL,
      entry_date TEXT NOT NULL,
      reference_type TEXT NOT NULL,
      reference_id INTEGER NOT NULL,
      reference_number TEXT NOT NULL,
      debit REAL NOT NULL DEFAULT 0,
      credit REAL NOT NULL DEFAULT 0,
      balance REAL NOT NULL DEFAULT 0,
      narration TEXT NOT NULL DEFAULT '',
      created_at TEXT NOT NULL DEFAULT (datetime('now','localtime'))
    );
[2026-05-25T12:38:33.017Z] [DEBUG] CREATE TABLE IF NOT EXISTS gst_returns (
      id INTEGER PRIMARY KEY AUTOINCREMENT,
      return_type TEXT NOT NULL CHECK(return_type IN ('GSTR1','GSTR3B')),
      period TEXT NOT NULL,
      filed_at TEXT,
      data_json TEXT NOT NULL,
      status TEXT NOT NULL DEFAULT 'draft',
      created_by INTEGER NOT NULL REFERENCES users(id),
      created_at TEXT NOT NULL DEFAULT (datetime('now','localtime'))
    );
[2026-05-25T12:38:33.018Z] [DEBUG] CREATE TABLE IF NOT EXISTS settings (
      key TEXT NOT NULL PRIMARY KEY,
      value TEXT NOT NULL DEFAULT '',
      updated_at TEXT NOT NULL DEFAULT (datetime('now','localtime'))
    );
[2026-05-25T12:38:33.020Z] [DEBUG] CREATE TABLE IF NOT EXISTS sync_conflicts (
      id INTEGER PRIMARY KEY AUTOINCREMENT,
      entity_type TEXT NOT NULL,
      sync_id TEXT NOT NULL,
      local_data TEXT,
      remote_data TEXT,
      resolved INTEGER NOT NULL DEFAULT 0,
      created_at TEXT NOT NULL DEFAULT (datetime('now','localtime'))
    );
[2026-05-25T12:38:33.021Z] [DEBUG] CREATE TABLE IF NOT EXISTS audit_logs (
      id INTEGER PRIMARY KEY AUTOINCREMENT,
      table_name TEXT NOT NULL,
      record_id INTEGER NOT NULL,
      action TEXT NOT NULL CHECK(action IN ('INSERT','UPDATE','DELETE')),
      old_values TEXT,
      new_values TEXT,
      user_id INTEGER NOT NULL REFERENCES users(id),
      user_email TEXT NOT NULL,
      created_at TEXT NOT NULL DEFAULT (datetime('now','localtime'))
    );
[2026-05-25T12:38:33.022Z] [DEBUG] CREATE INDEX IF NOT EXISTS idx_medicines_name      ON medicines(name);
[2026-05-25T12:38:33.024Z] [DEBUG] CREATE INDEX IF NOT EXISTS idx_medicines_barcode   ON medicines(barcode);
[2026-05-25T12:38:33.025Z] [DEBUG] CREATE INDEX IF NOT EXISTS idx_batches_medicine    ON batches(medicine_id);
[2026-05-25T12:38:33.026Z] [DEBUG] CREATE INDEX IF NOT EXISTS idx_batches_expiry      ON batches(expiry_date);
[2026-05-25T12:38:33.027Z] [DEBUG] CREATE INDEX IF NOT EXISTS idx_invoices_date       ON invoices(invoice_date);
[2026-05-25T12:38:33.028Z] [DEBUG] CREATE INDEX IF NOT EXISTS idx_invoices_customer   ON invoices(customer_id);
[2026-05-25T12:38:33.029Z] [DEBUG] CREATE INDEX IF NOT EXISTS idx_inv_items_invoice   ON invoice_items(invoice_id);
[2026-05-25T12:38:33.030Z] [DEBUG] CREATE INDEX IF NOT EXISTS idx_returns_invoice     ON returns(invoice_id);
[2026-05-25T12:38:33.031Z] [DEBUG] CREATE INDEX IF NOT EXISTS idx_ledger_entity       ON ledger_entries(entity_type, entity_id);
[2026-05-25T12:38:33.031Z] [DEBUG] CREATE INDEX IF NOT EXISTS idx_stock_movements_batch ON stock_movements(batch_id);
[2026-05-25T12:38:33.032Z] [DEBUG] CREATE INDEX IF NOT EXISTS idx_audit_table         ON audit_logs(table_name, record_id);
[2026-05-25T12:38:33.033Z] [INFO] Embedded schema applied
[2026-05-25T12:38:33.034Z] [DEBUG] SELECT id FROM schema_migrations WHERE version = '001_initial_settings'
[2026-05-25T12:38:33.036Z] [DEBUG] SELECT id FROM schema_migrations WHERE version = '002_soft_delete_medicines'
[2026-05-25T12:38:33.037Z] [DEBUG] SELECT id FROM schema_migrations WHERE version = '003_supplier_outstanding_index'
[2026-05-25T12:38:33.038Z] [DEBUG] SELECT id FROM schema_migrations WHERE version = '004_import_sessions'
[2026-05-25T12:38:33.039Z] [INFO] Database ready
[2026-05-25T12:38:33.041Z] [INFO] All IPC handlers registered
[2026-05-25T12:38:33.126Z] [DEBUG] SELECT value FROM settings WHERE key = 'sync_interval'
[2026-05-25T12:38:33.128Z] [INFO] MediLeader started
[2026-05-25T12:38:34.048Z] [ERROR] IPC auth:decrypt: require is not defined
[2026-05-25T12:38:34.327Z] [DEBUG] SELECT id FROM users WHERE role='admin' LIMIT 1
[2026-05-25T12:38:34.343Z] [DEBUG] SELECT id FROM users WHERE role='admin' LIMIT 1
[2026-05-25T12:39:13.445Z] [ERROR] IPC auth:decrypt: require is not defined
[2026-05-25T12:39:13.499Z] [DEBUG] SELECT id FROM users WHERE role='admin' LIMIT 1
[2026-05-25T12:39:13.502Z] [DEBUG] SELECT id FROM users WHERE role='admin' LIMIT 1
[2026-05-25T12:39:22.822Z] [DEBUG] SELECT * FROM users WHERE email = 'admin@test.com' AND is_active = 1
[2026-05-25T12:39:22.945Z] [ERROR] IPC auth:encrypt: require is not defined
[2026-05-25T12:39:23.005Z] [DEBUG] 
    SELECT COALESCE(SUM(total_amount),0) AS total, COUNT(*) AS count
    FROM invoices WHERE invoice_date = '2026-05-25' AND status IN ('paid','partial')
  
[2026-05-25T12:39:23.007Z] [DEBUG] 
    SELECT COALESCE(SUM(b.quantity * b.purchase_price), 0) AS value
    FROM batches b JOIN medicines m ON m.id = b.medicine_id WHERE m.is_active = 1
  
[2026-05-25T12:39:23.009Z] [DEBUG] 
    SELECT COUNT(*) AS count FROM batches b
    JOIN medicines m ON m.id = b.medicine_id AND m.is_active = 1
    WHERE b.quantity > 0
      AND b.expiry_date BETWEEN '2026-05-25' AND '2026-06-24'
  
[2026-05-25T12:39:23.011Z] [DEBUG] 
    SELECT COALESCE(SUM(credit_used),0) AS total FROM customers
  
[2026-05-25T12:39:23.012Z] [DEBUG] 
    SELECT COUNT(*) AS count FROM batches WHERE quantity <= reorder_level AND quantity > 0
  
[2026-05-25T12:39:23.013Z] [DEBUG] 
    SELECT * FROM invoices ORDER BY created_at DESC LIMIT 10
  
[2026-05-25T12:39:23.015Z] [DEBUG] 
    SELECT invoice_date AS date, SUM(total_amount) AS revenue
    FROM invoices
    WHERE invoice_date BETWEEN '2026-05-18' AND '2026-05-25' AND status IN ('paid','partial')
    GROUP BY invoice_date
    ORDER BY invoice_date ASC
  
[2026-05-25T12:39:23.017Z] [DEBUG] 
    SELECT COALESCE(SUM(total_amount),0) AS total, COUNT(*) AS count
    FROM invoices WHERE invoice_date = '2026-05-25' AND status IN ('paid','partial')
  
[2026-05-25T12:39:23.019Z] [DEBUG] 
    SELECT COALESCE(SUM(b.quantity * b.purchase_price), 0) AS value
    FROM batches b JOIN medicines m ON m.id = b.medicine_id WHERE m.is_active = 1
  
[2026-05-25T12:39:23.021Z] [DEBUG] 
    SELECT COUNT(*) AS count FROM batches b
    JOIN medicines m ON m.id = b.medicine_id AND m.is_active = 1
    WHERE b.quantity > 0
      AND b.expiry_date BETWEEN '2026-05-25' AND '2026-06-24'
  
[2026-05-25T12:39:23.022Z] [DEBUG] 
    SELECT COALESCE(SUM(credit_used),0) AS total FROM customers
  
[2026-05-25T12:39:23.024Z] [DEBUG] 
    SELECT COUNT(*) AS count FROM batches WHERE quantity <= reorder_level AND quantity > 0
  
[2026-05-25T12:39:23.026Z] [DEBUG] 
    SELECT * FROM invoices ORDER BY created_at DESC LIMIT 10
  
[2026-05-25T12:39:23.028Z] [DEBUG] 
    SELECT invoice_date AS date, SUM(total_amount) AS revenue
    FROM invoices
    WHERE invoice_date BETWEEN '2026-05-18' AND '2026-05-25' AND status IN ('paid','partial')
    GROUP BY invoice_date
    ORDER BY invoice_date ASC
  
[2026-05-25T12:40:33.370Z] [DEBUG] 
    SELECT
      m.id, m.name, m.generic_name, m.hsn_code, m.gst_rate, m.unit, m.mrp,
      m.barcode, m.schedule,
      COALESCE(SUM(CASE WHEN b.expiry_date > '2026-05-25' AND b.quantity > 0 THEN b.quantity ELSE 0 END), 0) AS total_qty
    FROM medicines m
    LEFT JOIN batches b ON b.medicine_id = m.id
    WHERE m.is_active = 1
      AND (m.name LIKE '%%' OR m.generic_name LIKE '%%' OR m.barcode = '' OR m.hsn_code LIKE '%%')
    GROUP BY m.id
    HAVING total_qty > 0
    ORDER BY m.name
    LIMIT 50
  
[2026-05-25T12:40:33.383Z] [DEBUG] SELECT * FROM customers WHERE is_active=1 ORDER BY name
[2026-05-25T12:40:33.395Z] [DEBUG] 
    SELECT
      m.id, m.name, m.generic_name, m.hsn_code, m.gst_rate, m.unit, m.mrp,
      m.barcode, m.schedule,
      COALESCE(SUM(CASE WHEN b.expiry_date > '2026-05-25' AND b.quantity > 0 THEN b.quantity ELSE 0 END), 0) AS total_qty
    FROM medicines m
    LEFT JOIN batches b ON b.medicine_id = m.id
    WHERE m.is_active = 1
      AND (m.name LIKE '%%' OR m.generic_name LIKE '%%' OR m.barcode = '' OR m.hsn_code LIKE '%%')
    GROUP BY m.id
    HAVING total_qty > 0
    ORDER BY m.name
    LIMIT 50
  
[2026-05-25T12:40:33.400Z] [DEBUG] SELECT * FROM customers WHERE is_active=1 ORDER BY name
[2026-05-25T12:40:44.549Z] [DEBUG] SELECT * FROM medicines WHERE id = 1.0
[2026-05-25T12:40:44.568Z] [DEBUG] 
    SELECT b.id as batch_id, b.batch_number, b.expiry_date, b.quantity
    FROM batches b
    WHERE b.medicine_id = 1.0
      AND b.quantity > 0
      AND b.expiry_date > '2026-05-25'
    ORDER BY b.expiry_date ASC, b.id ASC
  
[2026-05-25T12:40:44.590Z] [DEBUG] SELECT value FROM settings WHERE key='invoice_prefix'
[2026-05-25T12:40:44.609Z] [DEBUG] SELECT invoice_number FROM invoices WHERE invoice_number LIKE 'INV%' ORDER BY id DESC LIMIT 1
[2026-05-25T12:40:44.629Z] [DEBUG] BEGIN
[2026-05-25T12:40:44.662Z] [DEBUG] 
      INSERT INTO invoices
        (invoice_number, customer_id, customer_name, customer_gstin,
         customer_state_code, supply_type, invoice_date, due_date,
         subtotal, discount_amount, taxable_amount,
         cgst_amount, sgst_amount, igst_amount, total_gst,
         round_off, total_amount, paid_amount, payment_method, status,
         notes, created_by)
      VALUES ('INV00001',1.0,NULL,NULL,'33','intrastate',NULL,NULL,40.0,NULL,NULL,NULL,NULL,NULL,NULL,NULL,NULL,NULL,'cash','paid',NULL,1.0)
    
[2026-05-25T12:40:44.705Z] [DEBUG] ROLLBACK
[2026-05-25T12:40:44.715Z] [ERROR] IPC invoice:create: NOT NULL constraint failed: invoices.customer_name
[2026-05-25T12:43:17.696Z] [INFO] Opening database at: C:\Users\surya\AppData\Roaming\pharma-vault\medileader.db
[2026-05-25T12:43:17.718Z] [DEBUG] PRAGMA journal_mode = WAL
[2026-05-25T12:43:17.719Z] [DEBUG] PRAGMA foreign_keys = ON
[2026-05-25T12:43:17.721Z] [DEBUG] PRAGMA synchronous = NORMAL
[2026-05-25T12:43:17.723Z] [DEBUG] PRAGMA temp_store = MEMORY
[2026-05-25T12:43:17.724Z] [DEBUG] PRAGMA mmap_size = 268435456
[2026-05-25T12:43:17.725Z] [DEBUG] PRAGMA cache_size = -32000
[2026-05-25T12:43:17.727Z] [DEBUG] PRAGMA journal_mode = WAL;
[2026-05-25T12:43:17.728Z] [DEBUG] PRAGMA foreign_keys = ON;
[2026-05-25T12:43:17.729Z] [DEBUG] PRAGMA synchronous = NORMAL;
[2026-05-25T12:43:17.730Z] [DEBUG] PRAGMA temp_store = MEMORY;
[2026-05-25T12:43:17.731Z] [DEBUG] CREATE TABLE IF NOT EXISTS schema_migrations (
      id INTEGER PRIMARY KEY AUTOINCREMENT,
      version TEXT NOT NULL UNIQUE,
      applied_at TEXT NOT NULL DEFAULT (datetime('now','localtime'))
    );
[2026-05-25T12:43:17.732Z] [DEBUG] CREATE TABLE IF NOT EXISTS users (
      id INTEGER PRIMARY KEY AUTOINCREMENT,
      email TEXT NOT NULL UNIQUE COLLATE NOCASE,
      name TEXT NOT NULL DEFAULT '',
      password_hash TEXT NOT NULL,
      role TEXT NOT NULL DEFAULT 'cashier' CHECK(role IN ('admin','manager','cashier')),
      phone TEXT,
      is_active INTEGER NOT NULL DEFAULT 1 CHECK(is_active IN (0,1)),
      created_at TEXT NOT NULL DEFAULT (datetime('now','localtime')),
      updated_at TEXT NOT NULL DEFAULT (datetime('now','localtime'))
    );
[2026-05-25T12:43:17.734Z] [DEBUG] CREATE TABLE IF NOT EXISTS medicines (
      id INTEGER PRIMARY KEY AUTOINCREMENT,
      name TEXT NOT NULL,
      generic_name TEXT,
      hsn_code TEXT NOT NULL DEFAULT '',
      gst_rate REAL NOT NULL DEFAULT 12 CHECK(gst_rate IN (0,5,12,18)),
      unit TEXT NOT NULL DEFAULT 'strip',
      mrp REAL NOT NULL DEFAULT 0,
      cost REAL NOT NULL DEFAULT 0,
      barcode TEXT,
      manufacturer TEXT,
      schedule TEXT NOT NULL DEFAULT 'OTC' CHECK(schedule IN ('OTC','H','H1','X','G')),
      category TEXT,
      is_active INTEGER NOT NULL DEFAULT 1 CHECK(is_active IN (0,1)),
      sync_id TEXT UNIQUE,
      created_at TEXT NOT NULL DEFAULT (datetime('now','localtime')),
      updated_at TEXT NOT NULL DEFAULT (datetime('now','localtime'))
    );
[2026-05-25T12:43:17.736Z] [DEBUG] CREATE TABLE IF NOT EXISTS batches (
      id INTEGER PRIMARY KEY AUTOINCREMENT,
      medicine_id INTEGER NOT NULL REFERENCES medicines(id) ON DELETE RESTRICT,
      batch_number TEXT NOT NULL,
      expiry_date TEXT NOT NULL,
      purchase_price REAL NOT NULL DEFAULT 0,
      mrp REAL NOT NULL DEFAULT 0,
      quantity INTEGER NOT NULL DEFAULT 0 CHECK(quantity >= 0),
      reorder_level INTEGER NOT NULL DEFAULT 10,
      sync_id TEXT UNIQUE,
      created_at TEXT NOT NULL DEFAULT (datetime('now','localtime')),
      updated_at TEXT NOT NULL DEFAULT (datetime('now','localtime')),
      UNIQUE(medicine_id, batch_number)
    );
[2026-05-25T12:43:17.738Z] [DEBUG] CREATE TABLE IF NOT EXISTS stock_movements (
      id INTEGER PRIMARY KEY AUTOINCREMENT,
      batch_id INTEGER NOT NULL REFERENCES batches(id) ON DELETE RESTRICT,
      medicine_id INTEGER NOT NULL REFERENCES medicines(id) ON DELETE RESTRICT,
      movement_type TEXT NOT NULL,
      quantity INTEGER NOT NULL,
      balance_after INTEGER NOT NULL,
      reference_type TEXT,
      reference_id INTEGER,
      reference_number TEXT,
      remarks TEXT,
      created_by INTEGER NOT NULL REFERENCES users(id),
      created_at TEXT NOT NULL DEFAULT (datetime('now','localtime'))
    );
[2026-05-25T12:43:17.740Z] [DEBUG] CREATE TABLE IF NOT EXISTS customers (
      id INTEGER PRIMARY KEY AUTOINCREMENT,
      name TEXT NOT NULL,
      phone TEXT,
      email TEXT,
      address TEXT,
      city TEXT,
      state TEXT DEFAULT 'Tamil Nadu',
      state_code TEXT DEFAULT '33',
      gst_number TEXT,
      credit_limit REAL NOT NULL DEFAULT 0,
      credit_used REAL NOT NULL DEFAULT 0,
      is_active INTEGER NOT NULL DEFAULT 1 CHECK(is_active IN (0,1)),
      sync_id TEXT UNIQUE,
      created_at TEXT NOT NULL DEFAULT (datetime('now','localtime')),
      updated_at TEXT NOT NULL DEFAULT (datetime('now','localtime'))
    );
[2026-05-25T12:43:17.741Z] [DEBUG] CREATE TABLE IF NOT EXISTS suppliers (
      id INTEGER PRIMARY KEY AUTOINCREMENT,
      name TEXT NOT NULL,
      phone TEXT,
      email TEXT,
      address TEXT,
      city TEXT,
      state TEXT DEFAULT 'Tamil Nadu',
      state_code TEXT DEFAULT '33',
      gstin TEXT,
      dl_number TEXT,
      dl_expiry TEXT,
      credit_days INTEGER NOT NULL DEFAULT 30,
      outstanding REAL NOT NULL DEFAULT 0,
      is_active INTEGER NOT NULL DEFAULT 1 CHECK(is_active IN (0,1)),
      sync_id TEXT UNIQUE,
      created_at TEXT NOT NULL DEFAULT (datetime('now','localtime')),
      updated_at TEXT NOT NULL DEFAULT (datetime('now','localtime'))
    );
[2026-05-25T12:43:17.742Z] [DEBUG] CREATE TABLE IF NOT EXISTS invoices (
      id INTEGER PRIMARY KEY AUTOINCREMENT,
      invoice_number TEXT NOT NULL UNIQUE,
      customer_id INTEGER REFERENCES customers(id) ON DELETE SET NULL,
      customer_name TEXT NOT NULL DEFAULT 'Walk-in',
      customer_gstin TEXT,
      customer_state_code TEXT DEFAULT '33',
      supply_type TEXT NOT NULL DEFAULT 'intrastate',
      invoice_date TEXT NOT NULL,
      due_date TEXT,
      subtotal REAL NOT NULL DEFAULT 0,
      discount_amount REAL NOT NULL DEFAULT 0,
      taxable_amount REAL NOT NULL DEFAULT 0,
      cgst_amount REAL NOT NULL DEFAULT 0,
      sgst_amount REAL NOT NULL DEFAULT 0,
      igst_amount REAL NOT NULL DEFAULT 0,
      total_gst REAL NOT NULL DEFAULT 0,
      round_off REAL NOT NULL DEFAULT 0,
      total_amount REAL NOT NULL DEFAULT 0,
      paid_amount REAL NOT NULL DEFAULT 0,
      payment_method TEXT NOT NULL DEFAULT 'cash',
      status TEXT NOT NULL DEFAULT 'paid',
      notes TEXT,
      created_by INTEGER NOT NULL REFERENCES users(id),
      sync_id TEXT UNIQUE,
      created_at TEXT NOT NULL DEFAULT (datetime('now','localtime')),
      updated_at TEXT NOT NULL DEFAULT (datetime('now','localtime'))
    );
[2026-05-25T12:43:17.744Z] [DEBUG] CREATE TABLE IF NOT EXISTS invoice_items (
      id INTEGER PRIMARY KEY AUTOINCREMENT,
      invoice_id INTEGER NOT NULL REFERENCES invoices(id) ON DELETE CASCADE,
      medicine_id INTEGER NOT NULL REFERENCES medicines(id) ON DELETE RESTRICT,
      medicine_name TEXT NOT NULL,
      batch_id INTEGER NOT NULL REFERENCES batches(id) ON DELETE RESTRICT,
      batch_number TEXT NOT NULL,
      hsn_code TEXT NOT NULL DEFAULT '',
      quantity INTEGER NOT NULL,
      unit TEXT NOT NULL DEFAULT 'strip',
      mrp REAL NOT NULL DEFAULT 0,
      unit_price REAL NOT NULL,
      discount_pct REAL NOT NULL DEFAULT 0,
      taxable_amount REAL NOT NULL DEFAULT 0,
      gst_rate REAL NOT NULL DEFAULT 12,
      cgst_rate REAL NOT NULL DEFAULT 6,
      sgst_rate REAL NOT NULL DEFAULT 6,
      igst_rate REAL NOT NULL DEFAULT 0,
      cgst_amount REAL NOT NULL DEFAULT 0,
      sgst_amount REAL NOT NULL DEFAULT 0,
      igst_amount REAL NOT NULL DEFAULT 0,
      total_amount REAL NOT NULL DEFAULT 0
    );
[2026-05-25T12:43:17.746Z] [DEBUG] CREATE TABLE IF NOT EXISTS returns (
      id INTEGER PRIMARY KEY AUTOINCREMENT,
      return_number TEXT NOT NULL UNIQUE,
      invoice_id INTEGER REFERENCES invoices(id) ON DELETE SET NULL,
      invoice_number TEXT,
      customer_id INTEGER REFERENCES customers(id) ON DELETE SET NULL,
      customer_name TEXT NOT NULL DEFAULT 'Walk-in',
      return_type TEXT NOT NULL DEFAULT 'customer_return',
      return_date TEXT NOT NULL,
      taxable_amount REAL NOT NULL DEFAULT 0,
      cgst_amount REAL NOT NULL DEFAULT 0,
      sgst_amount REAL NOT NULL DEFAULT 0,
      igst_amount REAL NOT NULL DEFAULT 0,
      total_gst REAL NOT NULL DEFAULT 0,
      total_amount REAL NOT NULL DEFAULT 0,
      credit_note_issued INTEGER NOT NULL DEFAULT 0,
      notes TEXT,
      created_by INTEGER NOT NULL REFERENCES users(id),
      created_at TEXT NOT NULL DEFAULT (datetime('now','localtime')),
      updated_at TEXT NOT NULL DEFAULT (datetime('now','localtime'))
    );
[2026-05-25T12:43:17.747Z] [DEBUG] CREATE TABLE IF NOT EXISTS return_items (
      id INTEGER PRIMARY KEY AUTOINCREMENT,
      return_id INTEGER NOT NULL REFERENCES returns(id) ON DELETE CASCADE,
      invoice_item_id INTEGER REFERENCES invoice_items(id) ON DELETE SET NULL,
      medicine_id INTEGER NOT NULL REFERENCES medicines(id) ON DELETE RESTRICT,
      medicine_name TEXT NOT NULL,
      batch_id INTEGER NOT NULL REFERENCES batches(id) ON DELETE RESTRICT,
      batch_number TEXT NOT NULL,
      hsn_code TEXT NOT NULL DEFAULT '',
      quantity INTEGER NOT NULL,
      unit_price REAL NOT NULL,
      discount_pct REAL NOT NULL DEFAULT 0,
      taxable_amount REAL NOT NULL DEFAULT 0,
      gst_rate REAL NOT NULL DEFAULT 12,
      cgst_rate REAL NOT NULL DEFAULT 6,
      sgst_rate REAL NOT NULL DEFAULT 6,
      igst_rate REAL NOT NULL DEFAULT 0,
      cgst_amount REAL NOT NULL DEFAULT 0,
      sgst_amount REAL NOT NULL DEFAULT 0,
      igst_amount REAL NOT NULL DEFAULT 0,
      total_amount REAL NOT NULL DEFAULT 0,
      reason TEXT
    );
[2026-05-25T12:43:17.748Z] [DEBUG] CREATE TABLE IF NOT EXISTS purchase_orders (
      id INTEGER PRIMARY KEY AUTOINCREMENT,
      po_number TEXT NOT NULL UNIQUE,
      supplier_id INTEGER NOT NULL REFERENCES suppliers(id) ON DELETE RESTRICT,
      supplier_name TEXT NOT NULL,
      supply_type TEXT NOT NULL DEFAULT 'intrastate',
      order_date TEXT NOT NULL,
      expected_delivery TEXT,
      taxable_amount REAL NOT NULL DEFAULT 0,
      cgst_amount REAL NOT NULL DEFAULT 0,
      sgst_amount REAL NOT NULL DEFAULT 0,
      igst_amount REAL NOT NULL DEFAULT 0,
      total_amount REAL NOT NULL DEFAULT 0,
      status TEXT NOT NULL DEFAULT 'draft',
      notes TEXT,
      created_by INTEGER NOT NULL REFERENCES users(id),
      sync_id TEXT UNIQUE,
      created_at TEXT NOT NULL DEFAULT (datetime('now','localtime')),
      updated_at TEXT NOT NULL DEFAULT (datetime('now','localtime'))
    );
[2026-05-25T12:43:17.749Z] [DEBUG] CREATE TABLE IF NOT EXISTS po_items (
      id INTEGER PRIMARY KEY AUTOINCREMENT,
      po_id INTEGER NOT NULL REFERENCES purchase_orders(id) ON DELETE CASCADE,
      medicine_id INTEGER NOT NULL REFERENCES medicines(id) ON DELETE RESTRICT,
      medicine_name TEXT NOT NULL,
      hsn_code TEXT NOT NULL DEFAULT '',
      ordered_qty INTEGER NOT NULL DEFAULT 0,
      received_qty INTEGER NOT NULL DEFAULT 0,
      free_qty INTEGER NOT NULL DEFAULT 0,
      unit_price REAL NOT NULL DEFAULT 0,
      gst_rate REAL NOT NULL DEFAULT 12,
      taxable_amount REAL NOT NULL DEFAULT 0,
      cgst_amount REAL NOT NULL DEFAULT 0,
      sgst_amount REAL NOT NULL DEFAULT 0,
      igst_amount REAL NOT NULL DEFAULT 0,
      total_amount REAL NOT NULL DEFAULT 0
    );
[2026-05-25T12:43:17.751Z] [DEBUG] CREATE TABLE IF NOT EXISTS purchase_receipts (
      id INTEGER PRIMARY KEY AUTOINCREMENT,
      receipt_number TEXT NOT NULL UNIQUE,
      po_id INTEGER NOT NULL REFERENCES purchase_orders(id) ON DELETE RESTRICT,
      po_number TEXT NOT NULL,
      supplier_id INTEGER NOT NULL REFERENCES suppliers(id) ON DELETE RESTRICT,
      supplier_name TEXT NOT NULL,
      supplier_invoice_number TEXT,
      receipt_date TEXT NOT NULL,
      taxable_amount REAL NOT NULL DEFAULT 0,
      cgst_amount REAL NOT NULL DEFAULT 0,
      sgst_amount REAL NOT NULL DEFAULT 0,
      igst_amount REAL NOT NULL DEFAULT 0,
      total_amount REAL NOT NULL DEFAULT 0,
      notes TEXT,
      created_by INTEGER NOT NULL REFERENCES users(id),
      created_at TEXT NOT NULL DEFAULT (datetime('now','localtime'))
    );
[2026-05-25T12:43:17.752Z] [DEBUG] CREATE TABLE IF NOT EXISTS receipt_items (
      id INTEGER PRIMARY KEY AUTOINCREMENT,
      receipt_id INTEGER NOT NULL REFERENCES purchase_receipts(id) ON DELETE CASCADE,
      po_item_id INTEGER NOT NULL REFERENCES po_items(id) ON DELETE RESTRICT,
      medicine_id INTEGER NOT NULL REFERENCES medicines(id) ON DELETE RESTRICT,
      medicine_name TEXT NOT NULL,
      batch_number TEXT NOT NULL,
      expiry_date TEXT NOT NULL,
      ordered_qty INTEGER NOT NULL DEFAULT 0,
      received_qty INTEGER NOT NULL DEFAULT 0,
      free_qty INTEGER NOT NULL DEFAULT 0,
      unit_price REAL NOT NULL DEFAULT 0,
      gst_rate REAL NOT NULL DEFAULT 12,
      taxable_amount REAL NOT NULL DEFAULT 0,
      cgst_amount REAL NOT NULL DEFAULT 0,
      sgst_amount REAL NOT NULL DEFAULT 0,
      igst_amount REAL NOT NULL DEFAULT 0,
      total_amount REAL NOT NULL DEFAULT 0,
      reorder_level INTEGER NOT NULL DEFAULT 10
    );
[2026-05-25T12:43:17.755Z] [DEBUG] CREATE TABLE IF NOT EXISTS supplier_payments (
      id INTEGER PRIMARY KEY AUTOINCREMENT,
      supplier_id INTEGER NOT NULL REFERENCES suppliers(id) ON DELETE RESTRICT,
      supplier_name TEXT NOT NULL,
      payment_date TEXT NOT NULL,
      amount REAL NOT NULL,
      method TEXT NOT NULL DEFAULT 'cash',
      reference TEXT,
      notes TEXT,
      created_by INTEGER NOT NULL REFERENCES users(id),
      created_at TEXT NOT NULL DEFAULT (datetime('now','localtime'))
    );
[2026-05-25T12:43:17.756Z] [DEBUG] CREATE TABLE IF NOT EXISTS customer_payments (
      id INTEGER PRIMARY KEY AUTOINCREMENT,
      customer_id INTEGER NOT NULL REFERENCES customers(id) ON DELETE RESTRICT,
      customer_name TEXT NOT NULL,
      invoice_id INTEGER REFERENCES invoices(id) ON DELETE SET NULL,
      payment_date TEXT NOT NULL,
      amount REAL NOT NULL,
      method TEXT NOT NULL DEFAULT 'cash',
      reference TEXT,
      notes TEXT,
      created_by INTEGER NOT NULL REFERENCES users(id),
      created_at TEXT NOT NULL DEFAULT (datetime('now','localtime'))
    );
[2026-05-25T12:43:17.757Z] [DEBUG] CREATE TABLE IF NOT EXISTS ledger_entries (
      id INTEGER PRIMARY KEY AUTOINCREMENT,
      entity_type TEXT NOT NULL CHECK(entity_type IN ('customer','supplier')),
      entity_id INTEGER NOT NULL,
      entry_date TEXT NOT NULL,
      reference_type TEXT NOT NULL,
      reference_id INTEGER NOT NULL,
      reference_number TEXT NOT NULL,
      debit REAL NOT NULL DEFAULT 0,
      credit REAL NOT NULL DEFAULT 0,
      balance REAL NOT NULL DEFAULT 0,
      narration TEXT NOT NULL DEFAULT '',
      created_at TEXT NOT NULL DEFAULT (datetime('now','localtime'))
    );
[2026-05-25T12:43:17.758Z] [DEBUG] CREATE TABLE IF NOT EXISTS gst_returns (
      id INTEGER PRIMARY KEY AUTOINCREMENT,
      return_type TEXT NOT NULL CHECK(return_type IN ('GSTR1','GSTR3B')),
      period TEXT NOT NULL,
      filed_at TEXT,
      data_json TEXT NOT NULL,
      status TEXT NOT NULL DEFAULT 'draft',
      created_by INTEGER NOT NULL REFERENCES users(id),
      created_at TEXT NOT NULL DEFAULT (datetime('now','localtime'))
    );
[2026-05-25T12:43:17.759Z] [DEBUG] CREATE TABLE IF NOT EXISTS settings (
      key TEXT NOT NULL PRIMARY KEY,
      value TEXT NOT NULL DEFAULT '',
      updated_at TEXT NOT NULL DEFAULT (datetime('now','localtime'))
    );
[2026-05-25T12:43:17.760Z] [DEBUG] CREATE TABLE IF NOT EXISTS sync_conflicts (
      id INTEGER PRIMARY KEY AUTOINCREMENT,
      entity_type TEXT NOT NULL,
      sync_id TEXT NOT NULL,
      local_data TEXT,
      remote_data TEXT,
      resolved INTEGER NOT NULL DEFAULT 0,
      created_at TEXT NOT NULL DEFAULT (datetime('now','localtime'))
    );
[2026-05-25T12:43:17.762Z] [DEBUG] CREATE TABLE IF NOT EXISTS audit_logs (
      id INTEGER PRIMARY KEY AUTOINCREMENT,
      table_name TEXT NOT NULL,
      record_id INTEGER NOT NULL,
      action TEXT NOT NULL CHECK(action IN ('INSERT','UPDATE','DELETE')),
      old_values TEXT,
      new_values TEXT,
      user_id INTEGER NOT NULL REFERENCES users(id),
      user_email TEXT NOT NULL,
      created_at TEXT NOT NULL DEFAULT (datetime('now','localtime'))
    );
[2026-05-25T12:43:17.762Z] [DEBUG] CREATE INDEX IF NOT EXISTS idx_medicines_name      ON medicines(name);
[2026-05-25T12:43:17.763Z] [DEBUG] CREATE INDEX IF NOT EXISTS idx_medicines_barcode   ON medicines(barcode);
[2026-05-25T12:43:17.764Z] [DEBUG] CREATE INDEX IF NOT EXISTS idx_batches_medicine    ON batches(medicine_id);
[2026-05-25T12:43:17.766Z] [DEBUG] CREATE INDEX IF NOT EXISTS idx_batches_expiry      ON batches(expiry_date);
[2026-05-25T12:43:17.767Z] [DEBUG] CREATE INDEX IF NOT EXISTS idx_invoices_date       ON invoices(invoice_date);
[2026-05-25T12:43:17.768Z] [DEBUG] CREATE INDEX IF NOT EXISTS idx_invoices_customer   ON invoices(customer_id);
[2026-05-25T12:43:17.769Z] [DEBUG] CREATE INDEX IF NOT EXISTS idx_inv_items_invoice   ON invoice_items(invoice_id);
[2026-05-25T12:43:17.771Z] [DEBUG] CREATE INDEX IF NOT EXISTS idx_returns_invoice     ON returns(invoice_id);
[2026-05-25T12:43:17.772Z] [DEBUG] CREATE INDEX IF NOT EXISTS idx_ledger_entity       ON ledger_entries(entity_type, entity_id);
[2026-05-25T12:43:17.773Z] [DEBUG] CREATE INDEX IF NOT EXISTS idx_stock_movements_batch ON stock_movements(batch_id);
[2026-05-25T12:43:17.774Z] [DEBUG] CREATE INDEX IF NOT EXISTS idx_audit_table         ON audit_logs(table_name, record_id);
[2026-05-25T12:43:17.775Z] [INFO] Embedded schema applied
[2026-05-25T12:43:17.776Z] [DEBUG] SELECT id FROM schema_migrations WHERE version = '001_initial_settings'
[2026-05-25T12:43:17.777Z] [DEBUG] SELECT id FROM schema_migrations WHERE version = '002_soft_delete_medicines'
[2026-05-25T12:43:17.778Z] [DEBUG] SELECT id FROM schema_migrations WHERE version = '003_supplier_outstanding_index'
[2026-05-25T12:43:17.779Z] [DEBUG] SELECT id FROM schema_migrations WHERE version = '004_import_sessions'
[2026-05-25T12:43:17.780Z] [INFO] Database ready
[2026-05-25T12:43:17.782Z] [INFO] All IPC handlers registered
[2026-05-25T12:43:17.867Z] [DEBUG] SELECT value FROM settings WHERE key = 'sync_interval'
[2026-05-25T12:43:17.869Z] [INFO] MediLeader started
[2026-05-25T12:43:20.671Z] [ERROR] IPC auth:decrypt: require is not defined
[2026-05-25T12:43:20.953Z] [DEBUG] SELECT id FROM users WHERE role='admin' LIMIT 1
[2026-05-25T12:43:20.999Z] [DEBUG] SELECT id FROM users WHERE role='admin' LIMIT 1
[2026-05-25T12:43:31.945Z] [DEBUG] SELECT * FROM users WHERE email = 'admin@test.com' AND is_active = 1
[2026-05-25T12:43:32.073Z] [ERROR] IPC auth:encrypt: require is not defined
[2026-05-25T12:43:32.134Z] [DEBUG] 
    SELECT COALESCE(SUM(total_amount),0) AS total, COUNT(*) AS count
    FROM invoices WHERE invoice_date = '2026-05-25' AND status IN ('paid','partial')
  
[2026-05-25T12:43:32.135Z] [DEBUG] 
    SELECT COALESCE(SUM(b.quantity * b.purchase_price), 0) AS value
    FROM batches b JOIN medicines m ON m.id = b.medicine_id WHERE m.is_active = 1
  
[2026-05-25T12:43:32.136Z] [DEBUG] 
    SELECT COUNT(*) AS count FROM batches b
    JOIN medicines m ON m.id = b.medicine_id AND m.is_active = 1
    WHERE b.quantity > 0
      AND b.expiry_date BETWEEN '2026-05-25' AND '2026-06-24'
  
[2026-05-25T12:43:32.137Z] [DEBUG] 
    SELECT COALESCE(SUM(credit_used),0) AS total FROM customers
  
[2026-05-25T12:43:32.138Z] [DEBUG] 
    SELECT COUNT(*) AS count FROM batches WHERE quantity <= reorder_level AND quantity > 0
  
[2026-05-25T12:43:32.140Z] [DEBUG] 
    SELECT * FROM invoices ORDER BY created_at DESC LIMIT 10
  
[2026-05-25T12:43:32.142Z] [DEBUG] 
    SELECT invoice_date AS date, SUM(total_amount) AS revenue
    FROM invoices
    WHERE invoice_date BETWEEN '2026-05-18' AND '2026-05-25' AND status IN ('paid','partial')
    GROUP BY invoice_date
    ORDER BY invoice_date ASC
  
[2026-05-25T12:43:32.148Z] [DEBUG] 
    SELECT COALESCE(SUM(total_amount),0) AS total, COUNT(*) AS count
    FROM invoices WHERE invoice_date = '2026-05-25' AND status IN ('paid','partial')
  
[2026-05-25T12:43:32.149Z] [DEBUG] 
    SELECT COALESCE(SUM(b.quantity * b.purchase_price), 0) AS value
    FROM batches b JOIN medicines m ON m.id = b.medicine_id WHERE m.is_active = 1
  
[2026-05-25T12:43:32.150Z] [DEBUG] 
    SELECT COUNT(*) AS count FROM batches b
    JOIN medicines m ON m.id = b.medicine_id AND m.is_active = 1
    WHERE b.quantity > 0
      AND b.expiry_date BETWEEN '2026-05-25' AND '2026-06-24'
  
[2026-05-25T12:43:32.151Z] [DEBUG] 
    SELECT COALESCE(SUM(credit_used),0) AS total FROM customers
  
[2026-05-25T12:43:32.152Z] [DEBUG] 
    SELECT COUNT(*) AS count FROM batches WHERE quantity <= reorder_level AND quantity > 0
  
[2026-05-25T12:43:32.153Z] [DEBUG] 
    SELECT * FROM invoices ORDER BY created_at DESC LIMIT 10
  
[2026-05-25T12:43:32.154Z] [DEBUG] 
    SELECT invoice_date AS date, SUM(total_amount) AS revenue
    FROM invoices
    WHERE invoice_date BETWEEN '2026-05-18' AND '2026-05-25' AND status IN ('paid','partial')
    GROUP BY invoice_date
    ORDER BY invoice_date ASC
  
[2026-05-25T12:43:36.947Z] [DEBUG] 
    SELECT
      m.id, m.name, m.generic_name, m.hsn_code, m.gst_rate, m.unit, m.mrp,
      m.barcode, m.schedule,
      COALESCE(SUM(CASE WHEN b.expiry_date > '2026-05-25' AND b.quantity > 0 THEN b.quantity ELSE 0 END), 0) AS total_qty
    FROM medicines m
    LEFT JOIN batches b ON b.medicine_id = m.id
    WHERE m.is_active = 1
      AND (m.name LIKE '%%' OR m.generic_name LIKE '%%' OR m.barcode = '' OR m.hsn_code LIKE '%%')
    GROUP BY m.id
    HAVING total_qty > 0
    ORDER BY m.name
    LIMIT 50
  
[2026-05-25T12:43:36.950Z] [DEBUG] SELECT * FROM customers WHERE is_active=1 ORDER BY name
[2026-05-25T12:43:36.953Z] [DEBUG] 
    SELECT
      m.id, m.name, m.generic_name, m.hsn_code, m.gst_rate, m.unit, m.mrp,
      m.barcode, m.schedule,
      COALESCE(SUM(CASE WHEN b.expiry_date > '2026-05-25' AND b.quantity > 0 THEN b.quantity ELSE 0 END), 0) AS total_qty
    FROM medicines m
    LEFT JOIN batches b ON b.medicine_id = m.id
    WHERE m.is_active = 1
      AND (m.name LIKE '%%' OR m.generic_name LIKE '%%' OR m.barcode = '' OR m.hsn_code LIKE '%%')
    GROUP BY m.id
    HAVING total_qty > 0
    ORDER BY m.name
    LIMIT 50
  
[2026-05-25T12:43:36.958Z] [DEBUG] SELECT * FROM customers WHERE is_active=1 ORDER BY name
[2026-05-25T12:43:45.533Z] [DEBUG] SELECT * FROM medicines WHERE id = 4.0
[2026-05-25T12:43:45.534Z] [DEBUG] 
    SELECT b.id as batch_id, b.batch_number, b.expiry_date, b.quantity
    FROM batches b
    WHERE b.medicine_id = 4.0
      AND b.quantity > 0
      AND b.expiry_date > '2026-05-25'
    ORDER BY b.expiry_date ASC, b.id ASC
  
[2026-05-25T12:43:45.536Z] [DEBUG] SELECT value FROM settings WHERE key='invoice_prefix'
[2026-05-25T12:43:45.537Z] [DEBUG] SELECT invoice_number FROM invoices WHERE invoice_number LIKE 'INV%' ORDER BY id DESC LIMIT 1
[2026-05-25T12:43:45.538Z] [DEBUG] BEGIN
[2026-05-25T12:43:45.539Z] [DEBUG] 
      INSERT INTO invoices
        (invoice_number, customer_id, customer_name, customer_gstin,
         customer_state_code, supply_type, invoice_date, due_date,
         subtotal, discount_amount, taxable_amount,
         cgst_amount, sgst_amount, igst_amount, total_gst,
         round_off, total_amount, paid_amount, payment_method, status,
         notes, created_by)
      VALUES ('INV00001',3.0,NULL,NULL,'33','intrastate',NULL,NULL,60.0,NULL,NULL,NULL,NULL,NULL,NULL,NULL,NULL,NULL,'cash','paid',NULL,1.0)
    
[2026-05-25T12:43:45.541Z] [DEBUG] ROLLBACK
[2026-05-25T12:43:45.542Z] [ERROR] IPC invoice:create: NOT NULL constraint failed: invoices.customer_name
[2026-05-25T12:44:48.353Z] [INFO] Opening database at: C:\Users\surya\AppData\Roaming\pharma-vault\medileader.db
[2026-05-25T12:44:48.379Z] [DEBUG] PRAGMA journal_mode = WAL
[2026-05-25T12:44:48.380Z] [DEBUG] PRAGMA foreign_keys = ON
[2026-05-25T12:44:48.381Z] [DEBUG] PRAGMA synchronous = NORMAL
[2026-05-25T12:44:48.382Z] [DEBUG] PRAGMA temp_store = MEMORY
[2026-05-25T12:44:48.383Z] [DEBUG] PRAGMA mmap_size = 268435456
[2026-05-25T12:44:48.384Z] [DEBUG] PRAGMA cache_size = -32000
[2026-05-25T12:44:48.385Z] [DEBUG] PRAGMA journal_mode = WAL;
[2026-05-25T12:44:48.386Z] [DEBUG] PRAGMA foreign_keys = ON;
[2026-05-25T12:44:48.387Z] [DEBUG] PRAGMA synchronous = NORMAL;
[2026-05-25T12:44:48.388Z] [DEBUG] PRAGMA temp_store = MEMORY;
[2026-05-25T12:44:48.390Z] [DEBUG] CREATE TABLE IF NOT EXISTS schema_migrations (
      id INTEGER PRIMARY KEY AUTOINCREMENT,
      version TEXT NOT NULL UNIQUE,
      applied_at TEXT NOT NULL DEFAULT (datetime('now','localtime'))
    );
[2026-05-25T12:44:48.391Z] [DEBUG] CREATE TABLE IF NOT EXISTS users (
      id INTEGER PRIMARY KEY AUTOINCREMENT,
      email TEXT NOT NULL UNIQUE COLLATE NOCASE,
      name TEXT NOT NULL DEFAULT '',
      password_hash TEXT NOT NULL,
      role TEXT NOT NULL DEFAULT 'cashier' CHECK(role IN ('admin','manager','cashier')),
      phone TEXT,
      is_active INTEGER NOT NULL DEFAULT 1 CHECK(is_active IN (0,1)),
      created_at TEXT NOT NULL DEFAULT (datetime('now','localtime')),
      updated_at TEXT NOT NULL DEFAULT (datetime('now','localtime'))
    );
[2026-05-25T12:44:48.392Z] [DEBUG] CREATE TABLE IF NOT EXISTS medicines (
      id INTEGER PRIMARY KEY AUTOINCREMENT,
      name TEXT NOT NULL,
      generic_name TEXT,
      hsn_code TEXT NOT NULL DEFAULT '',
      gst_rate REAL NOT NULL DEFAULT 12 CHECK(gst_rate IN (0,5,12,18)),
      unit TEXT NOT NULL DEFAULT 'strip',
      mrp REAL NOT NULL DEFAULT 0,
      cost REAL NOT NULL DEFAULT 0,
      barcode TEXT,
      manufacturer TEXT,
      schedule TEXT NOT NULL DEFAULT 'OTC' CHECK(schedule IN ('OTC','H','H1','X','G')),
      category TEXT,
      is_active INTEGER NOT NULL DEFAULT 1 CHECK(is_active IN (0,1)),
      sync_id TEXT UNIQUE,
      created_at TEXT NOT NULL DEFAULT (datetime('now','localtime')),
      updated_at TEXT NOT NULL DEFAULT (datetime('now','localtime'))
    );
[2026-05-25T12:44:48.394Z] [DEBUG] CREATE TABLE IF NOT EXISTS batches (
      id INTEGER PRIMARY KEY AUTOINCREMENT,
      medicine_id INTEGER NOT NULL REFERENCES medicines(id) ON DELETE RESTRICT,
      batch_number TEXT NOT NULL,
      expiry_date TEXT NOT NULL,
      purchase_price REAL NOT NULL DEFAULT 0,
      mrp REAL NOT NULL DEFAULT 0,
      quantity INTEGER NOT NULL DEFAULT 0 CHECK(quantity >= 0),
      reorder_level INTEGER NOT NULL DEFAULT 10,
      sync_id TEXT UNIQUE,
      created_at TEXT NOT NULL DEFAULT (datetime('now','localtime')),
      updated_at TEXT NOT NULL DEFAULT (datetime('now','localtime')),
      UNIQUE(medicine_id, batch_number)
    );
[2026-05-25T12:44:48.395Z] [DEBUG] CREATE TABLE IF NOT EXISTS stock_movements (
      id INTEGER PRIMARY KEY AUTOINCREMENT,
      batch_id INTEGER NOT NULL REFERENCES batches(id) ON DELETE RESTRICT,
      medicine_id INTEGER NOT NULL REFERENCES medicines(id) ON DELETE RESTRICT,
      movement_type TEXT NOT NULL,
      quantity INTEGER NOT NULL,
      balance_after INTEGER NOT NULL,
      reference_type TEXT,
      reference_id INTEGER,
      reference_number TEXT,
      remarks TEXT,
      created_by INTEGER NOT NULL REFERENCES users(id),
      created_at TEXT NOT NULL DEFAULT (datetime('now','localtime'))
    );
[2026-05-25T12:44:48.396Z] [DEBUG] CREATE TABLE IF NOT EXISTS customers (
      id INTEGER PRIMARY KEY AUTOINCREMENT,
      name TEXT NOT NULL,
      phone TEXT,
      email TEXT,
      address TEXT,
      city TEXT,
      state TEXT DEFAULT 'Tamil Nadu',
      state_code TEXT DEFAULT '33',
      gst_number TEXT,
      credit_limit REAL NOT NULL DEFAULT 0,
      credit_used REAL NOT NULL DEFAULT 0,
      is_active INTEGER NOT NULL DEFAULT 1 CHECK(is_active IN (0,1)),
      sync_id TEXT UNIQUE,
      created_at TEXT NOT NULL DEFAULT (datetime('now','localtime')),
      updated_at TEXT NOT NULL DEFAULT (datetime('now','localtime'))
    );
[2026-05-25T12:44:48.397Z] [DEBUG] CREATE TABLE IF NOT EXISTS suppliers (
      id INTEGER PRIMARY KEY AUTOINCREMENT,
      name TEXT NOT NULL,
      phone TEXT,
      email TEXT,
      address TEXT,
      city TEXT,
      state TEXT DEFAULT 'Tamil Nadu',
      state_code TEXT DEFAULT '33',
      gstin TEXT,
      dl_number TEXT,
      dl_expiry TEXT,
      credit_days INTEGER NOT NULL DEFAULT 30,
      outstanding REAL NOT NULL DEFAULT 0,
      is_active INTEGER NOT NULL DEFAULT 1 CHECK(is_active IN (0,1)),
      sync_id TEXT UNIQUE,
      created_at TEXT NOT NULL DEFAULT (datetime('now','localtime')),
      updated_at TEXT NOT NULL DEFAULT (datetime('now','localtime'))
    );
[2026-05-25T12:44:48.398Z] [DEBUG] CREATE TABLE IF NOT EXISTS invoices (
      id INTEGER PRIMARY KEY AUTOINCREMENT,
      invoice_number TEXT NOT NULL UNIQUE,
      customer_id INTEGER REFERENCES customers(id) ON DELETE SET NULL,
      customer_name TEXT NOT NULL DEFAULT 'Walk-in',
      customer_gstin TEXT,
      customer_state_code TEXT DEFAULT '33',
      supply_type TEXT NOT NULL DEFAULT 'intrastate',
      invoice_date TEXT NOT NULL,
      due_date TEXT,
      subtotal REAL NOT NULL DEFAULT 0,
      discount_amount REAL NOT NULL DEFAULT 0,
      taxable_amount REAL NOT NULL DEFAULT 0,
      cgst_amount REAL NOT NULL DEFAULT 0,
      sgst_amount REAL NOT NULL DEFAULT 0,
      igst_amount REAL NOT NULL DEFAULT 0,
      total_gst REAL NOT NULL DEFAULT 0,
      round_off REAL NOT NULL DEFAULT 0,
      total_amount REAL NOT NULL DEFAULT 0,
      paid_amount REAL NOT NULL DEFAULT 0,
      payment_method TEXT NOT NULL DEFAULT 'cash',
      status TEXT NOT NULL DEFAULT 'paid',
      notes TEXT,
      created_by INTEGER NOT NULL REFERENCES users(id),
      sync_id TEXT UNIQUE,
      created_at TEXT NOT NULL DEFAULT (datetime('now','localtime')),
      updated_at TEXT NOT NULL DEFAULT (datetime('now','localtime'))
    );
[2026-05-25T12:44:48.399Z] [DEBUG] CREATE TABLE IF NOT EXISTS invoice_items (
      id INTEGER PRIMARY KEY AUTOINCREMENT,
      invoice_id INTEGER NOT NULL REFERENCES invoices(id) ON DELETE CASCADE,
      medicine_id INTEGER NOT NULL REFERENCES medicines(id) ON DELETE RESTRICT,
      medicine_name TEXT NOT NULL,
      batch_id INTEGER NOT NULL REFERENCES batches(id) ON DELETE RESTRICT,
      batch_number TEXT NOT NULL,
      hsn_code TEXT NOT NULL DEFAULT '',
      quantity INTEGER NOT NULL,
      unit TEXT NOT NULL DEFAULT 'strip',
      mrp REAL NOT NULL DEFAULT 0,
      unit_price REAL NOT NULL,
      discount_pct REAL NOT NULL DEFAULT 0,
      taxable_amount REAL NOT NULL DEFAULT 0,
      gst_rate REAL NOT NULL DEFAULT 12,
      cgst_rate REAL NOT NULL DEFAULT 6,
      sgst_rate REAL NOT NULL DEFAULT 6,
      igst_rate REAL NOT NULL DEFAULT 0,
      cgst_amount REAL NOT NULL DEFAULT 0,
      sgst_amount REAL NOT NULL DEFAULT 0,
      igst_amount REAL NOT NULL DEFAULT 0,
      total_amount REAL NOT NULL DEFAULT 0
    );
[2026-05-25T12:44:48.400Z] [DEBUG] CREATE TABLE IF NOT EXISTS returns (
      id INTEGER PRIMARY KEY AUTOINCREMENT,
      return_number TEXT NOT NULL UNIQUE,
      invoice_id INTEGER REFERENCES invoices(id) ON DELETE SET NULL,
      invoice_number TEXT,
      customer_id INTEGER REFERENCES customers(id) ON DELETE SET NULL,
      customer_name TEXT NOT NULL DEFAULT 'Walk-in',
      return_type TEXT NOT NULL DEFAULT 'customer_return',
      return_date TEXT NOT NULL,
      taxable_amount REAL NOT NULL DEFAULT 0,
      cgst_amount REAL NOT NULL DEFAULT 0,
      sgst_amount REAL NOT NULL DEFAULT 0,
      igst_amount REAL NOT NULL DEFAULT 0,
      total_gst REAL NOT NULL DEFAULT 0,
      total_amount REAL NOT NULL DEFAULT 0,
      credit_note_issued INTEGER NOT NULL DEFAULT 0,
      notes TEXT,
      created_by INTEGER NOT NULL REFERENCES users(id),
      created_at TEXT NOT NULL DEFAULT (datetime('now','localtime')),
      updated_at TEXT NOT NULL DEFAULT (datetime('now','localtime'))
    );
[2026-05-25T12:44:48.401Z] [DEBUG] CREATE TABLE IF NOT EXISTS return_items (
      id INTEGER PRIMARY KEY AUTOINCREMENT,
      return_id INTEGER NOT NULL REFERENCES returns(id) ON DELETE CASCADE,
      invoice_item_id INTEGER REFERENCES invoice_items(id) ON DELETE SET NULL,
      medicine_id INTEGER NOT NULL REFERENCES medicines(id) ON DELETE RESTRICT,
      medicine_name TEXT NOT NULL,
      batch_id INTEGER NOT NULL REFERENCES batches(id) ON DELETE RESTRICT,
      batch_number TEXT NOT NULL,
      hsn_code TEXT NOT NULL DEFAULT '',
      quantity INTEGER NOT NULL,
      unit_price REAL NOT NULL,
      discount_pct REAL NOT NULL DEFAULT 0,
      taxable_amount REAL NOT NULL DEFAULT 0,
      gst_rate REAL NOT NULL DEFAULT 12,
      cgst_rate REAL NOT NULL DEFAULT 6,
      sgst_rate REAL NOT NULL DEFAULT 6,
      igst_rate REAL NOT NULL DEFAULT 0,
      cgst_amount REAL NOT NULL DEFAULT 0,
      sgst_amount REAL NOT NULL DEFAULT 0,
      igst_amount REAL NOT NULL DEFAULT 0,
      total_amount REAL NOT NULL DEFAULT 0,
      reason TEXT
    );
[2026-05-25T12:44:48.402Z] [DEBUG] CREATE TABLE IF NOT EXISTS purchase_orders (
      id INTEGER PRIMARY KEY AUTOINCREMENT,
      po_number TEXT NOT NULL UNIQUE,
      supplier_id INTEGER NOT NULL REFERENCES suppliers(id) ON DELETE RESTRICT,
      supplier_name TEXT NOT NULL,
      supply_type TEXT NOT NULL DEFAULT 'intrastate',
      order_date TEXT NOT NULL,
      expected_delivery TEXT,
      taxable_amount REAL NOT NULL DEFAULT 0,
      cgst_amount REAL NOT NULL DEFAULT 0,
      sgst_amount REAL NOT NULL DEFAULT 0,
      igst_amount REAL NOT NULL DEFAULT 0,
      total_amount REAL NOT NULL DEFAULT 0,
      status TEXT NOT NULL DEFAULT 'draft',
      notes TEXT,
      created_by INTEGER NOT NULL REFERENCES users(id),
      sync_id TEXT UNIQUE,
      created_at TEXT NOT NULL DEFAULT (datetime('now','localtime')),
      updated_at TEXT NOT NULL DEFAULT (datetime('now','localtime'))
    );
[2026-05-25T12:44:48.403Z] [DEBUG] CREATE TABLE IF NOT EXISTS po_items (
      id INTEGER PRIMARY KEY AUTOINCREMENT,
      po_id INTEGER NOT NULL REFERENCES purchase_orders(id) ON DELETE CASCADE,
      medicine_id INTEGER NOT NULL REFERENCES medicines(id) ON DELETE RESTRICT,
      medicine_name TEXT NOT NULL,
      hsn_code TEXT NOT NULL DEFAULT '',
      ordered_qty INTEGER NOT NULL DEFAULT 0,
      received_qty INTEGER NOT NULL DEFAULT 0,
      free_qty INTEGER NOT NULL DEFAULT 0,
      unit_price REAL NOT NULL DEFAULT 0,
      gst_rate REAL NOT NULL DEFAULT 12,
      taxable_amount REAL NOT NULL DEFAULT 0,
      cgst_amount REAL NOT NULL DEFAULT 0,
      sgst_amount REAL NOT NULL DEFAULT 0,
      igst_amount REAL NOT NULL DEFAULT 0,
      total_amount REAL NOT NULL DEFAULT 0
    );
[2026-05-25T12:44:48.405Z] [DEBUG] CREATE TABLE IF NOT EXISTS purchase_receipts (
      id INTEGER PRIMARY KEY AUTOINCREMENT,
      receipt_number TEXT NOT NULL UNIQUE,
      po_id INTEGER NOT NULL REFERENCES purchase_orders(id) ON DELETE RESTRICT,
      po_number TEXT NOT NULL,
      supplier_id INTEGER NOT NULL REFERENCES suppliers(id) ON DELETE RESTRICT,
      supplier_name TEXT NOT NULL,
      supplier_invoice_number TEXT,
      receipt_date TEXT NOT NULL,
      taxable_amount REAL NOT NULL DEFAULT 0,
      cgst_amount REAL NOT NULL DEFAULT 0,
      sgst_amount REAL NOT NULL DEFAULT 0,
      igst_amount REAL NOT NULL DEFAULT 0,
      total_amount REAL NOT NULL DEFAULT 0,
      notes TEXT,
      created_by INTEGER NOT NULL REFERENCES users(id),
      created_at TEXT NOT NULL DEFAULT (datetime('now','localtime'))
    );
[2026-05-25T12:44:48.406Z] [DEBUG] CREATE TABLE IF NOT EXISTS receipt_items (
      id INTEGER PRIMARY KEY AUTOINCREMENT,
      receipt_id INTEGER NOT NULL REFERENCES purchase_receipts(id) ON DELETE CASCADE,
      po_item_id INTEGER NOT NULL REFERENCES po_items(id) ON DELETE RESTRICT,
      medicine_id INTEGER NOT NULL REFERENCES medicines(id) ON DELETE RESTRICT,
      medicine_name TEXT NOT NULL,
      batch_number TEXT NOT NULL,
      expiry_date TEXT NOT NULL,
      ordered_qty INTEGER NOT NULL DEFAULT 0,
      received_qty INTEGER NOT NULL DEFAULT 0,
      free_qty INTEGER NOT NULL DEFAULT 0,
      unit_price REAL NOT NULL DEFAULT 0,
      gst_rate REAL NOT NULL DEFAULT 12,
      taxable_amount REAL NOT NULL DEFAULT 0,
      cgst_amount REAL NOT NULL DEFAULT 0,
      sgst_amount REAL NOT NULL DEFAULT 0,
      igst_amount REAL NOT NULL DEFAULT 0,
      total_amount REAL NOT NULL DEFAULT 0,
      reorder_level INTEGER NOT NULL DEFAULT 10
    );
[2026-05-25T12:44:48.407Z] [DEBUG] CREATE TABLE IF NOT EXISTS supplier_payments (
      id INTEGER PRIMARY KEY AUTOINCREMENT,
      supplier_id INTEGER NOT NULL REFERENCES suppliers(id) ON DELETE RESTRICT,
      supplier_name TEXT NOT NULL,
      payment_date TEXT NOT NULL,
      amount REAL NOT NULL,
      method TEXT NOT NULL DEFAULT 'cash',
      reference TEXT,
      notes TEXT,
      created_by INTEGER NOT NULL REFERENCES users(id),
      created_at TEXT NOT NULL DEFAULT (datetime('now','localtime'))
    );
[2026-05-25T12:44:48.408Z] [DEBUG] CREATE TABLE IF NOT EXISTS customer_payments (
      id INTEGER PRIMARY KEY AUTOINCREMENT,
      customer_id INTEGER NOT NULL REFERENCES customers(id) ON DELETE RESTRICT,
      customer_name TEXT NOT NULL,
      invoice_id INTEGER REFERENCES invoices(id) ON DELETE SET NULL,
      payment_date TEXT NOT NULL,
      amount REAL NOT NULL,
      method TEXT NOT NULL DEFAULT 'cash',
      reference TEXT,
      notes TEXT,
      created_by INTEGER NOT NULL REFERENCES users(id),
      created_at TEXT NOT NULL DEFAULT (datetime('now','localtime'))
    );
[2026-05-25T12:44:48.410Z] [DEBUG] CREATE TABLE IF NOT EXISTS ledger_entries (
      id INTEGER PRIMARY KEY AUTOINCREMENT,
      entity_type TEXT NOT NULL CHECK(entity_type IN ('customer','supplier')),
      entity_id INTEGER NOT NULL,
      entry_date TEXT NOT NULL,
      reference_type TEXT NOT NULL,
      reference_id INTEGER NOT NULL,
      reference_number TEXT NOT NULL,
      debit REAL NOT NULL DEFAULT 0,
      credit REAL NOT NULL DEFAULT 0,
      balance REAL NOT NULL DEFAULT 0,
      narration TEXT NOT NULL DEFAULT '',
      created_at TEXT NOT NULL DEFAULT (datetime('now','localtime'))
    );
[2026-05-25T12:44:48.411Z] [DEBUG] CREATE TABLE IF NOT EXISTS gst_returns (
      id INTEGER PRIMARY KEY AUTOINCREMENT,
      return_type TEXT NOT NULL CHECK(return_type IN ('GSTR1','GSTR3B')),
      period TEXT NOT NULL,
      filed_at TEXT,
      data_json TEXT NOT NULL,
      status TEXT NOT NULL DEFAULT 'draft',
      created_by INTEGER NOT NULL REFERENCES users(id),
      created_at TEXT NOT NULL DEFAULT (datetime('now','localtime'))
    );
[2026-05-25T12:44:48.412Z] [DEBUG] CREATE TABLE IF NOT EXISTS settings (
      key TEXT NOT NULL PRIMARY KEY,
      value TEXT NOT NULL DEFAULT '',
      updated_at TEXT NOT NULL DEFAULT (datetime('now','localtime'))
    );
[2026-05-25T12:44:48.413Z] [DEBUG] CREATE TABLE IF NOT EXISTS sync_conflicts (
      id INTEGER PRIMARY KEY AUTOINCREMENT,
      entity_type TEXT NOT NULL,
      sync_id TEXT NOT NULL,
      local_data TEXT,
      remote_data TEXT,
      resolved INTEGER NOT NULL DEFAULT 0,
      created_at TEXT NOT NULL DEFAULT (datetime('now','localtime'))
    );
[2026-05-25T12:44:48.414Z] [DEBUG] CREATE TABLE IF NOT EXISTS audit_logs (
      id INTEGER PRIMARY KEY AUTOINCREMENT,
      table_name TEXT NOT NULL,
      record_id INTEGER NOT NULL,
      action TEXT NOT NULL CHECK(action IN ('INSERT','UPDATE','DELETE')),
      old_values TEXT,
      new_values TEXT,
      user_id INTEGER NOT NULL REFERENCES users(id),
      user_email TEXT NOT NULL,
      created_at TEXT NOT NULL DEFAULT (datetime('now','localtime'))
    );
[2026-05-25T12:44:48.415Z] [DEBUG] CREATE INDEX IF NOT EXISTS idx_medicines_name      ON medicines(name);
[2026-05-25T12:44:48.416Z] [DEBUG] CREATE INDEX IF NOT EXISTS idx_medicines_barcode   ON medicines(barcode);
[2026-05-25T12:44:48.417Z] [DEBUG] CREATE INDEX IF NOT EXISTS idx_batches_medicine    ON batches(medicine_id);
[2026-05-25T12:44:48.418Z] [DEBUG] CREATE INDEX IF NOT EXISTS idx_batches_expiry      ON batches(expiry_date);
[2026-05-25T12:44:48.420Z] [DEBUG] CREATE INDEX IF NOT EXISTS idx_invoices_date       ON invoices(invoice_date);
[2026-05-25T12:44:48.421Z] [DEBUG] CREATE INDEX IF NOT EXISTS idx_invoices_customer   ON invoices(customer_id);
[2026-05-25T12:44:48.422Z] [DEBUG] CREATE INDEX IF NOT EXISTS idx_inv_items_invoice   ON invoice_items(invoice_id);
[2026-05-25T12:44:48.423Z] [DEBUG] CREATE INDEX IF NOT EXISTS idx_returns_invoice     ON returns(invoice_id);
[2026-05-25T12:44:48.425Z] [DEBUG] CREATE INDEX IF NOT EXISTS idx_ledger_entity       ON ledger_entries(entity_type, entity_id);
[2026-05-25T12:44:48.426Z] [DEBUG] CREATE INDEX IF NOT EXISTS idx_stock_movements_batch ON stock_movements(batch_id);
[2026-05-25T12:44:48.427Z] [DEBUG] CREATE INDEX IF NOT EXISTS idx_audit_table         ON audit_logs(table_name, record_id);
[2026-05-25T12:44:48.428Z] [INFO] Embedded schema applied
[2026-05-25T12:44:48.430Z] [DEBUG] SELECT id FROM schema_migrations WHERE version = '001_initial_settings'
[2026-05-25T12:44:48.430Z] [DEBUG] SELECT id FROM schema_migrations WHERE version = '002_soft_delete_medicines'
[2026-05-25T12:44:48.432Z] [DEBUG] SELECT id FROM schema_migrations WHERE version = '003_supplier_outstanding_index'
[2026-05-25T12:44:48.433Z] [DEBUG] SELECT id FROM schema_migrations WHERE version = '004_import_sessions'
[2026-05-25T12:44:48.434Z] [INFO] Database ready
[2026-05-25T12:44:48.436Z] [INFO] All IPC handlers registered
[2026-05-25T12:44:48.507Z] [DEBUG] SELECT value FROM settings WHERE key = 'sync_interval'
[2026-05-25T12:44:48.509Z] [INFO] MediLeader started
[2026-05-25T12:44:50.526Z] [ERROR] IPC auth:decrypt: require is not defined
[2026-05-25T12:44:50.759Z] [DEBUG] SELECT id FROM users WHERE role='admin' LIMIT 1
[2026-05-25T12:44:50.761Z] [DEBUG] SELECT id FROM users WHERE role='admin' LIMIT 1
[2026-05-25T12:45:02.837Z] [DEBUG] SELECT * FROM users WHERE email = 'admin@test.com' AND is_active = 1
[2026-05-25T12:45:02.945Z] [ERROR] IPC auth:encrypt: require is not defined
[2026-05-25T12:45:02.992Z] [DEBUG] 
    SELECT COALESCE(SUM(total_amount),0) AS total, COUNT(*) AS count
    FROM invoices WHERE invoice_date = '2026-05-25' AND status IN ('paid','partial')
  
[2026-05-25T12:45:02.994Z] [DEBUG] 
    SELECT COALESCE(SUM(b.quantity * b.purchase_price), 0) AS value
    FROM batches b JOIN medicines m ON m.id = b.medicine_id WHERE m.is_active = 1
  
[2026-05-25T12:45:02.995Z] [DEBUG] 
    SELECT COUNT(*) AS count FROM batches b
    JOIN medicines m ON m.id = b.medicine_id AND m.is_active = 1
    WHERE b.quantity > 0
      AND b.expiry_date BETWEEN '2026-05-25' AND '2026-06-24'
  
[2026-05-25T12:45:02.996Z] [DEBUG] 
    SELECT COALESCE(SUM(credit_used),0) AS total FROM customers
  
[2026-05-25T12:45:02.998Z] [DEBUG] 
    SELECT COUNT(*) AS count FROM batches WHERE quantity <= reorder_level AND quantity > 0
  
[2026-05-25T12:45:02.999Z] [DEBUG] 
    SELECT * FROM invoices ORDER BY created_at DESC LIMIT 10
  
[2026-05-25T12:45:03.000Z] [DEBUG] 
    SELECT invoice_date AS date, SUM(total_amount) AS revenue
    FROM invoices
    WHERE invoice_date BETWEEN '2026-05-18' AND '2026-05-25' AND status IN ('paid','partial')
    GROUP BY invoice_date
    ORDER BY invoice_date ASC
  
[2026-05-25T12:45:03.002Z] [DEBUG] 
    SELECT COALESCE(SUM(total_amount),0) AS total, COUNT(*) AS count
    FROM invoices WHERE invoice_date = '2026-05-25' AND status IN ('paid','partial')
  
[2026-05-25T12:45:03.004Z] [DEBUG] 
    SELECT COALESCE(SUM(b.quantity * b.purchase_price), 0) AS value
    FROM batches b JOIN medicines m ON m.id = b.medicine_id WHERE m.is_active = 1
  
[2026-05-25T12:45:03.005Z] [DEBUG] 
    SELECT COUNT(*) AS count FROM batches b
    JOIN medicines m ON m.id = b.medicine_id AND m.is_active = 1
    WHERE b.quantity > 0
      AND b.expiry_date BETWEEN '2026-05-25' AND '2026-06-24'
  
[2026-05-25T12:45:03.006Z] [DEBUG] 
    SELECT COALESCE(SUM(credit_used),0) AS total FROM customers
  
[2026-05-25T12:45:03.007Z] [DEBUG] 
    SELECT COUNT(*) AS count FROM batches WHERE quantity <= reorder_level AND quantity > 0
  
[2026-05-25T12:45:03.008Z] [DEBUG] 
    SELECT * FROM invoices ORDER BY created_at DESC LIMIT 10
  
[2026-05-25T12:45:03.009Z] [DEBUG] 
    SELECT invoice_date AS date, SUM(total_amount) AS revenue
    FROM invoices
    WHERE invoice_date BETWEEN '2026-05-18' AND '2026-05-25' AND status IN ('paid','partial')
    GROUP BY invoice_date
    ORDER BY invoice_date ASC
  
[2026-05-25T12:45:09.627Z] [DEBUG] 
    SELECT
      m.id, m.name, m.generic_name, m.hsn_code, m.gst_rate, m.unit, m.mrp,
      m.barcode, m.schedule,
      COALESCE(SUM(CASE WHEN b.expiry_date > '2026-05-25' AND b.quantity > 0 THEN b.quantity ELSE 0 END), 0) AS total_qty
    FROM medicines m
    LEFT JOIN batches b ON b.medicine_id = m.id
    WHERE m.is_active = 1
      AND (m.name LIKE '%%' OR m.generic_name LIKE '%%' OR m.barcode = '' OR m.hsn_code LIKE '%%')
    GROUP BY m.id
    HAVING total_qty > 0
    ORDER BY m.name
    LIMIT 50
  
[2026-05-25T12:45:09.630Z] [DEBUG] SELECT * FROM customers WHERE is_active=1 ORDER BY name
[2026-05-25T12:45:09.633Z] [DEBUG] 
    SELECT
      m.id, m.name, m.generic_name, m.hsn_code, m.gst_rate, m.unit, m.mrp,
      m.barcode, m.schedule,
      COALESCE(SUM(CASE WHEN b.expiry_date > '2026-05-25' AND b.quantity > 0 THEN b.quantity ELSE 0 END), 0) AS total_qty
    FROM medicines m
    LEFT JOIN batches b ON b.medicine_id = m.id
    WHERE m.is_active = 1
      AND (m.name LIKE '%%' OR m.generic_name LIKE '%%' OR m.barcode = '' OR m.hsn_code LIKE '%%')
    GROUP BY m.id
    HAVING total_qty > 0
    ORDER BY m.name
    LIMIT 50
  
[2026-05-25T12:45:09.635Z] [DEBUG] SELECT * FROM customers WHERE is_active=1 ORDER BY name
[2026-05-25T12:45:15.422Z] [DEBUG] SELECT * FROM medicines WHERE id = 4.0
[2026-05-25T12:45:15.425Z] [DEBUG] 
    SELECT b.id as batch_id, b.batch_number, b.expiry_date, b.quantity
    FROM batches b
    WHERE b.medicine_id = 4.0
      AND b.quantity > 0
      AND b.expiry_date > '2026-05-25'
    ORDER BY b.expiry_date ASC, b.id ASC
  
[2026-05-25T12:45:15.434Z] [DEBUG] SELECT value FROM settings WHERE key='invoice_prefix'
[2026-05-25T12:45:15.435Z] [DEBUG] SELECT invoice_number FROM invoices WHERE invoice_number LIKE 'INV%' ORDER BY id DESC LIMIT 1
[2026-05-25T12:45:15.437Z] [DEBUG] BEGIN
[2026-05-25T12:45:15.439Z] [DEBUG] 
      INSERT INTO invoices
        (invoice_number, customer_id, customer_name, customer_gstin,
         customer_state_code, supply_type, invoice_date, due_date,
         subtotal, discount_amount, taxable_amount,
         cgst_amount, sgst_amount, igst_amount, total_gst,
         round_off, total_amount, paid_amount, payment_method, status,
         notes, created_by)
      VALUES ('INV00001',NULL,NULL,NULL,'33','intrastate',NULL,NULL,36.0,NULL,NULL,NULL,NULL,NULL,NULL,NULL,NULL,NULL,'cash','paid',NULL,1.0)
    
[2026-05-25T12:45:15.440Z] [DEBUG] ROLLBACK
[2026-05-25T12:45:15.441Z] [ERROR] IPC invoice:create: NOT NULL constraint failed: invoices.customer_name
[2026-05-25T12:46:08.161Z] [DEBUG] 
    SELECT
      m.id, m.name, m.generic_name, m.hsn_code, m.gst_rate, m.unit, m.mrp,
      m.barcode, m.schedule,
      COALESCE(SUM(CASE WHEN b.expiry_date > '2026-05-25' AND b.quantity > 0 THEN b.quantity ELSE 0 END), 0) AS total_qty
    FROM medicines m
    LEFT JOIN batches b ON b.medicine_id = m.id
    WHERE m.is_active = 1
      AND (m.name LIKE '%%' OR m.generic_name LIKE '%%' OR m.barcode = '' OR m.hsn_code LIKE '%%')
    GROUP BY m.id
    HAVING total_qty > 0
    ORDER BY m.name
    LIMIT 50
  
[2026-05-25T12:46:08.166Z] [DEBUG] SELECT * FROM customers WHERE is_active=1 ORDER BY name
[2026-05-25T12:50:05.275Z] [INFO] Opening database at: C:\Users\surya\AppData\Roaming\pharma-vault\medileader.db
[2026-05-25T12:50:05.301Z] [DEBUG] PRAGMA journal_mode = WAL
[2026-05-25T12:50:05.303Z] [DEBUG] PRAGMA foreign_keys = ON
[2026-05-25T12:50:05.304Z] [DEBUG] PRAGMA synchronous = NORMAL
[2026-05-25T12:50:05.304Z] [DEBUG] PRAGMA temp_store = MEMORY
[2026-05-25T12:50:05.305Z] [DEBUG] PRAGMA mmap_size = 268435456
[2026-05-25T12:50:05.306Z] [DEBUG] PRAGMA cache_size = -32000
[2026-05-25T12:50:05.308Z] [DEBUG] PRAGMA journal_mode = WAL;
[2026-05-25T12:50:05.309Z] [DEBUG] PRAGMA foreign_keys = ON;
[2026-05-25T12:50:05.310Z] [DEBUG] PRAGMA synchronous = NORMAL;
[2026-05-25T12:50:05.311Z] [DEBUG] PRAGMA temp_store = MEMORY;
[2026-05-25T12:50:05.312Z] [DEBUG] CREATE TABLE IF NOT EXISTS schema_migrations (
      id INTEGER PRIMARY KEY AUTOINCREMENT,
      version TEXT NOT NULL UNIQUE,
      applied_at TEXT NOT NULL DEFAULT (datetime('now','localtime'))
    );
[2026-05-25T12:50:05.312Z] [DEBUG] CREATE TABLE IF NOT EXISTS users (
      id INTEGER PRIMARY KEY AUTOINCREMENT,
      email TEXT NOT NULL UNIQUE COLLATE NOCASE,
      name TEXT NOT NULL DEFAULT '',
      password_hash TEXT NOT NULL,
      role TEXT NOT NULL DEFAULT 'cashier' CHECK(role IN ('admin','manager','cashier')),
      phone TEXT,
      is_active INTEGER NOT NULL DEFAULT 1 CHECK(is_active IN (0,1)),
      created_at TEXT NOT NULL DEFAULT (datetime('now','localtime')),
      updated_at TEXT NOT NULL DEFAULT (datetime('now','localtime'))
    );
[2026-05-25T12:50:05.313Z] [DEBUG] CREATE TABLE IF NOT EXISTS medicines (
      id INTEGER PRIMARY KEY AUTOINCREMENT,
      name TEXT NOT NULL,
      generic_name TEXT,
      hsn_code TEXT NOT NULL DEFAULT '',
      gst_rate REAL NOT NULL DEFAULT 12 CHECK(gst_rate IN (0,5,12,18)),
      unit TEXT NOT NULL DEFAULT 'strip',
      mrp REAL NOT NULL DEFAULT 0,
      cost REAL NOT NULL DEFAULT 0,
      barcode TEXT,
      manufacturer TEXT,
      schedule TEXT NOT NULL DEFAULT 'OTC' CHECK(schedule IN ('OTC','H','H1','X','G')),
      category TEXT,
      is_active INTEGER NOT NULL DEFAULT 1 CHECK(is_active IN (0,1)),
      sync_id TEXT UNIQUE,
      created_at TEXT NOT NULL DEFAULT (datetime('now','localtime')),
      updated_at TEXT NOT NULL DEFAULT (datetime('now','localtime'))
    );
[2026-05-25T12:50:05.314Z] [DEBUG] CREATE TABLE IF NOT EXISTS batches (
      id INTEGER PRIMARY KEY AUTOINCREMENT,
      medicine_id INTEGER NOT NULL REFERENCES medicines(id) ON DELETE RESTRICT,
      batch_number TEXT NOT NULL,
      expiry_date TEXT NOT NULL,
      purchase_price REAL NOT NULL DEFAULT 0,
      mrp REAL NOT NULL DEFAULT 0,
      quantity INTEGER NOT NULL DEFAULT 0 CHECK(quantity >= 0),
      reorder_level INTEGER NOT NULL DEFAULT 10,
      sync_id TEXT UNIQUE,
      created_at TEXT NOT NULL DEFAULT (datetime('now','localtime')),
      updated_at TEXT NOT NULL DEFAULT (datetime('now','localtime')),
      UNIQUE(medicine_id, batch_number)
    );
[2026-05-25T12:50:05.315Z] [DEBUG] CREATE TABLE IF NOT EXISTS stock_movements (
      id INTEGER PRIMARY KEY AUTOINCREMENT,
      batch_id INTEGER NOT NULL REFERENCES batches(id) ON DELETE RESTRICT,
      medicine_id INTEGER NOT NULL REFERENCES medicines(id) ON DELETE RESTRICT,
      movement_type TEXT NOT NULL,
      quantity INTEGER NOT NULL,
      balance_after INTEGER NOT NULL,
      reference_type TEXT,
      reference_id INTEGER,
      reference_number TEXT,
      remarks TEXT,
      created_by INTEGER NOT NULL REFERENCES users(id),
      created_at TEXT NOT NULL DEFAULT (datetime('now','localtime'))
    );
[2026-05-25T12:50:05.316Z] [DEBUG] CREATE TABLE IF NOT EXISTS customers (
      id INTEGER PRIMARY KEY AUTOINCREMENT,
      name TEXT NOT NULL,
      phone TEXT,
      email TEXT,
      address TEXT,
      city TEXT,
      state TEXT DEFAULT 'Tamil Nadu',
      state_code TEXT DEFAULT '33',
      gst_number TEXT,
      credit_limit REAL NOT NULL DEFAULT 0,
      credit_used REAL NOT NULL DEFAULT 0,
      is_active INTEGER NOT NULL DEFAULT 1 CHECK(is_active IN (0,1)),
      sync_id TEXT UNIQUE,
      created_at TEXT NOT NULL DEFAULT (datetime('now','localtime')),
      updated_at TEXT NOT NULL DEFAULT (datetime('now','localtime'))
    );
[2026-05-25T12:50:05.318Z] [DEBUG] CREATE TABLE IF NOT EXISTS suppliers (
      id INTEGER PRIMARY KEY AUTOINCREMENT,
      name TEXT NOT NULL,
      phone TEXT,
      email TEXT,
      address TEXT,
      city TEXT,
      state TEXT DEFAULT 'Tamil Nadu',
      state_code TEXT DEFAULT '33',
      gstin TEXT,
      dl_number TEXT,
      dl_expiry TEXT,
      credit_days INTEGER NOT NULL DEFAULT 30,
      outstanding REAL NOT NULL DEFAULT 0,
      is_active INTEGER NOT NULL DEFAULT 1 CHECK(is_active IN (0,1)),
      sync_id TEXT UNIQUE,
      created_at TEXT NOT NULL DEFAULT (datetime('now','localtime')),
      updated_at TEXT NOT NULL DEFAULT (datetime('now','localtime'))
    );
[2026-05-25T12:50:05.319Z] [DEBUG] CREATE TABLE IF NOT EXISTS invoices (
      id INTEGER PRIMARY KEY AUTOINCREMENT,
      invoice_number TEXT NOT NULL UNIQUE,
      customer_id INTEGER REFERENCES customers(id) ON DELETE SET NULL,
      customer_name TEXT NOT NULL DEFAULT 'Walk-in',
      customer_gstin TEXT,
      customer_state_code TEXT DEFAULT '33',
      supply_type TEXT NOT NULL DEFAULT 'intrastate',
      invoice_date TEXT NOT NULL,
      due_date TEXT,
      subtotal REAL NOT NULL DEFAULT 0,
      discount_amount REAL NOT NULL DEFAULT 0,
      taxable_amount REAL NOT NULL DEFAULT 0,
      cgst_amount REAL NOT NULL DEFAULT 0,
      sgst_amount REAL NOT NULL DEFAULT 0,
      igst_amount REAL NOT NULL DEFAULT 0,
      total_gst REAL NOT NULL DEFAULT 0,
      round_off REAL NOT NULL DEFAULT 0,
      total_amount REAL NOT NULL DEFAULT 0,
      paid_amount REAL NOT NULL DEFAULT 0,
      payment_method TEXT NOT NULL DEFAULT 'cash',
      status TEXT NOT NULL DEFAULT 'paid',
      notes TEXT,
      created_by INTEGER NOT NULL REFERENCES users(id),
      sync_id TEXT UNIQUE,
      created_at TEXT NOT NULL DEFAULT (datetime('now','localtime')),
      updated_at TEXT NOT NULL DEFAULT (datetime('now','localtime'))
    );
[2026-05-25T12:50:05.321Z] [DEBUG] CREATE TABLE IF NOT EXISTS invoice_items (
      id INTEGER PRIMARY KEY AUTOINCREMENT,
      invoice_id INTEGER NOT NULL REFERENCES invoices(id) ON DELETE CASCADE,
      medicine_id INTEGER NOT NULL REFERENCES medicines(id) ON DELETE RESTRICT,
      medicine_name TEXT NOT NULL,
      batch_id INTEGER NOT NULL REFERENCES batches(id) ON DELETE RESTRICT,
      batch_number TEXT NOT NULL,
      hsn_code TEXT NOT NULL DEFAULT '',
      quantity INTEGER NOT NULL,
      unit TEXT NOT NULL DEFAULT 'strip',
      mrp REAL NOT NULL DEFAULT 0,
      unit_price REAL NOT NULL,
      discount_pct REAL NOT NULL DEFAULT 0,
      taxable_amount REAL NOT NULL DEFAULT 0,
      gst_rate REAL NOT NULL DEFAULT 12,
      cgst_rate REAL NOT NULL DEFAULT 6,
      sgst_rate REAL NOT NULL DEFAULT 6,
      igst_rate REAL NOT NULL DEFAULT 0,
      cgst_amount REAL NOT NULL DEFAULT 0,
      sgst_amount REAL NOT NULL DEFAULT 0,
      igst_amount REAL NOT NULL DEFAULT 0,
      total_amount REAL NOT NULL DEFAULT 0
    );
[2026-05-25T12:50:05.322Z] [DEBUG] CREATE TABLE IF NOT EXISTS returns (
      id INTEGER PRIMARY KEY AUTOINCREMENT,
      return_number TEXT NOT NULL UNIQUE,
      invoice_id INTEGER REFERENCES invoices(id) ON DELETE SET NULL,
      invoice_number TEXT,
      customer_id INTEGER REFERENCES customers(id) ON DELETE SET NULL,
      customer_name TEXT NOT NULL DEFAULT 'Walk-in',
      return_type TEXT NOT NULL DEFAULT 'customer_return',
      return_date TEXT NOT NULL,
      taxable_amount REAL NOT NULL DEFAULT 0,
      cgst_amount REAL NOT NULL DEFAULT 0,
      sgst_amount REAL NOT NULL DEFAULT 0,
      igst_amount REAL NOT NULL DEFAULT 0,
      total_gst REAL NOT NULL DEFAULT 0,
      total_amount REAL NOT NULL DEFAULT 0,
      credit_note_issued INTEGER NOT NULL DEFAULT 0,
      notes TEXT,
      created_by INTEGER NOT NULL REFERENCES users(id),
      created_at TEXT NOT NULL DEFAULT (datetime('now','localtime')),
      updated_at TEXT NOT NULL DEFAULT (datetime('now','localtime'))
    );
[2026-05-25T12:50:05.323Z] [DEBUG] CREATE TABLE IF NOT EXISTS return_items (
      id INTEGER PRIMARY KEY AUTOINCREMENT,
      return_id INTEGER NOT NULL REFERENCES returns(id) ON DELETE CASCADE,
      invoice_item_id INTEGER REFERENCES invoice_items(id) ON DELETE SET NULL,
      medicine_id INTEGER NOT NULL REFERENCES medicines(id) ON DELETE RESTRICT,
      medicine_name TEXT NOT NULL,
      batch_id INTEGER NOT NULL REFERENCES batches(id) ON DELETE RESTRICT,
      batch_number TEXT NOT NULL,
      hsn_code TEXT NOT NULL DEFAULT '',
      quantity INTEGER NOT NULL,
      unit_price REAL NOT NULL,
      discount_pct REAL NOT NULL DEFAULT 0,
      taxable_amount REAL NOT NULL DEFAULT 0,
      gst_rate REAL NOT NULL DEFAULT 12,
      cgst_rate REAL NOT NULL DEFAULT 6,
      sgst_rate REAL NOT NULL DEFAULT 6,
      igst_rate REAL NOT NULL DEFAULT 0,
      cgst_amount REAL NOT NULL DEFAULT 0,
      sgst_amount REAL NOT NULL DEFAULT 0,
      igst_amount REAL NOT NULL DEFAULT 0,
      total_amount REAL NOT NULL DEFAULT 0,
      reason TEXT
    );
[2026-05-25T12:50:05.325Z] [DEBUG] CREATE TABLE IF NOT EXISTS purchase_orders (
      id INTEGER PRIMARY KEY AUTOINCREMENT,
      po_number TEXT NOT NULL UNIQUE,
      supplier_id INTEGER NOT NULL REFERENCES suppliers(id) ON DELETE RESTRICT,
      supplier_name TEXT NOT NULL,
      supply_type TEXT NOT NULL DEFAULT 'intrastate',
      order_date TEXT NOT NULL,
      expected_delivery TEXT,
      taxable_amount REAL NOT NULL DEFAULT 0,
      cgst_amount REAL NOT NULL DEFAULT 0,
      sgst_amount REAL NOT NULL DEFAULT 0,
      igst_amount REAL NOT NULL DEFAULT 0,
      total_amount REAL NOT NULL DEFAULT 0,
      status TEXT NOT NULL DEFAULT 'draft',
      notes TEXT,
      created_by INTEGER NOT NULL REFERENCES users(id),
      sync_id TEXT UNIQUE,
      created_at TEXT NOT NULL DEFAULT (datetime('now','localtime')),
      updated_at TEXT NOT NULL DEFAULT (datetime('now','localtime'))
    );
[2026-05-25T12:50:05.326Z] [DEBUG] CREATE TABLE IF NOT EXISTS po_items (
      id INTEGER PRIMARY KEY AUTOINCREMENT,
      po_id INTEGER NOT NULL REFERENCES purchase_orders(id) ON DELETE CASCADE,
      medicine_id INTEGER NOT NULL REFERENCES medicines(id) ON DELETE RESTRICT,
      medicine_name TEXT NOT NULL,
      hsn_code TEXT NOT NULL DEFAULT '',
      ordered_qty INTEGER NOT NULL DEFAULT 0,
      received_qty INTEGER NOT NULL DEFAULT 0,
      free_qty INTEGER NOT NULL DEFAULT 0,
      unit_price REAL NOT NULL DEFAULT 0,
      gst_rate REAL NOT NULL DEFAULT 12,
      taxable_amount REAL NOT NULL DEFAULT 0,
      cgst_amount REAL NOT NULL DEFAULT 0,
      sgst_amount REAL NOT NULL DEFAULT 0,
      igst_amount REAL NOT NULL DEFAULT 0,
      total_amount REAL NOT NULL DEFAULT 0
    );
[2026-05-25T12:50:05.326Z] [DEBUG] CREATE TABLE IF NOT EXISTS purchase_receipts (
      id INTEGER PRIMARY KEY AUTOINCREMENT,
      receipt_number TEXT NOT NULL UNIQUE,
      po_id INTEGER NOT NULL REFERENCES purchase_orders(id) ON DELETE RESTRICT,
      po_number TEXT NOT NULL,
      supplier_id INTEGER NOT NULL REFERENCES suppliers(id) ON DELETE RESTRICT,
      supplier_name TEXT NOT NULL,
      supplier_invoice_number TEXT,
      receipt_date TEXT NOT NULL,
      taxable_amount REAL NOT NULL DEFAULT 0,
      cgst_amount REAL NOT NULL DEFAULT 0,
      sgst_amount REAL NOT NULL DEFAULT 0,
      igst_amount REAL NOT NULL DEFAULT 0,
      total_amount REAL NOT NULL DEFAULT 0,
      notes TEXT,
      created_by INTEGER NOT NULL REFERENCES users(id),
      created_at TEXT NOT NULL DEFAULT (datetime('now','localtime'))
    );
[2026-05-25T12:50:05.328Z] [DEBUG] CREATE TABLE IF NOT EXISTS receipt_items (
      id INTEGER PRIMARY KEY AUTOINCREMENT,
      receipt_id INTEGER NOT NULL REFERENCES purchase_receipts(id) ON DELETE CASCADE,
      po_item_id INTEGER NOT NULL REFERENCES po_items(id) ON DELETE RESTRICT,
      medicine_id INTEGER NOT NULL REFERENCES medicines(id) ON DELETE RESTRICT,
      medicine_name TEXT NOT NULL,
      batch_number TEXT NOT NULL,
      expiry_date TEXT NOT NULL,
      ordered_qty INTEGER NOT NULL DEFAULT 0,
      received_qty INTEGER NOT NULL DEFAULT 0,
      free_qty INTEGER NOT NULL DEFAULT 0,
      unit_price REAL NOT NULL DEFAULT 0,
      gst_rate REAL NOT NULL DEFAULT 12,
      taxable_amount REAL NOT NULL DEFAULT 0,
      cgst_amount REAL NOT NULL DEFAULT 0,
      sgst_amount REAL NOT NULL DEFAULT 0,
      igst_amount REAL NOT NULL DEFAULT 0,
      total_amount REAL NOT NULL DEFAULT 0,
      reorder_level INTEGER NOT NULL DEFAULT 10
    );
[2026-05-25T12:50:05.329Z] [DEBUG] CREATE TABLE IF NOT EXISTS supplier_payments (
      id INTEGER PRIMARY KEY AUTOINCREMENT,
      supplier_id INTEGER NOT NULL REFERENCES suppliers(id) ON DELETE RESTRICT,
      supplier_name TEXT NOT NULL,
      payment_date TEXT NOT NULL,
      amount REAL NOT NULL,
      method TEXT NOT NULL DEFAULT 'cash',
      reference TEXT,
      notes TEXT,
      created_by INTEGER NOT NULL REFERENCES users(id),
      created_at TEXT NOT NULL DEFAULT (datetime('now','localtime'))
    );
[2026-05-25T12:50:05.330Z] [DEBUG] CREATE TABLE IF NOT EXISTS customer_payments (
      id INTEGER PRIMARY KEY AUTOINCREMENT,
      customer_id INTEGER NOT NULL REFERENCES customers(id) ON DELETE RESTRICT,
      customer_name TEXT NOT NULL,
      invoice_id INTEGER REFERENCES invoices(id) ON DELETE SET NULL,
      payment_date TEXT NOT NULL,
      amount REAL NOT NULL,
      method TEXT NOT NULL DEFAULT 'cash',
      reference TEXT,
      notes TEXT,
      created_by INTEGER NOT NULL REFERENCES users(id),
      created_at TEXT NOT NULL DEFAULT (datetime('now','localtime'))
    );
[2026-05-25T12:50:05.331Z] [DEBUG] CREATE TABLE IF NOT EXISTS ledger_entries (
      id INTEGER PRIMARY KEY AUTOINCREMENT,
      entity_type TEXT NOT NULL CHECK(entity_type IN ('customer','supplier')),
      entity_id INTEGER NOT NULL,
      entry_date TEXT NOT NULL,
      reference_type TEXT NOT NULL,
      reference_id INTEGER NOT NULL,
      reference_number TEXT NOT NULL,
      debit REAL NOT NULL DEFAULT 0,
      credit REAL NOT NULL DEFAULT 0,
      balance REAL NOT NULL DEFAULT 0,
      narration TEXT NOT NULL DEFAULT '',
      created_at TEXT NOT NULL DEFAULT (datetime('now','localtime'))
    );
[2026-05-25T12:50:05.332Z] [DEBUG] CREATE TABLE IF NOT EXISTS gst_returns (
      id INTEGER PRIMARY KEY AUTOINCREMENT,
      return_type TEXT NOT NULL CHECK(return_type IN ('GSTR1','GSTR3B')),
      period TEXT NOT NULL,
      filed_at TEXT,
      data_json TEXT NOT NULL,
      status TEXT NOT NULL DEFAULT 'draft',
      created_by INTEGER NOT NULL REFERENCES users(id),
      created_at TEXT NOT NULL DEFAULT (datetime('now','localtime'))
    );
[2026-05-25T12:50:05.333Z] [DEBUG] CREATE TABLE IF NOT EXISTS settings (
      key TEXT NOT NULL PRIMARY KEY,
      value TEXT NOT NULL DEFAULT '',
      updated_at TEXT NOT NULL DEFAULT (datetime('now','localtime'))
    );
[2026-05-25T12:50:05.334Z] [DEBUG] CREATE TABLE IF NOT EXISTS sync_conflicts (
      id INTEGER PRIMARY KEY AUTOINCREMENT,
      entity_type TEXT NOT NULL,
      sync_id TEXT NOT NULL,
      local_data TEXT,
      remote_data TEXT,
      resolved INTEGER NOT NULL DEFAULT 0,
      created_at TEXT NOT NULL DEFAULT (datetime('now','localtime'))
    );
[2026-05-25T12:50:05.336Z] [DEBUG] CREATE TABLE IF NOT EXISTS audit_logs (
      id INTEGER PRIMARY KEY AUTOINCREMENT,
      table_name TEXT NOT NULL,
      record_id INTEGER NOT NULL,
      action TEXT NOT NULL CHECK(action IN ('INSERT','UPDATE','DELETE')),
      old_values TEXT,
      new_values TEXT,
      user_id INTEGER NOT NULL REFERENCES users(id),
      user_email TEXT NOT NULL,
      created_at TEXT NOT NULL DEFAULT (datetime('now','localtime'))
    );
[2026-05-25T12:50:05.337Z] [DEBUG] CREATE INDEX IF NOT EXISTS idx_medicines_name      ON medicines(name);
[2026-05-25T12:50:05.338Z] [DEBUG] CREATE INDEX IF NOT EXISTS idx_medicines_barcode   ON medicines(barcode);
[2026-05-25T12:50:05.339Z] [DEBUG] CREATE INDEX IF NOT EXISTS idx_batches_medicine    ON batches(medicine_id);
[2026-05-25T12:50:05.341Z] [DEBUG] CREATE INDEX IF NOT EXISTS idx_batches_expiry      ON batches(expiry_date);
[2026-05-25T12:50:05.342Z] [DEBUG] CREATE INDEX IF NOT EXISTS idx_invoices_date       ON invoices(invoice_date);
[2026-05-25T12:50:05.343Z] [DEBUG] CREATE INDEX IF NOT EXISTS idx_invoices_customer   ON invoices(customer_id);
[2026-05-25T12:50:05.344Z] [DEBUG] CREATE INDEX IF NOT EXISTS idx_inv_items_invoice   ON invoice_items(invoice_id);
[2026-05-25T12:50:05.345Z] [DEBUG] CREATE INDEX IF NOT EXISTS idx_returns_invoice     ON returns(invoice_id);
[2026-05-25T12:50:05.346Z] [DEBUG] CREATE INDEX IF NOT EXISTS idx_ledger_entity       ON ledger_entries(entity_type, entity_id);
[2026-05-25T12:50:05.347Z] [DEBUG] CREATE INDEX IF NOT EXISTS idx_stock_movements_batch ON stock_movements(batch_id);
[2026-05-25T12:50:05.348Z] [DEBUG] CREATE INDEX IF NOT EXISTS idx_audit_table         ON audit_logs(table_name, record_id);
[2026-05-25T12:50:05.349Z] [INFO] Embedded schema applied
[2026-05-25T12:50:05.349Z] [DEBUG] SELECT id FROM schema_migrations WHERE version = '001_initial_settings'
[2026-05-25T12:50:05.350Z] [DEBUG] SELECT id FROM schema_migrations WHERE version = '002_soft_delete_medicines'
[2026-05-25T12:50:05.351Z] [DEBUG] SELECT id FROM schema_migrations WHERE version = '003_supplier_outstanding_index'
[2026-05-25T12:50:05.353Z] [DEBUG] SELECT id FROM schema_migrations WHERE version = '004_import_sessions'
[2026-05-25T12:50:05.354Z] [INFO] Database ready
[2026-05-25T12:50:05.356Z] [INFO] All IPC handlers registered
[2026-05-25T12:50:05.427Z] [DEBUG] SELECT value FROM settings WHERE key = 'sync_interval'
[2026-05-25T12:50:05.428Z] [INFO] MediLeader started
[2026-05-25T12:50:07.378Z] [ERROR] IPC auth:decrypt: require is not defined
[2026-05-25T12:50:07.689Z] [DEBUG] SELECT id FROM users WHERE role='admin' LIMIT 1
[2026-05-25T12:50:07.691Z] [DEBUG] SELECT id FROM users WHERE role='admin' LIMIT 1
[2026-05-25T12:50:18.987Z] [DEBUG] SELECT * FROM users WHERE email = 'admin@test.com' AND is_active = 1
[2026-05-25T12:50:19.092Z] [ERROR] IPC auth:encrypt: require is not defined
[2026-05-25T12:50:19.136Z] [DEBUG] 
    SELECT COALESCE(SUM(total_amount),0) AS total, COUNT(*) AS count
    FROM invoices WHERE invoice_date = '2026-05-25' AND status IN ('paid','partial')
  
[2026-05-25T12:50:19.138Z] [DEBUG] 
    SELECT COALESCE(SUM(b.quantity * b.purchase_price), 0) AS value
    FROM batches b JOIN medicines m ON m.id = b.medicine_id WHERE m.is_active = 1
  
[2026-05-25T12:50:19.139Z] [DEBUG] 
    SELECT COUNT(*) AS count FROM batches b
    JOIN medicines m ON m.id = b.medicine_id AND m.is_active = 1
    WHERE b.quantity > 0
      AND b.expiry_date BETWEEN '2026-05-25' AND '2026-06-24'
  
[2026-05-25T12:50:19.140Z] [DEBUG] 
    SELECT COALESCE(SUM(credit_used),0) AS total FROM customers
  
[2026-05-25T12:50:19.141Z] [DEBUG] 
    SELECT COUNT(*) AS count FROM batches WHERE quantity <= reorder_level AND quantity > 0
  
[2026-05-25T12:50:19.142Z] [DEBUG] 
    SELECT * FROM invoices ORDER BY created_at DESC LIMIT 10
  
[2026-05-25T12:50:19.144Z] [DEBUG] 
    SELECT invoice_date AS date, SUM(total_amount) AS revenue
    FROM invoices
    WHERE invoice_date BETWEEN '2026-05-18' AND '2026-05-25' AND status IN ('paid','partial')
    GROUP BY invoice_date
    ORDER BY invoice_date ASC
  
[2026-05-25T12:50:19.146Z] [DEBUG] 
    SELECT COALESCE(SUM(total_amount),0) AS total, COUNT(*) AS count
    FROM invoices WHERE invoice_date = '2026-05-25' AND status IN ('paid','partial')
  
[2026-05-25T12:50:19.148Z] [DEBUG] 
    SELECT COALESCE(SUM(b.quantity * b.purchase_price), 0) AS value
    FROM batches b JOIN medicines m ON m.id = b.medicine_id WHERE m.is_active = 1
  
[2026-05-25T12:50:19.150Z] [DEBUG] 
    SELECT COUNT(*) AS count FROM batches b
    JOIN medicines m ON m.id = b.medicine_id AND m.is_active = 1
    WHERE b.quantity > 0
      AND b.expiry_date BETWEEN '2026-05-25' AND '2026-06-24'
  
[2026-05-25T12:50:19.152Z] [DEBUG] 
    SELECT COALESCE(SUM(credit_used),0) AS total FROM customers
  
[2026-05-25T12:50:19.154Z] [DEBUG] 
    SELECT COUNT(*) AS count FROM batches WHERE quantity <= reorder_level AND quantity > 0
  
[2026-05-25T12:50:19.155Z] [DEBUG] 
    SELECT * FROM invoices ORDER BY created_at DESC LIMIT 10
  
[2026-05-25T12:50:19.156Z] [DEBUG] 
    SELECT invoice_date AS date, SUM(total_amount) AS revenue
    FROM invoices
    WHERE invoice_date BETWEEN '2026-05-18' AND '2026-05-25' AND status IN ('paid','partial')
    GROUP BY invoice_date
    ORDER BY invoice_date ASC
  
[2026-05-25T12:50:21.820Z] [DEBUG] 
    SELECT
      m.id, m.name, m.generic_name, m.hsn_code, m.gst_rate, m.unit, m.mrp,
      m.barcode, m.schedule,
      COALESCE(SUM(CASE WHEN b.expiry_date > '2026-05-25' AND b.quantity > 0 THEN b.quantity ELSE 0 END), 0) AS total_qty
    FROM medicines m
    LEFT JOIN batches b ON b.medicine_id = m.id
    WHERE m.is_active = 1
      AND (m.name LIKE '%%' OR m.generic_name LIKE '%%' OR m.barcode = '' OR m.hsn_code LIKE '%%')
    GROUP BY m.id
    HAVING total_qty > 0
    ORDER BY m.name
    LIMIT 50
  
[2026-05-25T12:50:21.823Z] [DEBUG] SELECT * FROM customers WHERE is_active=1 ORDER BY name
[2026-05-25T12:50:21.830Z] [DEBUG] 
    SELECT
      m.id, m.name, m.generic_name, m.hsn_code, m.gst_rate, m.unit, m.mrp,
      m.barcode, m.schedule,
      COALESCE(SUM(CASE WHEN b.expiry_date > '2026-05-25' AND b.quantity > 0 THEN b.quantity ELSE 0 END), 0) AS total_qty
    FROM medicines m
    LEFT JOIN batches b ON b.medicine_id = m.id
    WHERE m.is_active = 1
      AND (m.name LIKE '%%' OR m.generic_name LIKE '%%' OR m.barcode = '' OR m.hsn_code LIKE '%%')
    GROUP BY m.id
    HAVING total_qty > 0
    ORDER BY m.name
    LIMIT 50
  
[2026-05-25T12:50:21.833Z] [DEBUG] SELECT * FROM customers WHERE is_active=1 ORDER BY name
[2026-05-25T12:50:31.048Z] [DEBUG] SELECT * FROM medicines WHERE id = 4.0
[2026-05-25T12:50:31.051Z] [DEBUG] 
    SELECT b.id as batch_id, b.batch_number, b.expiry_date, b.quantity
    FROM batches b
    WHERE b.medicine_id = 4.0
      AND b.quantity > 0
      AND b.expiry_date > '2026-05-25'
    ORDER BY b.expiry_date ASC, b.id ASC
  
[2026-05-25T12:50:31.053Z] [DEBUG] SELECT value FROM settings WHERE key='invoice_prefix'
[2026-05-25T12:50:31.054Z] [DEBUG] SELECT invoice_number FROM invoices WHERE invoice_number LIKE 'INV%' ORDER BY id DESC LIMIT 1
[2026-05-25T12:50:31.056Z] [DEBUG] BEGIN
[2026-05-25T12:50:31.057Z] [DEBUG] 
      INSERT INTO invoices
        (invoice_number, customer_id, customer_name, customer_gstin,
         customer_state_code, supply_type, invoice_date, due_date,
         subtotal, discount_amount, taxable_amount,
         cgst_amount, sgst_amount, igst_amount, total_gst,
         round_off, total_amount, paid_amount, payment_method, status,
         notes, created_by)
      VALUES ('INV00001',1.0,'Kumar',NULL,'33','intrastate','2026-05-25',NULL,60.0,0.0,60.0,3.6,3.6,0.0,7.2,-0.2,67.0,67.0,'cash','paid',NULL,1.0)
    
[2026-05-25T12:50:31.060Z] [DEBUG] 
        INSERT INTO invoice_items
          (invoice_id, medicine_id, medicine_name, batch_id, batch_number,
           hsn_code, quantity, unit, mrp, unit_price, discount_pct,
           taxable_amount, gst_rate, cgst_rate, sgst_rate, igst_rate,
           cgst_amount, sgst_amount, igst_amount, total_amount)
        VALUES (1.0,4.0,'Fever Tablet',3.0,'234','1234',5.0,'tablet',12.0,12.0,0.0,60.0,12.0,6.0,6.0,0.0,3.6,3.6,0.0,67.2)
      
[2026-05-25T12:50:31.062Z] [DEBUG] 
    SELECT quantity FROM batches WHERE id = 3.0
  
[2026-05-25T12:50:31.063Z] [DEBUG] UPDATE batches SET quantity = 595.0, updated_at = datetime('now','localtime') WHERE id = 3.0
[2026-05-25T12:50:31.064Z] [DEBUG] 
    INSERT INTO stock_movements
      (batch_id, medicine_id, movement_type, quantity, balance_after,
       reference_type, reference_id, reference_number, remarks, created_by)
    VALUES (3.0,4.0,'sale',-5.0,595.0,'invoice',1.0,'INV00001',NULL,1.0)
  
[2026-05-25T12:50:31.065Z] [DEBUG] 
    SELECT balance FROM ledger_entries
    WHERE entity_type = 'customer' AND entity_id = 1.0
    ORDER BY id DESC LIMIT 1
  
[2026-05-25T12:50:31.066Z] [DEBUG] 
    INSERT INTO ledger_entries
      (entity_type, entity_id, entry_date, reference_type, reference_id,
       reference_number, debit, credit, balance, narration)
    VALUES ('customer',1.0,'2026-05-25','invoice',1.0,'INV00001',0.0,67.0,-67.0,'Invoice INV00001 - cash payment')
  
[2026-05-25T12:50:31.067Z] [DEBUG] COMMIT
[2026-05-25T12:50:31.069Z] [DEBUG] SELECT * FROM invoices WHERE id = 1.0
[2026-05-25T12:50:31.070Z] [DEBUG] SELECT * FROM invoice_items WHERE invoice_id = 1.0
[2026-05-25T12:50:31.075Z] [DEBUG] SELECT * FROM invoices WHERE id = 1.0
[2026-05-25T12:50:31.076Z] [DEBUG] SELECT * FROM invoice_items WHERE invoice_id = 1.0
[2026-05-25T12:50:31.077Z] [DEBUG] SELECT key, value FROM settings
[2026-05-25T12:50:31.084Z] [DEBUG] 
    SELECT
      m.id, m.name, m.generic_name, m.hsn_code, m.gst_rate, m.unit, m.mrp,
      m.barcode, m.schedule,
      COALESCE(SUM(CASE WHEN b.expiry_date > '2026-05-25' AND b.quantity > 0 THEN b.quantity ELSE 0 END), 0) AS total_qty
    FROM medicines m
    LEFT JOIN batches b ON b.medicine_id = m.id
    WHERE m.is_active = 1
      AND (m.name LIKE '%%' OR m.generic_name LIKE '%%' OR m.barcode = '' OR m.hsn_code LIKE '%%')
    GROUP BY m.id
    HAVING total_qty > 0
    ORDER BY m.name
    LIMIT 50
  
[2026-05-25T12:50:57.289Z] [DEBUG] SELECT * FROM medicines WHERE id = 1.0
[2026-05-25T12:50:57.292Z] [DEBUG] 
    SELECT b.id as batch_id, b.batch_number, b.expiry_date, b.quantity
    FROM batches b
    WHERE b.medicine_id = 1.0
      AND b.quantity > 0
      AND b.expiry_date > '2026-05-25'
    ORDER BY b.expiry_date ASC, b.id ASC
  
[2026-05-25T12:50:57.294Z] [DEBUG] SELECT value FROM settings WHERE key='invoice_prefix'
[2026-05-25T12:50:57.295Z] [DEBUG] SELECT invoice_number FROM invoices WHERE invoice_number LIKE 'INV%' ORDER BY id DESC LIMIT 1
[2026-05-25T12:50:57.296Z] [DEBUG] BEGIN
[2026-05-25T12:50:57.299Z] [DEBUG] 
      INSERT INTO invoices
        (invoice_number, customer_id, customer_name, customer_gstin,
         customer_state_code, supply_type, invoice_date, due_date,
         subtotal, discount_amount, taxable_amount,
         cgst_amount, sgst_amount, igst_amount, total_gst,
         round_off, total_amount, paid_amount, payment_method, status,
         notes, created_by)
      VALUES ('INV00002',3.0,'Prabhu',NULL,'33','intrastate','2026-05-25',NULL,40.0,0.0,40.0,1.0,1.0,0.0,2.0,0.0,42.0,42.0,'card','paid',NULL,1.0)
    
[2026-05-25T12:50:57.300Z] [DEBUG] 
        INSERT INTO invoice_items
          (invoice_id, medicine_id, medicine_name, batch_id, batch_number,
           hsn_code, quantity, unit, mrp, unit_price, discount_pct,
           taxable_amount, gst_rate, cgst_rate, sgst_rate, igst_rate,
           cgst_amount, sgst_amount, igst_amount, total_amount)
        VALUES (2.0,1.0,'Paracitamal',1.0,'88','3004',4.0,'tablet',10.0,10.0,0.0,40.0,5.0,2.5,2.5,0.0,1.0,1.0,0.0,42.0)
      
[2026-05-25T12:50:57.302Z] [DEBUG] 
    SELECT quantity FROM batches WHERE id = 1.0
  
[2026-05-25T12:50:57.303Z] [DEBUG] UPDATE batches SET quantity = 496.0, updated_at = datetime('now','localtime') WHERE id = 1.0
[2026-05-25T12:50:57.304Z] [DEBUG] 
    INSERT INTO stock_movements
      (batch_id, medicine_id, movement_type, quantity, balance_after,
       reference_type, reference_id, reference_number, remarks, created_by)
    VALUES (1.0,1.0,'sale',-4.0,496.0,'invoice',2.0,'INV00002',NULL,1.0)
  
[2026-05-25T12:50:57.305Z] [DEBUG] 
    SELECT balance FROM ledger_entries
    WHERE entity_type = 'customer' AND entity_id = 3.0
    ORDER BY id DESC LIMIT 1
  
[2026-05-25T12:50:57.307Z] [DEBUG] 
    INSERT INTO ledger_entries
      (entity_type, entity_id, entry_date, reference_type, reference_id,
       reference_number, debit, credit, balance, narration)
    VALUES ('customer',3.0,'2026-05-25','invoice',2.0,'INV00002',0.0,42.0,-42.0,'Invoice INV00002 - card payment')
  
[2026-05-25T12:50:57.309Z] [DEBUG] COMMIT
[2026-05-25T12:50:57.310Z] [DEBUG] SELECT * FROM invoices WHERE id = 2.0
[2026-05-25T12:50:57.311Z] [DEBUG] SELECT * FROM invoice_items WHERE invoice_id = 2.0
[2026-05-25T12:50:57.314Z] [DEBUG] 
    SELECT
      m.id, m.name, m.generic_name, m.hsn_code, m.gst_rate, m.unit, m.mrp,
      m.barcode, m.schedule,
      COALESCE(SUM(CASE WHEN b.expiry_date > '2026-05-25' AND b.quantity > 0 THEN b.quantity ELSE 0 END), 0) AS total_qty
    FROM medicines m
    LEFT JOIN batches b ON b.medicine_id = m.id
    WHERE m.is_active = 1
      AND (m.name LIKE '%%' OR m.generic_name LIKE '%%' OR m.barcode = '' OR m.hsn_code LIKE '%%')
    GROUP BY m.id
    HAVING total_qty > 0
    ORDER BY m.name
    LIMIT 50
  
[2026-05-25T13:01:30.353Z] [INFO] Opening database at: C:\Users\surya\AppData\Roaming\pharma-vault\medileader.db
[2026-05-25T13:01:30.393Z] [DEBUG] PRAGMA journal_mode = WAL
[2026-05-25T13:01:30.394Z] [DEBUG] PRAGMA foreign_keys = ON
[2026-05-25T13:01:30.395Z] [DEBUG] PRAGMA synchronous = NORMAL
[2026-05-25T13:01:30.397Z] [DEBUG] PRAGMA temp_store = MEMORY
[2026-05-25T13:01:30.398Z] [DEBUG] PRAGMA mmap_size = 268435456
[2026-05-25T13:01:30.398Z] [DEBUG] PRAGMA cache_size = -32000
[2026-05-25T13:01:30.400Z] [DEBUG] PRAGMA journal_mode = WAL;
[2026-05-25T13:01:30.401Z] [DEBUG] PRAGMA foreign_keys = ON;
[2026-05-25T13:01:30.403Z] [DEBUG] PRAGMA synchronous = NORMAL;
[2026-05-25T13:01:30.403Z] [DEBUG] PRAGMA temp_store = MEMORY;
[2026-05-25T13:01:30.405Z] [DEBUG] CREATE TABLE IF NOT EXISTS schema_migrations (
      id INTEGER PRIMARY KEY AUTOINCREMENT,
      version TEXT NOT NULL UNIQUE,
      applied_at TEXT NOT NULL DEFAULT (datetime('now','localtime'))
    );
[2026-05-25T13:01:30.406Z] [DEBUG] CREATE TABLE IF NOT EXISTS users (
      id INTEGER PRIMARY KEY AUTOINCREMENT,
      email TEXT NOT NULL UNIQUE COLLATE NOCASE,
      name TEXT NOT NULL DEFAULT '',
      password_hash TEXT NOT NULL,
      role TEXT NOT NULL DEFAULT 'cashier' CHECK(role IN ('admin','manager','cashier')),
      phone TEXT,
      is_active INTEGER NOT NULL DEFAULT 1 CHECK(is_active IN (0,1)),
      created_at TEXT NOT NULL DEFAULT (datetime('now','localtime')),
      updated_at TEXT NOT NULL DEFAULT (datetime('now','localtime'))
    );
[2026-05-25T13:01:30.407Z] [DEBUG] CREATE TABLE IF NOT EXISTS medicines (
      id INTEGER PRIMARY KEY AUTOINCREMENT,
      name TEXT NOT NULL,
      generic_name TEXT,
      hsn_code TEXT NOT NULL DEFAULT '',
      gst_rate REAL NOT NULL DEFAULT 12 CHECK(gst_rate IN (0,5,12,18)),
      unit TEXT NOT NULL DEFAULT 'strip',
      mrp REAL NOT NULL DEFAULT 0,
      cost REAL NOT NULL DEFAULT 0,
      barcode TEXT,
      manufacturer TEXT,
      schedule TEXT NOT NULL DEFAULT 'OTC' CHECK(schedule IN ('OTC','H','H1','X','G')),
      category TEXT,
      is_active INTEGER NOT NULL DEFAULT 1 CHECK(is_active IN (0,1)),
      sync_id TEXT UNIQUE,
      created_at TEXT NOT NULL DEFAULT (datetime('now','localtime')),
      updated_at TEXT NOT NULL DEFAULT (datetime('now','localtime'))
    );
[2026-05-25T13:01:30.409Z] [DEBUG] CREATE TABLE IF NOT EXISTS batches (
      id INTEGER PRIMARY KEY AUTOINCREMENT,
      medicine_id INTEGER NOT NULL REFERENCES medicines(id) ON DELETE RESTRICT,
      batch_number TEXT NOT NULL,
      expiry_date TEXT NOT NULL,
      purchase_price REAL NOT NULL DEFAULT 0,
      mrp REAL NOT NULL DEFAULT 0,
      quantity INTEGER NOT NULL DEFAULT 0 CHECK(quantity >= 0),
      reorder_level INTEGER NOT NULL DEFAULT 10,
      sync_id TEXT UNIQUE,
      created_at TEXT NOT NULL DEFAULT (datetime('now','localtime')),
      updated_at TEXT NOT NULL DEFAULT (datetime('now','localtime')),
      UNIQUE(medicine_id, batch_number)
    );
[2026-05-25T13:01:30.410Z] [DEBUG] CREATE TABLE IF NOT EXISTS stock_movements (
      id INTEGER PRIMARY KEY AUTOINCREMENT,
      batch_id INTEGER NOT NULL REFERENCES batches(id) ON DELETE RESTRICT,
      medicine_id INTEGER NOT NULL REFERENCES medicines(id) ON DELETE RESTRICT,
      movement_type TEXT NOT NULL,
      quantity INTEGER NOT NULL,
      balance_after INTEGER NOT NULL,
      reference_type TEXT,
      reference_id INTEGER,
      reference_number TEXT,
      remarks TEXT,
      created_by INTEGER NOT NULL REFERENCES users(id),
      created_at TEXT NOT NULL DEFAULT (datetime('now','localtime'))
    );
[2026-05-25T13:01:30.411Z] [DEBUG] CREATE TABLE IF NOT EXISTS customers (
      id INTEGER PRIMARY KEY AUTOINCREMENT,
      name TEXT NOT NULL,
      phone TEXT,
      email TEXT,
      address TEXT,
      city TEXT,
      state TEXT DEFAULT 'Tamil Nadu',
      state_code TEXT DEFAULT '33',
      gst_number TEXT,
      credit_limit REAL NOT NULL DEFAULT 0,
      credit_used REAL NOT NULL DEFAULT 0,
      is_active INTEGER NOT NULL DEFAULT 1 CHECK(is_active IN (0,1)),
      sync_id TEXT UNIQUE,
      created_at TEXT NOT NULL DEFAULT (datetime('now','localtime')),
      updated_at TEXT NOT NULL DEFAULT (datetime('now','localtime'))
    );
[2026-05-25T13:01:30.413Z] [DEBUG] CREATE TABLE IF NOT EXISTS suppliers (
      id INTEGER PRIMARY KEY AUTOINCREMENT,
      name TEXT NOT NULL,
      phone TEXT,
      email TEXT,
      address TEXT,
      city TEXT,
      state TEXT DEFAULT 'Tamil Nadu',
      state_code TEXT DEFAULT '33',
      gstin TEXT,
      dl_number TEXT,
      dl_expiry TEXT,
      credit_days INTEGER NOT NULL DEFAULT 30,
      outstanding REAL NOT NULL DEFAULT 0,
      is_active INTEGER NOT NULL DEFAULT 1 CHECK(is_active IN (0,1)),
      sync_id TEXT UNIQUE,
      created_at TEXT NOT NULL DEFAULT (datetime('now','localtime')),
      updated_at TEXT NOT NULL DEFAULT (datetime('now','localtime'))
    );
[2026-05-25T13:01:30.414Z] [DEBUG] CREATE TABLE IF NOT EXISTS invoices (
      id INTEGER PRIMARY KEY AUTOINCREMENT,
      invoice_number TEXT NOT NULL UNIQUE,
      customer_id INTEGER REFERENCES customers(id) ON DELETE SET NULL,
      customer_name TEXT NOT NULL DEFAULT 'Walk-in',
      customer_gstin TEXT,
      customer_state_code TEXT DEFAULT '33',
      supply_type TEXT NOT NULL DEFAULT 'intrastate',
      invoice_date TEXT NOT NULL,
      due_date TEXT,
      subtotal REAL NOT NULL DEFAULT 0,
      discount_amount REAL NOT NULL DEFAULT 0,
      taxable_amount REAL NOT NULL DEFAULT 0,
      cgst_amount REAL NOT NULL DEFAULT 0,
      sgst_amount REAL NOT NULL DEFAULT 0,
      igst_amount REAL NOT NULL DEFAULT 0,
      total_gst REAL NOT NULL DEFAULT 0,
      round_off REAL NOT NULL DEFAULT 0,
      total_amount REAL NOT NULL DEFAULT 0,
      paid_amount REAL NOT NULL DEFAULT 0,
      payment_method TEXT NOT NULL DEFAULT 'cash',
      status TEXT NOT NULL DEFAULT 'paid',
      notes TEXT,
      created_by INTEGER NOT NULL REFERENCES users(id),
      sync_id TEXT UNIQUE,
      created_at TEXT NOT NULL DEFAULT (datetime('now','localtime')),
      updated_at TEXT NOT NULL DEFAULT (datetime('now','localtime'))
    );
[2026-05-25T13:01:30.415Z] [DEBUG] CREATE TABLE IF NOT EXISTS invoice_items (
      id INTEGER PRIMARY KEY AUTOINCREMENT,
      invoice_id INTEGER NOT NULL REFERENCES invoices(id) ON DELETE CASCADE,
      medicine_id INTEGER NOT NULL REFERENCES medicines(id) ON DELETE RESTRICT,
      medicine_name TEXT NOT NULL,
      batch_id INTEGER NOT NULL REFERENCES batches(id) ON DELETE RESTRICT,
      batch_number TEXT NOT NULL,
      hsn_code TEXT NOT NULL DEFAULT '',
      quantity INTEGER NOT NULL,
      unit TEXT NOT NULL DEFAULT 'strip',
      mrp REAL NOT NULL DEFAULT 0,
      unit_price REAL NOT NULL,
      discount_pct REAL NOT NULL DEFAULT 0,
      taxable_amount REAL NOT NULL DEFAULT 0,
      gst_rate REAL NOT NULL DEFAULT 12,
      cgst_rate REAL NOT NULL DEFAULT 6,
      sgst_rate REAL NOT NULL DEFAULT 6,
      igst_rate REAL NOT NULL DEFAULT 0,
      cgst_amount REAL NOT NULL DEFAULT 0,
      sgst_amount REAL NOT NULL DEFAULT 0,
      igst_amount REAL NOT NULL DEFAULT 0,
      total_amount REAL NOT NULL DEFAULT 0
    );
[2026-05-25T13:01:30.417Z] [DEBUG] CREATE TABLE IF NOT EXISTS returns (
      id INTEGER PRIMARY KEY AUTOINCREMENT,
      return_number TEXT NOT NULL UNIQUE,
      invoice_id INTEGER REFERENCES invoices(id) ON DELETE SET NULL,
      invoice_number TEXT,
      customer_id INTEGER REFERENCES customers(id) ON DELETE SET NULL,
      customer_name TEXT NOT NULL DEFAULT 'Walk-in',
      return_type TEXT NOT NULL DEFAULT 'customer_return',
      return_date TEXT NOT NULL,
      taxable_amount REAL NOT NULL DEFAULT 0,
      cgst_amount REAL NOT NULL DEFAULT 0,
      sgst_amount REAL NOT NULL DEFAULT 0,
      igst_amount REAL NOT NULL DEFAULT 0,
      total_gst REAL NOT NULL DEFAULT 0,
      total_amount REAL NOT NULL DEFAULT 0,
      credit_note_issued INTEGER NOT NULL DEFAULT 0,
      notes TEXT,
      created_by INTEGER NOT NULL REFERENCES users(id),
      created_at TEXT NOT NULL DEFAULT (datetime('now','localtime')),
      updated_at TEXT NOT NULL DEFAULT (datetime('now','localtime'))
    );
[2026-05-25T13:01:30.418Z] [DEBUG] CREATE TABLE IF NOT EXISTS return_items (
      id INTEGER PRIMARY KEY AUTOINCREMENT,
      return_id INTEGER NOT NULL REFERENCES returns(id) ON DELETE CASCADE,
      invoice_item_id INTEGER REFERENCES invoice_items(id) ON DELETE SET NULL,
      medicine_id INTEGER NOT NULL REFERENCES medicines(id) ON DELETE RESTRICT,
      medicine_name TEXT NOT NULL,
      batch_id INTEGER NOT NULL REFERENCES batches(id) ON DELETE RESTRICT,
      batch_number TEXT NOT NULL,
      hsn_code TEXT NOT NULL DEFAULT '',
      quantity INTEGER NOT NULL,
      unit_price REAL NOT NULL,
      discount_pct REAL NOT NULL DEFAULT 0,
      taxable_amount REAL NOT NULL DEFAULT 0,
      gst_rate REAL NOT NULL DEFAULT 12,
      cgst_rate REAL NOT NULL DEFAULT 6,
      sgst_rate REAL NOT NULL DEFAULT 6,
      igst_rate REAL NOT NULL DEFAULT 0,
      cgst_amount REAL NOT NULL DEFAULT 0,
      sgst_amount REAL NOT NULL DEFAULT 0,
      igst_amount REAL NOT NULL DEFAULT 0,
      total_amount REAL NOT NULL DEFAULT 0,
      reason TEXT
    );
[2026-05-25T13:01:30.419Z] [DEBUG] CREATE TABLE IF NOT EXISTS purchase_orders (
      id INTEGER PRIMARY KEY AUTOINCREMENT,
      po_number TEXT NOT NULL UNIQUE,
      supplier_id INTEGER NOT NULL REFERENCES suppliers(id) ON DELETE RESTRICT,
      supplier_name TEXT NOT NULL,
      supply_type TEXT NOT NULL DEFAULT 'intrastate',
      order_date TEXT NOT NULL,
      expected_delivery TEXT,
      taxable_amount REAL NOT NULL DEFAULT 0,
      cgst_amount REAL NOT NULL DEFAULT 0,
      sgst_amount REAL NOT NULL DEFAULT 0,
      igst_amount REAL NOT NULL DEFAULT 0,
      total_amount REAL NOT NULL DEFAULT 0,
      status TEXT NOT NULL DEFAULT 'draft',
      notes TEXT,
      created_by INTEGER NOT NULL REFERENCES users(id),
      sync_id TEXT UNIQUE,
      created_at TEXT NOT NULL DEFAULT (datetime('now','localtime')),
      updated_at TEXT NOT NULL DEFAULT (datetime('now','localtime'))
    );
[2026-05-25T13:01:30.421Z] [DEBUG] CREATE TABLE IF NOT EXISTS po_items (
      id INTEGER PRIMARY KEY AUTOINCREMENT,
      po_id INTEGER NOT NULL REFERENCES purchase_orders(id) ON DELETE CASCADE,
      medicine_id INTEGER NOT NULL REFERENCES medicines(id) ON DELETE RESTRICT,
      medicine_name TEXT NOT NULL,
      hsn_code TEXT NOT NULL DEFAULT '',
      ordered_qty INTEGER NOT NULL DEFAULT 0,
      received_qty INTEGER NOT NULL DEFAULT 0,
      free_qty INTEGER NOT NULL DEFAULT 0,
      unit_price REAL NOT NULL DEFAULT 0,
      gst_rate REAL NOT NULL DEFAULT 12,
      taxable_amount REAL NOT NULL DEFAULT 0,
      cgst_amount REAL NOT NULL DEFAULT 0,
      sgst_amount REAL NOT NULL DEFAULT 0,
      igst_amount REAL NOT NULL DEFAULT 0,
      total_amount REAL NOT NULL DEFAULT 0
    );
[2026-05-25T13:01:30.423Z] [DEBUG] CREATE TABLE IF NOT EXISTS purchase_receipts (
      id INTEGER PRIMARY KEY AUTOINCREMENT,
      receipt_number TEXT NOT NULL UNIQUE,
      po_id INTEGER NOT NULL REFERENCES purchase_orders(id) ON DELETE RESTRICT,
      po_number TEXT NOT NULL,
      supplier_id INTEGER NOT NULL REFERENCES suppliers(id) ON DELETE RESTRICT,
      supplier_name TEXT NOT NULL,
      supplier_invoice_number TEXT,
      receipt_date TEXT NOT NULL,
      taxable_amount REAL NOT NULL DEFAULT 0,
      cgst_amount REAL NOT NULL DEFAULT 0,
      sgst_amount REAL NOT NULL DEFAULT 0,
      igst_amount REAL NOT NULL DEFAULT 0,
      total_amount REAL NOT NULL DEFAULT 0,
      notes TEXT,
      created_by INTEGER NOT NULL REFERENCES users(id),
      created_at TEXT NOT NULL DEFAULT (datetime('now','localtime'))
    );
[2026-05-25T13:01:30.425Z] [DEBUG] CREATE TABLE IF NOT EXISTS receipt_items (
      id INTEGER PRIMARY KEY AUTOINCREMENT,
      receipt_id INTEGER NOT NULL REFERENCES purchase_receipts(id) ON DELETE CASCADE,
      po_item_id INTEGER NOT NULL REFERENCES po_items(id) ON DELETE RESTRICT,
      medicine_id INTEGER NOT NULL REFERENCES medicines(id) ON DELETE RESTRICT,
      medicine_name TEXT NOT NULL,
      batch_number TEXT NOT NULL,
      expiry_date TEXT NOT NULL,
      ordered_qty INTEGER NOT NULL DEFAULT 0,
      received_qty INTEGER NOT NULL DEFAULT 0,
      free_qty INTEGER NOT NULL DEFAULT 0,
      unit_price REAL NOT NULL DEFAULT 0,
      gst_rate REAL NOT NULL DEFAULT 12,
      taxable_amount REAL NOT NULL DEFAULT 0,
      cgst_amount REAL NOT NULL DEFAULT 0,
      sgst_amount REAL NOT NULL DEFAULT 0,
      igst_amount REAL NOT NULL DEFAULT 0,
      total_amount REAL NOT NULL DEFAULT 0,
      reorder_level INTEGER NOT NULL DEFAULT 10
    );
[2026-05-25T13:01:30.427Z] [DEBUG] CREATE TABLE IF NOT EXISTS supplier_payments (
      id INTEGER PRIMARY KEY AUTOINCREMENT,
      supplier_id INTEGER NOT NULL REFERENCES suppliers(id) ON DELETE RESTRICT,
      supplier_name TEXT NOT NULL,
      payment_date TEXT NOT NULL,
      amount REAL NOT NULL,
      method TEXT NOT NULL DEFAULT 'cash',
      reference TEXT,
      notes TEXT,
      created_by INTEGER NOT NULL REFERENCES users(id),
      created_at TEXT NOT NULL DEFAULT (datetime('now','localtime'))
    );
[2026-05-25T13:01:30.428Z] [DEBUG] CREATE TABLE IF NOT EXISTS customer_payments (
      id INTEGER PRIMARY KEY AUTOINCREMENT,
      customer_id INTEGER NOT NULL REFERENCES customers(id) ON DELETE RESTRICT,
      customer_name TEXT NOT NULL,
      invoice_id INTEGER REFERENCES invoices(id) ON DELETE SET NULL,
      payment_date TEXT NOT NULL,
      amount REAL NOT NULL,
      method TEXT NOT NULL DEFAULT 'cash',
      reference TEXT,
      notes TEXT,
      created_by INTEGER NOT NULL REFERENCES users(id),
      created_at TEXT NOT NULL DEFAULT (datetime('now','localtime'))
    );
[2026-05-25T13:01:30.430Z] [DEBUG] CREATE TABLE IF NOT EXISTS ledger_entries (
      id INTEGER PRIMARY KEY AUTOINCREMENT,
      entity_type TEXT NOT NULL CHECK(entity_type IN ('customer','supplier')),
      entity_id INTEGER NOT NULL,
      entry_date TEXT NOT NULL,
      reference_type TEXT NOT NULL,
      reference_id INTEGER NOT NULL,
      reference_number TEXT NOT NULL,
      debit REAL NOT NULL DEFAULT 0,
      credit REAL NOT NULL DEFAULT 0,
      balance REAL NOT NULL DEFAULT 0,
      narration TEXT NOT NULL DEFAULT '',
      created_at TEXT NOT NULL DEFAULT (datetime('now','localtime'))
    );
[2026-05-25T13:01:30.431Z] [DEBUG] CREATE TABLE IF NOT EXISTS gst_returns (
      id INTEGER PRIMARY KEY AUTOINCREMENT,
      return_type TEXT NOT NULL CHECK(return_type IN ('GSTR1','GSTR3B')),
      period TEXT NOT NULL,
      filed_at TEXT,
      data_json TEXT NOT NULL,
      status TEXT NOT NULL DEFAULT 'draft',
      created_by INTEGER NOT NULL REFERENCES users(id),
      created_at TEXT NOT NULL DEFAULT (datetime('now','localtime'))
    );
[2026-05-25T13:01:30.432Z] [DEBUG] CREATE TABLE IF NOT EXISTS settings (
      key TEXT NOT NULL PRIMARY KEY,
      value TEXT NOT NULL DEFAULT '',
      updated_at TEXT NOT NULL DEFAULT (datetime('now','localtime'))
    );
[2026-05-25T13:01:30.434Z] [DEBUG] CREATE TABLE IF NOT EXISTS sync_conflicts (
      id INTEGER PRIMARY KEY AUTOINCREMENT,
      entity_type TEXT NOT NULL,
      sync_id TEXT NOT NULL,
      local_data TEXT,
      remote_data TEXT,
      resolved INTEGER NOT NULL DEFAULT 0,
      created_at TEXT NOT NULL DEFAULT (datetime('now','localtime'))
    );
[2026-05-25T13:01:30.435Z] [DEBUG] CREATE TABLE IF NOT EXISTS audit_logs (
      id INTEGER PRIMARY KEY AUTOINCREMENT,
      table_name TEXT NOT NULL,
      record_id INTEGER NOT NULL,
      action TEXT NOT NULL CHECK(action IN ('INSERT','UPDATE','DELETE')),
      old_values TEXT,
      new_values TEXT,
      user_id INTEGER NOT NULL REFERENCES users(id),
      user_email TEXT NOT NULL,
      created_at TEXT NOT NULL DEFAULT (datetime('now','localtime'))
    );
[2026-05-25T13:01:30.436Z] [DEBUG] CREATE INDEX IF NOT EXISTS idx_medicines_name      ON medicines(name);
[2026-05-25T13:01:30.437Z] [DEBUG] CREATE INDEX IF NOT EXISTS idx_medicines_barcode   ON medicines(barcode);
[2026-05-25T13:01:30.439Z] [DEBUG] CREATE INDEX IF NOT EXISTS idx_batches_medicine    ON batches(medicine_id);
[2026-05-25T13:01:30.440Z] [DEBUG] CREATE INDEX IF NOT EXISTS idx_batches_expiry      ON batches(expiry_date);
[2026-05-25T13:01:30.441Z] [DEBUG] CREATE INDEX IF NOT EXISTS idx_invoices_date       ON invoices(invoice_date);
[2026-05-25T13:01:30.442Z] [DEBUG] CREATE INDEX IF NOT EXISTS idx_invoices_customer   ON invoices(customer_id);
[2026-05-25T13:01:30.443Z] [DEBUG] CREATE INDEX IF NOT EXISTS idx_inv_items_invoice   ON invoice_items(invoice_id);
[2026-05-25T13:01:30.444Z] [DEBUG] CREATE INDEX IF NOT EXISTS idx_returns_invoice     ON returns(invoice_id);
[2026-05-25T13:01:30.444Z] [DEBUG] CREATE INDEX IF NOT EXISTS idx_ledger_entity       ON ledger_entries(entity_type, entity_id);
[2026-05-25T13:01:30.446Z] [DEBUG] CREATE INDEX IF NOT EXISTS idx_stock_movements_batch ON stock_movements(batch_id);
[2026-05-25T13:01:30.447Z] [DEBUG] CREATE INDEX IF NOT EXISTS idx_audit_table         ON audit_logs(table_name, record_id);
[2026-05-25T13:01:30.448Z] [INFO] Embedded schema applied
[2026-05-25T13:01:30.449Z] [DEBUG] SELECT id FROM schema_migrations WHERE version = '001_initial_settings'
[2026-05-25T13:01:30.451Z] [DEBUG] SELECT id FROM schema_migrations WHERE version = '002_soft_delete_medicines'
[2026-05-25T13:01:30.452Z] [DEBUG] SELECT id FROM schema_migrations WHERE version = '003_supplier_outstanding_index'
[2026-05-25T13:01:30.453Z] [DEBUG] SELECT id FROM schema_migrations WHERE version = '004_import_sessions'
[2026-05-25T13:01:30.455Z] [INFO] Database ready
[2026-05-25T13:01:30.458Z] [INFO] All IPC handlers registered
[2026-05-25T13:01:30.571Z] [DEBUG] SELECT value FROM settings WHERE key = 'sync_interval'
[2026-05-25T13:01:30.572Z] [INFO] MediLeader started
[2026-05-25T13:01:32.451Z] [ERROR] IPC auth:decrypt: require is not defined
[2026-05-25T13:01:32.619Z] [DEBUG] SELECT id FROM users WHERE role='admin' LIMIT 1
[2026-05-25T13:01:32.713Z] [DEBUG] SELECT id FROM users WHERE role='admin' LIMIT 1
